[0.000000] (-) TimerEvent: {}
[0.000157] (bopt_controller) JobQueued: {'identifier': 'bopt_controller', 'dependencies': OrderedDict()}
[0.000175] (bopt_description) JobQueued: {'identifier': 'bopt_description', 'dependencies': OrderedDict()}
[0.000299] (bopt_controller) JobStarted: {'identifier': 'bopt_controller'}
[0.003270] (bopt_description) JobStarted: {'identifier': 'bopt_description'}
[0.099911] (-) TimerEvent: {}
[0.101428] (bopt_description) JobProgress: {'identifier': 'bopt_description', 'progress': 'cmake'}
[0.101593] (bopt_description) JobProgress: {'identifier': 'bopt_description', 'progress': 'build'}
[0.101944] (bopt_description) Command: {'cmd': ['/usr/bin/cmake', '--build', '/home/jkw/bopt_ws/build/bopt_description', '--', '-j32', '-l32'], 'cwd': '/home/jkw/bopt_ws/build/bopt_description', 'env': OrderedDict([('PYENV_VIRTUALENV_INIT', '1'), ('GJS_DEBUG_TOPICS', 'JS ERROR;JS LOG'), ('PYTHON_BASIC_REPL', '1'), ('LESSOPEN', '| /usr/bin/lesspipe %s'), ('LANGUAGE', 'en_IN:en'), ('USER', 'jkw'), ('XDG_SESSION_TYPE', 'x11'), ('GIT_ASKPASS', '/home/jkw/Downloads/Antigravity IDE/resources/app/extensions/git/dist/askpass.sh'), ('SHLVL', '2'), ('LD_LIBRARY_PATH', '/usr/lib/x86_64-linux-gnu/gazebo-11/plugins:/opt/ros/humble/opt/rviz_ogre_vendor/lib:/opt/ros/humble/lib/x86_64-linux-gnu:/opt/ros/humble/lib'), ('ANTIGRAVITY_CLI_ALIAS', 'agy-ide'), ('HOME', '/home/jkw'), ('CHROME_DESKTOP', 'antigravity-ide.desktop'), ('OLDPWD', '/home/jkw/Downloads'), ('TERM_PROGRAM_VERSION', '1.107.0'), ('DESKTOP_SESSION', 'ubuntu'), ('PYENV_SHELL', 'bash'), ('GIO_LAUNCHED_DESKTOP_FILE', '/usr/share/applications/terminator.desktop'), ('ROS_PYTHON_VERSION', '3'), ('GNOME_SHELL_SESSION_MODE', 'ubuntu'), ('GTK_MODULES', 'gail:atk-bridge'), ('VSCODE_GIT_ASKPASS_MAIN', '/home/jkw/Downloads/Antigravity IDE/resources/app/extensions/git/dist/askpass-main.js'), ('VSCODE_GIT_ASKPASS_NODE', '/home/jkw/Downloads/Antigravity IDE/antigravity-ide'), ('MANAGERPID', '2086'), ('PYDEVD_DISABLE_FILE_VALIDATION', '1'), ('SYSTEMD_EXEC_PID', '2347'), ('BUNDLED_DEBUGPY_PATH', '/home/jkw/.antigravity-ide/extensions/ms-python.debugpy-2026.6.0-linux-x64/bundled/libs/debugpy'), ('VSCODE_PYTHON_AUTOACTIVATE_GUARD', '1'), ('DBUS_SESSION_BUS_ADDRESS', 'unix:path=/run/user/1000/bus'), ('COLORTERM', 'truecolor'), ('TERMINATOR_DBUS_NAME', 'net.tenshu.Terminator23558193cd9818af7fe4d2c2f5bd9d00f'), ('GIO_LAUNCHED_DESKTOP_FILE_PID', '11014'), ('COLCON_PREFIX_PATH', '/home/jkw/bopt_ws/install'), ('ROS_DISTRO', 'humble'), ('GTK_IM_MODULE', 'ibus'), ('LOGNAME', 'jkw'), ('JOURNAL_STREAM', '8:19756'), ('_', '/usr/bin/colcon'), ('ROS_VERSION', '2'), ('XDG_SESSION_CLASS', 'user'), ('USERNAME', 'jkw'), ('TERM', 'xterm-256color'), ('GNOME_DESKTOP_SESSION_ID', 'this-is-deprecated'), ('FC_FONTATIONS', '1'), ('ROS_LOCALHOST_ONLY', '0'), ('WINDOWPATH', '2'), ('PATH', '/home/jkw/.local/bin:/home/jkw/.pyenv/plugins/pyenv-virtualenv/shims:/home/jkw/.pyenv/shims:/home/jkw/.pyenv/bin:/home/jkw/.local/kitty.app/bin:/home/jkw/.local/bin:/home/jkw/.local/bin:/home/jkw/.local/bin:/home/jkw/.pyenv/plugins/pyenv-virtualenv/shims:/home/jkw/.pyenv/bin:/home/jkw/.local/kitty.app/bin:/home/jkw/.local/bin:/home/jkw/.pyenv/plugins/pyenv-virtualenv/shims:/home/jkw/.pyenv/bin:/home/jkw/.local/kitty.app/bin:/opt/ros/humble/bin:/home/jkw/.local/bin:/home/jkw/.local/bin:/usr/local/sbin:/usr/local/bin:/usr/sbin:/usr/bin:/sbin:/bin:/usr/games:/usr/local/games:/snap/bin:/snap/bin:/home/jkw/.antigravity-ide/extensions/ms-python.debugpy-2026.6.0-linux-x64/bundled/scripts/noConfigScripts'), ('SESSION_MANAGER', 'local/jkw-MS-7E59:@/tmp/.ICE-unix/2328,unix/jkw-MS-7E59:/tmp/.ICE-unix/2328'), ('INVOCATION_ID', '0d2690ebc2fe4021a28edc458181117b'), ('XDG_MENU_PREFIX', 'gnome-'), ('XDG_RUNTIME_DIR', '/run/user/1000'), ('GDK_BACKEND', 'x11'), ('DISPLAY', ':1'), ('VSCODE_DEBUGPY_ADAPTER_ENDPOINTS', '/home/jkw/.antigravity-ide/extensions/ms-python.debugpy-2026.6.0-linux-x64/.noConfigDebugAdapterEndpoints/endpoint-cb60908d1216bfbb.txt'), ('TERMINATOR_DBUS_PATH', '/net/tenshu/Terminator2'), ('LANG', 'en_US.UTF-8'), ('XDG_CURRENT_DESKTOP', 'ubuntu:GNOME'), ('PYTHONSTARTUP', '/home/jkw/.config/Antigravity IDE/User/workspaceStorage/41f3336bc77ddcef4ec35eb017ffa178/ms-python.python/pythonrc.py'), ('IBUS_DISABLE_SNOOPER', '1'), ('XMODIFIERS', '@im=ibus'), ('XDG_SESSION_DESKTOP', 'ubuntu'), ('XAUTHORITY', '/run/user/1000/gdm/Xauthority'), ('LS_COLORS', 'rs=0:di=01;34:ln=01;36:mh=00:pi=40;33:so=01;35:do=01;35:bd=40;33;01:cd=40;33;01:or=40;31;01:mi=00:su=37;41:sg=30;43:ca=30;41:tw=30;42:ow=34;42:st=37;44:ex=01;32:*.tar=01;31:*.tgz=01;31:*.arc=01;31:*.arj=01;31:*.taz=01;31:*.lha=01;31:*.lz4=01;31:*.lzh=01;31:*.lzma=01;31:*.tlz=01;31:*.txz=01;31:*.tzo=01;31:*.t7z=01;31:*.zip=01;31:*.z=01;31:*.dz=01;31:*.gz=01;31:*.lrz=01;31:*.lz=01;31:*.lzo=01;31:*.xz=01;31:*.zst=01;31:*.tzst=01;31:*.bz2=01;31:*.bz=01;31:*.tbz=01;31:*.tbz2=01;31:*.tz=01;31:*.deb=01;31:*.rpm=01;31:*.jar=01;31:*.war=01;31:*.ear=01;31:*.sar=01;31:*.rar=01;31:*.alz=01;31:*.ace=01;31:*.zoo=01;31:*.cpio=01;31:*.7z=01;31:*.rz=01;31:*.cab=01;31:*.wim=01;31:*.swm=01;31:*.dwm=01;31:*.esd=01;31:*.jpg=01;35:*.jpeg=01;35:*.mjpg=01;35:*.mjpeg=01;35:*.gif=01;35:*.bmp=01;35:*.pbm=01;35:*.pgm=01;35:*.ppm=01;35:*.tga=01;35:*.xbm=01;35:*.xpm=01;35:*.tif=01;35:*.tiff=01;35:*.png=01;35:*.svg=01;35:*.svgz=01;35:*.mng=01;35:*.pcx=01;35:*.mov=01;35:*.mpg=01;35:*.mpeg=01;35:*.m2v=01;35:*.mkv=01;35:*.webm=01;35:*.webp=01;35:*.ogm=01;35:*.mp4=01;35:*.m4v=01;35:*.mp4v=01;35:*.vob=01;35:*.qt=01;35:*.nuv=01;35:*.wmv=01;35:*.asf=01;35:*.rm=01;35:*.rmvb=01;35:*.flc=01;35:*.avi=01;35:*.fli=01;35:*.flv=01;35:*.gl=01;35:*.dl=01;35:*.xcf=01;35:*.xwd=01;35:*.yuv=01;35:*.cgm=01;35:*.emf=01;35:*.ogv=01;35:*.ogx=01;35:*.aac=00;36:*.au=00;36:*.flac=00;36:*.m4a=00;36:*.mid=00;36:*.midi=00;36:*.mka=00;36:*.mp3=00;36:*.mpc=00;36:*.ogg=00;36:*.ra=00;36:*.wav=00;36:*.oga=00;36:*.opus=00;36:*.spx=00;36:*.xspf=00;36:'), ('VSCODE_GIT_IPC_HANDLE', '/run/user/1000/vscode-git-2b1d280fd0.sock'), ('TERM_PROGRAM', 'vscode'), ('SSH_AGENT_LAUNCHER', 'gnome-keyring'), ('SSH_AUTH_SOCK', '/run/user/1000/keyring/ssh'), ('AMENT_PREFIX_PATH', '/home/jkw/bopt_ws/install/bopt_description:/home/jkw/bopt_ws/install/bopt_controller:/opt/ros/humble'), ('SHELL', '/bin/bash'), ('TERMINATOR_UUID', 'urn:uuid:1a38befa-d785-41b4-8b2b-c56d1ecd8e53'), ('QT_ACCESSIBILITY', '1'), ('GDMSESSION', 'ubuntu'), ('LESSCLOSE', '/usr/bin/lesspipe %s %s'), ('GPG_AGENT_INFO', '/run/user/1000/gnupg/S.gpg-agent:0:1'), ('GJS_DEBUG_OUTPUT', 'stderr'), ('VSCODE_GIT_ASKPASS_EXTRA_ARGS', ''), ('QT_IM_MODULE', 'ibus'), ('PWD', '/home/jkw/bopt_ws/build/bopt_description'), ('LC_ALL', 'en_US.UTF-8'), ('XDG_CONFIG_DIRS', '/etc/xdg/xdg-ubuntu:/etc/xdg'), ('PYENV_ROOT', '/home/jkw/.pyenv'), ('XDG_DATA_DIRS', '/usr/share/ubuntu:/usr/share/gnome:/usr/local/share/:/usr/share/:/var/lib/snapd/desktop'), ('PYTHONPATH', '/home/jkw/bopt_ws/install/bopt_controller/lib/python3.10/site-packages:/opt/ros/humble/lib/python3.10/site-packages:/opt/ros/humble/local/lib/python3.10/dist-packages'), ('COLCON', '1'), ('VTE_VERSION', '6800'), ('CMAKE_PREFIX_PATH', '/home/jkw/bopt_ws/install/bopt_description:/home/jkw/bopt_ws/install/bopt_controller:/opt/ros/humble')]), 'shell': False}
[0.118886] (bopt_description) CommandEnded: {'returncode': 0}
[0.119200] (bopt_description) JobProgress: {'identifier': 'bopt_description', 'progress': 'install'}
[0.122748] (bopt_description) Command: {'cmd': ['/usr/bin/cmake', '--install', '/home/jkw/bopt_ws/build/bopt_description'], 'cwd': '/home/jkw/bopt_ws/build/bopt_description', 'env': OrderedDict([('PYENV_VIRTUALENV_INIT', '1'), ('GJS_DEBUG_TOPICS', 'JS ERROR;JS LOG'), ('PYTHON_BASIC_REPL', '1'), ('LESSOPEN', '| /usr/bin/lesspipe %s'), ('LANGUAGE', 'en_IN:en'), ('USER', 'jkw'), ('XDG_SESSION_TYPE', 'x11'), ('GIT_ASKPASS', '/home/jkw/Downloads/Antigravity IDE/resources/app/extensions/git/dist/askpass.sh'), ('SHLVL', '2'), ('LD_LIBRARY_PATH', '/usr/lib/x86_64-linux-gnu/gazebo-11/plugins:/opt/ros/humble/opt/rviz_ogre_vendor/lib:/opt/ros/humble/lib/x86_64-linux-gnu:/opt/ros/humble/lib'), ('ANTIGRAVITY_CLI_ALIAS', 'agy-ide'), ('HOME', '/home/jkw'), ('CHROME_DESKTOP', 'antigravity-ide.desktop'), ('OLDPWD', '/home/jkw/Downloads'), ('TERM_PROGRAM_VERSION', '1.107.0'), ('DESKTOP_SESSION', 'ubuntu'), ('PYENV_SHELL', 'bash'), ('GIO_LAUNCHED_DESKTOP_FILE', '/usr/share/applications/terminator.desktop'), ('ROS_PYTHON_VERSION', '3'), ('GNOME_SHELL_SESSION_MODE', 'ubuntu'), ('GTK_MODULES', 'gail:atk-bridge'), ('VSCODE_GIT_ASKPASS_MAIN', '/home/jkw/Downloads/Antigravity IDE/resources/app/extensions/git/dist/askpass-main.js'), ('VSCODE_GIT_ASKPASS_NODE', '/home/jkw/Downloads/Antigravity IDE/antigravity-ide'), ('MANAGERPID', '2086'), ('PYDEVD_DISABLE_FILE_VALIDATION', '1'), ('SYSTEMD_EXEC_PID', '2347'), ('BUNDLED_DEBUGPY_PATH', '/home/jkw/.antigravity-ide/extensions/ms-python.debugpy-2026.6.0-linux-x64/bundled/libs/debugpy'), ('VSCODE_PYTHON_AUTOACTIVATE_GUARD', '1'), ('DBUS_SESSION_BUS_ADDRESS', 'unix:path=/run/user/1000/bus'), ('COLORTERM', 'truecolor'), ('TERMINATOR_DBUS_NAME', 'net.tenshu.Terminator23558193cd9818af7fe4d2c2f5bd9d00f'), ('GIO_LAUNCHED_DESKTOP_FILE_PID', '11014'), ('COLCON_PREFIX_PATH', '/home/jkw/bopt_ws/install'), ('ROS_DISTRO', 'humble'), ('GTK_IM_MODULE', 'ibus'), ('LOGNAME', 'jkw'), ('JOURNAL_STREAM', '8:19756'), ('_', '/usr/bin/colcon'), ('ROS_VERSION', '2'), ('XDG_SESSION_CLASS', 'user'), ('USERNAME', 'jkw'), ('TERM', 'xterm-256color'), ('GNOME_DESKTOP_SESSION_ID', 'this-is-deprecated'), ('FC_FONTATIONS', '1'), ('ROS_LOCALHOST_ONLY', '0'), ('WINDOWPATH', '2'), ('PATH', '/home/jkw/.local/bin:/home/jkw/.pyenv/plugins/pyenv-virtualenv/shims:/home/jkw/.pyenv/shims:/home/jkw/.pyenv/bin:/home/jkw/.local/kitty.app/bin:/home/jkw/.local/bin:/home/jkw/.local/bin:/home/jkw/.local/bin:/home/jkw/.pyenv/plugins/pyenv-virtualenv/shims:/home/jkw/.pyenv/bin:/home/jkw/.local/kitty.app/bin:/home/jkw/.local/bin:/home/jkw/.pyenv/plugins/pyenv-virtualenv/shims:/home/jkw/.pyenv/bin:/home/jkw/.local/kitty.app/bin:/opt/ros/humble/bin:/home/jkw/.local/bin:/home/jkw/.local/bin:/usr/local/sbin:/usr/local/bin:/usr/sbin:/usr/bin:/sbin:/bin:/usr/games:/usr/local/games:/snap/bin:/snap/bin:/home/jkw/.antigravity-ide/extensions/ms-python.debugpy-2026.6.0-linux-x64/bundled/scripts/noConfigScripts'), ('SESSION_MANAGER', 'local/jkw-MS-7E59:@/tmp/.ICE-unix/2328,unix/jkw-MS-7E59:/tmp/.ICE-unix/2328'), ('INVOCATION_ID', '0d2690ebc2fe4021a28edc458181117b'), ('XDG_MENU_PREFIX', 'gnome-'), ('XDG_RUNTIME_DIR', '/run/user/1000'), ('GDK_BACKEND', 'x11'), ('DISPLAY', ':1'), ('VSCODE_DEBUGPY_ADAPTER_ENDPOINTS', '/home/jkw/.antigravity-ide/extensions/ms-python.debugpy-2026.6.0-linux-x64/.noConfigDebugAdapterEndpoints/endpoint-cb60908d1216bfbb.txt'), ('TERMINATOR_DBUS_PATH', '/net/tenshu/Terminator2'), ('LANG', 'en_US.UTF-8'), ('XDG_CURRENT_DESKTOP', 'ubuntu:GNOME'), ('PYTHONSTARTUP', '/home/jkw/.config/Antigravity IDE/User/workspaceStorage/41f3336bc77ddcef4ec35eb017ffa178/ms-python.python/pythonrc.py'), ('IBUS_DISABLE_SNOOPER', '1'), ('XMODIFIERS', '@im=ibus'), ('XDG_SESSION_DESKTOP', 'ubuntu'), ('XAUTHORITY', '/run/user/1000/gdm/Xauthority'), ('LS_COLORS', 'rs=0:di=01;34:ln=01;36:mh=00:pi=40;33:so=01;35:do=01;35:bd=40;33;01:cd=40;33;01:or=40;31;01:mi=00:su=37;41:sg=30;43:ca=30;41:tw=30;42:ow=34;42:st=37;44:ex=01;32:*.tar=01;31:*.tgz=01;31:*.arc=01;31:*.arj=01;31:*.taz=01;31:*.lha=01;31:*.lz4=01;31:*.lzh=01;31:*.lzma=01;31:*.tlz=01;31:*.txz=01;31:*.tzo=01;31:*.t7z=01;31:*.zip=01;31:*.z=01;31:*.dz=01;31:*.gz=01;31:*.lrz=01;31:*.lz=01;31:*.lzo=01;31:*.xz=01;31:*.zst=01;31:*.tzst=01;31:*.bz2=01;31:*.bz=01;31:*.tbz=01;31:*.tbz2=01;31:*.tz=01;31:*.deb=01;31:*.rpm=01;31:*.jar=01;31:*.war=01;31:*.ear=01;31:*.sar=01;31:*.rar=01;31:*.alz=01;31:*.ace=01;31:*.zoo=01;31:*.cpio=01;31:*.7z=01;31:*.rz=01;31:*.cab=01;31:*.wim=01;31:*.swm=01;31:*.dwm=01;31:*.esd=01;31:*.jpg=01;35:*.jpeg=01;35:*.mjpg=01;35:*.mjpeg=01;35:*.gif=01;35:*.bmp=01;35:*.pbm=01;35:*.pgm=01;35:*.ppm=01;35:*.tga=01;35:*.xbm=01;35:*.xpm=01;35:*.tif=01;35:*.tiff=01;35:*.png=01;35:*.svg=01;35:*.svgz=01;35:*.mng=01;35:*.pcx=01;35:*.mov=01;35:*.mpg=01;35:*.mpeg=01;35:*.m2v=01;35:*.mkv=01;35:*.webm=01;35:*.webp=01;35:*.ogm=01;35:*.mp4=01;35:*.m4v=01;35:*.mp4v=01;35:*.vob=01;35:*.qt=01;35:*.nuv=01;35:*.wmv=01;35:*.asf=01;35:*.rm=01;35:*.rmvb=01;35:*.flc=01;35:*.avi=01;35:*.fli=01;35:*.flv=01;35:*.gl=01;35:*.dl=01;35:*.xcf=01;35:*.xwd=01;35:*.yuv=01;35:*.cgm=01;35:*.emf=01;35:*.ogv=01;35:*.ogx=01;35:*.aac=00;36:*.au=00;36:*.flac=00;36:*.m4a=00;36:*.mid=00;36:*.midi=00;36:*.mka=00;36:*.mp3=00;36:*.mpc=00;36:*.ogg=00;36:*.ra=00;36:*.wav=00;36:*.oga=00;36:*.opus=00;36:*.spx=00;36:*.xspf=00;36:'), ('VSCODE_GIT_IPC_HANDLE', '/run/user/1000/vscode-git-2b1d280fd0.sock'), ('TERM_PROGRAM', 'vscode'), ('SSH_AGENT_LAUNCHER', 'gnome-keyring'), ('SSH_AUTH_SOCK', '/run/user/1000/keyring/ssh'), ('AMENT_PREFIX_PATH', '/home/jkw/bopt_ws/install/bopt_description:/home/jkw/bopt_ws/install/bopt_controller:/opt/ros/humble'), ('SHELL', '/bin/bash'), ('TERMINATOR_UUID', 'urn:uuid:1a38befa-d785-41b4-8b2b-c56d1ecd8e53'), ('QT_ACCESSIBILITY', '1'), ('GDMSESSION', 'ubuntu'), ('LESSCLOSE', '/usr/bin/lesspipe %s %s'), ('GPG_AGENT_INFO', '/run/user/1000/gnupg/S.gpg-agent:0:1'), ('GJS_DEBUG_OUTPUT', 'stderr'), ('VSCODE_GIT_ASKPASS_EXTRA_ARGS', ''), ('QT_IM_MODULE', 'ibus'), ('PWD', '/home/jkw/bopt_ws/build/bopt_description'), ('LC_ALL', 'en_US.UTF-8'), ('XDG_CONFIG_DIRS', '/etc/xdg/xdg-ubuntu:/etc/xdg'), ('PYENV_ROOT', '/home/jkw/.pyenv'), ('XDG_DATA_DIRS', '/usr/share/ubuntu:/usr/share/gnome:/usr/local/share/:/usr/share/:/var/lib/snapd/desktop'), ('PYTHONPATH', '/home/jkw/bopt_ws/install/bopt_controller/lib/python3.10/site-packages:/opt/ros/humble/lib/python3.10/site-packages:/opt/ros/humble/local/lib/python3.10/dist-packages'), ('COLCON', '1'), ('VTE_VERSION', '6800'), ('CMAKE_PREFIX_PATH', '/home/jkw/bopt_ws/install/bopt_description:/home/jkw/bopt_ws/install/bopt_controller:/opt/ros/humble')]), 'shell': False}
[0.126384] (bopt_description) StdoutLine: {'line': b'-- Install configuration: ""\n'}
[0.126620] (bopt_description) StdoutLine: {'line': b'-- Execute custom install script\n'}
[0.126771] (bopt_description) StdoutLine: {'line': b'-- Up-to-date symlink: /home/jkw/bopt_ws/install/bopt_description/share/bopt_description/launch/display.launch.py\n'}
[0.126800] (bopt_description) StdoutLine: {'line': b'-- Up-to-date symlink: /home/jkw/bopt_ws/install/bopt_description/share/bopt_description/launch/gazebo.launch copy.py\n'}
[0.126826] (bopt_description) StdoutLine: {'line': b'-- Up-to-date symlink: /home/jkw/bopt_ws/install/bopt_description/share/bopt_description/launch/gazebo.launch.py\n'}
[0.126850] (bopt_description) StdoutLine: {'line': b'-- Up-to-date symlink: /home/jkw/bopt_ws/install/bopt_description/share/bopt_description/launch/simulation.launch.py\n'}
[0.126919] (bopt_description) StdoutLine: {'line': b'-- Up-to-date symlink: /home/jkw/bopt_ws/install/bopt_description/share/bopt_description/urdf/materials.xacro\n'}
[0.126944] (bopt_description) StdoutLine: {'line': b'-- Up-to-date symlink: /home/jkw/bopt_ws/install/bopt_description/share/bopt_description/urdf/robot.urdf.xacro\n'}
[0.126967] (bopt_description) StdoutLine: {'line': b'-- Up-to-date symlink: /home/jkw/bopt_ws/install/bopt_description/share/bopt_description/urdf/ros2_control.xacro\n'}
[0.127059] (bopt_description) StdoutLine: {'line': b'-- Up-to-date symlink: /home/jkw/bopt_ws/install/bopt_description/share/bopt_description/meshes/visual/3Dlidar.stl\n'}
[0.127085] (bopt_description) StdoutLine: {'line': b'-- Up-to-date symlink: /home/jkw/bopt_ws/install/bopt_description/share/bopt_description/meshes/visual/Base.stl\n'}
[0.127110] (bopt_description) StdoutLine: {'line': b'-- Up-to-date symlink: /home/jkw/bopt_ws/install/bopt_description/share/bopt_description/meshes/visual/Fork_with_base.STL\n'}
[0.127135] (bopt_description) StdoutLine: {'line': b'-- Up-to-date symlink: /home/jkw/bopt_ws/install/bopt_description/share/bopt_description/meshes/visual/casster_wheel.stl\n'}
[0.127159] (bopt_description) StdoutLine: {'line': b'-- Up-to-date symlink: /home/jkw/bopt_ws/install/bopt_description/share/bopt_description/meshes/visual/caster_wheel_ass.stl\n'}
[0.127184] (bopt_description) StdoutLine: {'line': b'-- Up-to-date symlink: /home/jkw/bopt_ws/install/bopt_description/share/bopt_description/meshes/visual/drive_wheel.stl\n'}
[0.127209] (bopt_description) StdoutLine: {'line': b'-- Up-to-date symlink: /home/jkw/bopt_ws/install/bopt_description/share/bopt_description/meshes/visual/drive_wheel_ass.stl\n'}
[0.127234] (bopt_description) StdoutLine: {'line': b'-- Up-to-date symlink: /home/jkw/bopt_ws/install/bopt_description/share/bopt_description/meshes/visual/front.stl\n'}
[0.127260] (bopt_description) StdoutLine: {'line': b'-- Up-to-date symlink: /home/jkw/bopt_ws/install/bopt_description/share/bopt_description/meshes/visual/front_socket.stl\n'}
[0.127287] (bopt_description) StdoutLine: {'line': b'-- Up-to-date symlink: /home/jkw/bopt_ws/install/bopt_description/share/bopt_description/meshes/visual/front_wheel.stl\n'}
[0.127311] (bopt_description) StdoutLine: {'line': b'-- Up-to-date symlink: /home/jkw/bopt_ws/install/bopt_description/share/bopt_description/meshes/visual/front_wheel_shaft.stl\n'}
[0.127335] (bopt_description) StdoutLine: {'line': b'-- Up-to-date symlink: /home/jkw/bopt_ws/install/bopt_description/share/bopt_description/meshes/visual/lidar19.stl\n'}
[0.127391] (bopt_description) StdoutLine: {'line': b'-- Up-to-date symlink: /home/jkw/bopt_ws/install/bopt_description/share/bopt_description/rviz/display.rviz\n'}
[0.127443] (bopt_description) StdoutLine: {'line': b'-- Up-to-date symlink: /home/jkw/bopt_ws/install/bopt_description/share/bopt_description/config/controller.yaml\n'}
[0.127492] (bopt_description) StdoutLine: {'line': b'-- Up-to-date symlink: /home/jkw/bopt_ws/install/bopt_description/share/bopt_description/worlds/empty.world\n'}
[0.130015] (bopt_description) StdoutLine: {'line': b'-- Up-to-date symlink: /home/jkw/bopt_ws/install/bopt_description/share/bopt_description/models/aws_robomaker_residential_AirconditionerA_01/materials/textures/aws_AirconditionerA_01.png\n'}
[0.130074] (bopt_description) StdoutLine: {'line': b'-- Up-to-date symlink: /home/jkw/bopt_ws/install/bopt_description/share/bopt_description/models/aws_robomaker_residential_AirconditionerA_01/meshes/aws_AirconditionerA_01_collision.DAE\n'}
[0.130097] (bopt_description) StdoutLine: {'line': b'-- Up-to-date symlink: /home/jkw/bopt_ws/install/bopt_description/share/bopt_description/models/aws_robomaker_residential_AirconditionerA_01/meshes/aws_AirconditionerA_01_visual.DAE\n'}
[0.130125] (bopt_description) StdoutLine: {'line': b'-- Up-to-date symlink: /home/jkw/bopt_ws/install/bopt_description/share/bopt_description/models/aws_robomaker_residential_AirconditionerA_01/meshes/aws__Air conditioner_01.DAE\n'}
[0.130141] (bopt_description) StdoutLine: {'line': b'-- Up-to-date symlink: /home/jkw/bopt_ws/install/bopt_description/share/bopt_description/models/aws_robomaker_residential_AirconditionerA_01/model.config\n'}
[0.130165] (bopt_description) StdoutLine: {'line': b'-- Up-to-date symlink: /home/jkw/bopt_ws/install/bopt_description/share/bopt_description/models/aws_robomaker_residential_AirconditionerA_01/model.sdf\n'}
[0.130185] (bopt_description) StdoutLine: {'line': b'-- Up-to-date symlink: /home/jkw/bopt_ws/install/bopt_description/share/bopt_description/models/aws_robomaker_residential_AirconditionerB_01/materials/textures/aws_AirconditionerB_01.png\n'}
[0.130209] (bopt_description) StdoutLine: {'line': b'-- Up-to-date symlink: /home/jkw/bopt_ws/install/bopt_description/share/bopt_description/models/aws_robomaker_residential_AirconditionerB_01/meshes/aws_AirconditionerB_01_collision.DAE\n'}
[0.130232] (bopt_description) StdoutLine: {'line': b'-- Up-to-date symlink: /home/jkw/bopt_ws/install/bopt_description/share/bopt_description/models/aws_robomaker_residential_AirconditionerB_01/meshes/aws_AirconditionerB_01_visual.DAE\n'}
[0.130256] (bopt_description) StdoutLine: {'line': b'-- Up-to-date symlink: /home/jkw/bopt_ws/install/bopt_description/share/bopt_description/models/aws_robomaker_residential_AirconditionerB_01/model.config\n'}
[0.130278] (bopt_description) StdoutLine: {'line': b'-- Up-to-date symlink: /home/jkw/bopt_ws/install/bopt_description/share/bopt_description/models/aws_robomaker_residential_AirconditionerB_01/model.sdf\n'}
[0.130307] (bopt_description) StdoutLine: {'line': b'-- Up-to-date symlink: /home/jkw/bopt_ws/install/bopt_description/share/bopt_description/models/aws_robomaker_residential_BalconyTable_01/materials/textures/aws_BalconyTable_01.png\n'}
[0.130332] (bopt_description) StdoutLine: {'line': b'-- Up-to-date symlink: /home/jkw/bopt_ws/install/bopt_description/share/bopt_description/models/aws_robomaker_residential_BalconyTable_01/meshes/aws_BalconyTable_01_collision.DAE\n'}
[0.130360] (bopt_description) StdoutLine: {'line': b'-- Up-to-date symlink: /home/jkw/bopt_ws/install/bopt_description/share/bopt_description/models/aws_robomaker_residential_BalconyTable_01/meshes/aws_BalconyTable_01_visual.DAE\n'}
[0.130385] (bopt_description) StdoutLine: {'line': b'-- Up-to-date symlink: /home/jkw/bopt_ws/install/bopt_description/share/bopt_description/models/aws_robomaker_residential_BalconyTable_01/model.config\n'}
[0.130410] (bopt_description) StdoutLine: {'line': b'-- Up-to-date symlink: /home/jkw/bopt_ws/install/bopt_description/share/bopt_description/models/aws_robomaker_residential_BalconyTable_01/model.sdf\n'}
[0.130439] (bopt_description) StdoutLine: {'line': b'-- Up-to-date symlink: /home/jkw/bopt_ws/install/bopt_description/share/bopt_description/models/aws_robomaker_residential_Ball_01/materials/textures/aws_Ball_01.png\n'}
[0.130475] (bopt_description) StdoutLine: {'line': b'-- Up-to-date symlink: /home/jkw/bopt_ws/install/bopt_description/share/bopt_description/models/aws_robomaker_residential_Ball_01/meshes/aws_Ball_01_collision.DAE\n'}
[0.130532] (bopt_description) StdoutLine: {'line': b'-- Up-to-date symlink: /home/jkw/bopt_ws/install/bopt_description/share/bopt_description/models/aws_robomaker_residential_Ball_01/meshes/aws_Ball_01_visual.DAE\n'}
[0.130557] (bopt_description) StdoutLine: {'line': b'-- Up-to-date symlink: /home/jkw/bopt_ws/install/bopt_description/share/bopt_description/models/aws_robomaker_residential_Ball_01/model.config\n'}
[0.130587] (bopt_description) StdoutLine: {'line': b'-- Up-to-date symlink: /home/jkw/bopt_ws/install/bopt_description/share/bopt_description/models/aws_robomaker_residential_Ball_01/model.sdf\n'}
[0.130606] (bopt_description) StdoutLine: {'line': b'-- Up-to-date symlink: /home/jkw/bopt_ws/install/bopt_description/share/bopt_description/models/aws_robomaker_residential_Bed_01/materials/textures/aws_BedA_01.png\n'}
[0.130643] (bopt_description) StdoutLine: {'line': b'-- Up-to-date symlink: /home/jkw/bopt_ws/install/bopt_description/share/bopt_description/models/aws_robomaker_residential_Bed_01/materials/textures/aws_BedB_01.png\n'}
[0.130675] (bopt_description) StdoutLine: {'line': b'-- Up-to-date symlink: /home/jkw/bopt_ws/install/bopt_description/share/bopt_description/models/aws_robomaker_residential_Bed_01/materials/textures/aws_BedC_01.png\n'}
[0.130692] (bopt_description) StdoutLine: {'line': b'-- Up-to-date symlink: /home/jkw/bopt_ws/install/bopt_description/share/bopt_description/models/aws_robomaker_residential_Bed_01/materials/textures/aws_Bed_01.png\n'}
[0.130708] (bopt_description) StdoutLine: {'line': b'-- Up-to-date symlink: /home/jkw/bopt_ws/install/bopt_description/share/bopt_description/models/aws_robomaker_residential_Bed_01/meshes/aws_Bed_01_collision.DAE\n'}
[0.130731] (bopt_description) StdoutLine: {'line': b'-- Up-to-date symlink: /home/jkw/bopt_ws/install/bopt_description/share/bopt_description/models/aws_robomaker_residential_Bed_01/meshes/aws_Bed_01_visual.DAE\n'}
[0.130753] (bopt_description) StdoutLine: {'line': b'-- Up-to-date symlink: /home/jkw/bopt_ws/install/bopt_description/share/bopt_description/models/aws_robomaker_residential_Bed_01/model.config\n'}
[0.130768] (bopt_description) StdoutLine: {'line': b'-- Up-to-date symlink: /home/jkw/bopt_ws/install/bopt_description/share/bopt_description/models/aws_robomaker_residential_Bed_01/model.sdf\n'}
[0.130791] (bopt_description) StdoutLine: {'line': b'-- Up-to-date symlink: /home/jkw/bopt_ws/install/bopt_description/share/bopt_description/models/aws_robomaker_residential_Board_01/materials/textures/aws_Board_01.png\n'}
[0.130814] (bopt_description) StdoutLine: {'line': b'-- Up-to-date symlink: /home/jkw/bopt_ws/install/bopt_description/share/bopt_description/models/aws_robomaker_residential_Board_01/meshes/aws_Board_01_collision.DAE\n'}
[0.130836] (bopt_description) StdoutLine: {'line': b'-- Up-to-date symlink: /home/jkw/bopt_ws/install/bopt_description/share/bopt_description/models/aws_robomaker_residential_Board_01/meshes/aws_Board_01_visual.DAE\n'}
[0.130858] (bopt_description) StdoutLine: {'line': b'-- Up-to-date symlink: /home/jkw/bopt_ws/install/bopt_description/share/bopt_description/models/aws_robomaker_residential_Board_01/model.config\n'}
[0.130881] (bopt_description) StdoutLine: {'line': b'-- Up-to-date symlink: /home/jkw/bopt_ws/install/bopt_description/share/bopt_description/models/aws_robomaker_residential_Board_01/model.sdf\n'}
[0.130912] (bopt_description) StdoutLine: {'line': b'-- Up-to-date symlink: /home/jkw/bopt_ws/install/bopt_description/share/bopt_description/models/aws_robomaker_residential_Carpet_01/materials/textures/aws_Carpet_01.png\n'}
[0.130944] (bopt_description) StdoutLine: {'line': b'-- Up-to-date symlink: /home/jkw/bopt_ws/install/bopt_description/share/bopt_description/models/aws_robomaker_residential_Carpet_01/meshes/aws_Carpet_01_collision.DAE\n'}
[0.130968] (bopt_description) StdoutLine: {'line': b'-- Up-to-date symlink: /home/jkw/bopt_ws/install/bopt_description/share/bopt_description/models/aws_robomaker_residential_Carpet_01/meshes/aws_Carpet_01_visual.DAE\n'}
[0.130988] (bopt_description) StdoutLine: {'line': b'-- Up-to-date symlink: /home/jkw/bopt_ws/install/bopt_description/share/bopt_description/models/aws_robomaker_residential_Carpet_01/model.config\n'}
[0.131010] (bopt_description) StdoutLine: {'line': b'-- Up-to-date symlink: /home/jkw/bopt_ws/install/bopt_description/share/bopt_description/models/aws_robomaker_residential_Carpet_01/model.sdf\n'}
[0.131038] (bopt_description) StdoutLine: {'line': b'-- Up-to-date symlink: /home/jkw/bopt_ws/install/bopt_description/share/bopt_description/models/aws_robomaker_residential_ChairA_01/materials/textures/aws_ChairA_01.png\n'}
[0.131063] (bopt_description) StdoutLine: {'line': b'-- Up-to-date symlink: /home/jkw/bopt_ws/install/bopt_description/share/bopt_description/models/aws_robomaker_residential_ChairA_01/meshes/aws_ChairA_01_collision.DAE\n'}
[0.131088] (bopt_description) StdoutLine: {'line': b'-- Up-to-date symlink: /home/jkw/bopt_ws/install/bopt_description/share/bopt_description/models/aws_robomaker_residential_ChairA_01/meshes/aws_ChairA_01_visual.DAE\n'}
[0.131113] (bopt_description) StdoutLine: {'line': b'-- Up-to-date symlink: /home/jkw/bopt_ws/install/bopt_description/share/bopt_description/models/aws_robomaker_residential_ChairA_01/model.config\n'}
[0.131138] (bopt_description) StdoutLine: {'line': b'-- Up-to-date symlink: /home/jkw/bopt_ws/install/bopt_description/share/bopt_description/models/aws_robomaker_residential_ChairA_01/model.sdf\n'}
[0.131166] (bopt_description) StdoutLine: {'line': b'-- Up-to-date symlink: /home/jkw/bopt_ws/install/bopt_description/share/bopt_description/models/aws_robomaker_residential_ChairD_01/materials/textures/aws_ChairD_01.png\n'}
[0.131192] (bopt_description) StdoutLine: {'line': b'-- Up-to-date symlink: /home/jkw/bopt_ws/install/bopt_description/share/bopt_description/models/aws_robomaker_residential_ChairD_01/meshes/aws_ChairD_01_collision.DAE\n'}
[0.131218] (bopt_description) StdoutLine: {'line': b'-- Up-to-date symlink: /home/jkw/bopt_ws/install/bopt_description/share/bopt_description/models/aws_robomaker_residential_ChairD_01/meshes/aws_ChairD_01_visual.DAE\n'}
[0.131243] (bopt_description) StdoutLine: {'line': b'-- Up-to-date symlink: /home/jkw/bopt_ws/install/bopt_description/share/bopt_description/models/aws_robomaker_residential_ChairD_01/model.config\n'}
[0.131271] (bopt_description) StdoutLine: {'line': b'-- Up-to-date symlink: /home/jkw/bopt_ws/install/bopt_description/share/bopt_description/models/aws_robomaker_residential_ChairD_01/model.sdf\n'}
[0.131300] (bopt_description) StdoutLine: {'line': b'-- Up-to-date symlink: /home/jkw/bopt_ws/install/bopt_description/share/bopt_description/models/aws_robomaker_residential_Chandelier_01/materials/textures/aws_Chandelier_01.png\n'}
[0.131325] (bopt_description) StdoutLine: {'line': b'-- Up-to-date symlink: /home/jkw/bopt_ws/install/bopt_description/share/bopt_description/models/aws_robomaker_residential_Chandelier_01/meshes/aws_Chandelier_01.DAE\n'}
[0.131352] (bopt_description) StdoutLine: {'line': b'-- Up-to-date symlink: /home/jkw/bopt_ws/install/bopt_description/share/bopt_description/models/aws_robomaker_residential_Chandelier_01/meshes/aws_Chandelier_01_collision.DAE\n'}
[0.131378] (bopt_description) StdoutLine: {'line': b'-- Up-to-date symlink: /home/jkw/bopt_ws/install/bopt_description/share/bopt_description/models/aws_robomaker_residential_Chandelier_01/meshes/aws_Chandelier_01_visual.DAE\n'}
[0.131403] (bopt_description) StdoutLine: {'line': b'-- Up-to-date symlink: /home/jkw/bopt_ws/install/bopt_description/share/bopt_description/models/aws_robomaker_residential_Chandelier_01/model.config\n'}
[0.131428] (bopt_description) StdoutLine: {'line': b'-- Up-to-date symlink: /home/jkw/bopt_ws/install/bopt_description/share/bopt_description/models/aws_robomaker_residential_Chandelier_01/model.sdf\n'}
[0.131455] (bopt_description) StdoutLine: {'line': b'-- Up-to-date symlink: /home/jkw/bopt_ws/install/bopt_description/share/bopt_description/models/aws_robomaker_residential_CoffeeTable_01/materials/textures/aws_CoffeeTable_01.png\n'}
[0.131482] (bopt_description) StdoutLine: {'line': b'-- Up-to-date symlink: /home/jkw/bopt_ws/install/bopt_description/share/bopt_description/models/aws_robomaker_residential_CoffeeTable_01/meshes/aws_CoffeeTable_01_collision.DAE\n'}
[0.131507] (bopt_description) StdoutLine: {'line': b'-- Up-to-date symlink: /home/jkw/bopt_ws/install/bopt_description/share/bopt_description/models/aws_robomaker_residential_CoffeeTable_01/meshes/aws_CoffeeTable_01_visual.DAE\n'}
[0.131533] (bopt_description) StdoutLine: {'line': b'-- Up-to-date symlink: /home/jkw/bopt_ws/install/bopt_description/share/bopt_description/models/aws_robomaker_residential_CoffeeTable_01/model.config\n'}
[0.131558] (bopt_description) StdoutLine: {'line': b'-- Up-to-date symlink: /home/jkw/bopt_ws/install/bopt_description/share/bopt_description/models/aws_robomaker_residential_CoffeeTable_01/model.sdf\n'}
[0.131586] (bopt_description) StdoutLine: {'line': b'-- Up-to-date symlink: /home/jkw/bopt_ws/install/bopt_description/share/bopt_description/models/aws_robomaker_residential_CookingBench_01/materials/textures/aws_CookingBench_01.png\n'}
[0.131613] (bopt_description) StdoutLine: {'line': b'-- Up-to-date symlink: /home/jkw/bopt_ws/install/bopt_description/share/bopt_description/models/aws_robomaker_residential_CookingBench_01/meshes/aws_CookingBench_01.DAE\n'}
[0.131639] (bopt_description) StdoutLine: {'line': b'-- Up-to-date symlink: /home/jkw/bopt_ws/install/bopt_description/share/bopt_description/models/aws_robomaker_residential_CookingBench_01/meshes/aws_CookingBench_01_collision.DAE\n'}
[0.131665] (bopt_description) StdoutLine: {'line': b'-- Up-to-date symlink: /home/jkw/bopt_ws/install/bopt_description/share/bopt_description/models/aws_robomaker_residential_CookingBench_01/meshes/aws_CookingBench_01_visual.DAE\n'}
[0.131690] (bopt_description) StdoutLine: {'line': b'-- Up-to-date symlink: /home/jkw/bopt_ws/install/bopt_description/share/bopt_description/models/aws_robomaker_residential_CookingBench_01/model.config\n'}
[0.131715] (bopt_description) StdoutLine: {'line': b'-- Up-to-date symlink: /home/jkw/bopt_ws/install/bopt_description/share/bopt_description/models/aws_robomaker_residential_CookingBench_01/model.sdf\n'}
[0.131742] (bopt_description) StdoutLine: {'line': b'-- Up-to-date symlink: /home/jkw/bopt_ws/install/bopt_description/share/bopt_description/models/aws_robomaker_residential_Curtain_01/materials/textures/aws_Curtain_01.png\n'}
[0.131769] (bopt_description) StdoutLine: {'line': b'-- Up-to-date symlink: /home/jkw/bopt_ws/install/bopt_description/share/bopt_description/models/aws_robomaker_residential_Curtain_01/meshes/aws_Curtain_01_collision.DAE\n'}
[0.131794] (bopt_description) StdoutLine: {'line': b'-- Up-to-date symlink: /home/jkw/bopt_ws/install/bopt_description/share/bopt_description/models/aws_robomaker_residential_Curtain_01/meshes/aws_Curtain_01_visual.DAE\n'}
[0.131819] (bopt_description) StdoutLine: {'line': b'-- Up-to-date symlink: /home/jkw/bopt_ws/install/bopt_description/share/bopt_description/models/aws_robomaker_residential_Curtain_01/model.config\n'}
[0.131844] (bopt_description) StdoutLine: {'line': b'-- Up-to-date symlink: /home/jkw/bopt_ws/install/bopt_description/share/bopt_description/models/aws_robomaker_residential_Curtain_01/model.sdf\n'}
[0.131872] (bopt_description) StdoutLine: {'line': b'-- Up-to-date symlink: /home/jkw/bopt_ws/install/bopt_description/share/bopt_description/models/aws_robomaker_residential_DeskPortraitA_01/materials/textures/aws_DeskPortraitA_01.png\n'}
[0.131898] (bopt_description) StdoutLine: {'line': b'-- Up-to-date symlink: /home/jkw/bopt_ws/install/bopt_description/share/bopt_description/models/aws_robomaker_residential_DeskPortraitA_01/materials/textures/aws_DeskPortraitA_02.png\n'}
[0.131925] (bopt_description) StdoutLine: {'line': b'-- Up-to-date symlink: /home/jkw/bopt_ws/install/bopt_description/share/bopt_description/models/aws_robomaker_residential_DeskPortraitA_01/meshes/aws_DeskPortraitA_01_collision.DAE\n'}
[0.131951] (bopt_description) StdoutLine: {'line': b'-- Up-to-date symlink: /home/jkw/bopt_ws/install/bopt_description/share/bopt_description/models/aws_robomaker_residential_DeskPortraitA_01/meshes/aws_DeskPortraitA_01_visual.DAE\n'}
[0.131978] (bopt_description) StdoutLine: {'line': b'-- Up-to-date symlink: /home/jkw/bopt_ws/install/bopt_description/share/bopt_description/models/aws_robomaker_residential_DeskPortraitA_01/model.config\n'}
[0.132002] (bopt_description) StdoutLine: {'line': b'-- Up-to-date symlink: /home/jkw/bopt_ws/install/bopt_description/share/bopt_description/models/aws_robomaker_residential_DeskPortraitA_01/model.sdf\n'}
[0.132030] (bopt_description) StdoutLine: {'line': b'-- Up-to-date symlink: /home/jkw/bopt_ws/install/bopt_description/share/bopt_description/models/aws_robomaker_residential_DeskPortraitA_02/materials/textures/aws_DeskPortraitA_01.png\n'}
[0.132057] (bopt_description) StdoutLine: {'line': b'-- Up-to-date symlink: /home/jkw/bopt_ws/install/bopt_description/share/bopt_description/models/aws_robomaker_residential_DeskPortraitA_02/materials/textures/aws_DeskPortraitA_02.png\n'}
[0.132083] (bopt_description) StdoutLine: {'line': b'-- Up-to-date symlink: /home/jkw/bopt_ws/install/bopt_description/share/bopt_description/models/aws_robomaker_residential_DeskPortraitA_02/meshes/aws_DeskPortraitA_01_collision.DAE\n'}
[0.132109] (bopt_description) StdoutLine: {'line': b'-- Up-to-date symlink: /home/jkw/bopt_ws/install/bopt_description/share/bopt_description/models/aws_robomaker_residential_DeskPortraitA_02/meshes/aws_DeskPortraitA_01_visual.DAE\n'}
[0.132135] (bopt_description) StdoutLine: {'line': b'-- Up-to-date symlink: /home/jkw/bopt_ws/install/bopt_description/share/bopt_description/models/aws_robomaker_residential_DeskPortraitA_02/model.config\n'}
[0.132160] (bopt_description) StdoutLine: {'line': b'-- Up-to-date symlink: /home/jkw/bopt_ws/install/bopt_description/share/bopt_description/models/aws_robomaker_residential_DeskPortraitA_02/model.sdf\n'}
[0.132187] (bopt_description) StdoutLine: {'line': b'-- Up-to-date symlink: /home/jkw/bopt_ws/install/bopt_description/share/bopt_description/models/aws_robomaker_residential_DeskPortraitB_01/materials/textures/aws_DeskPortraitB_01.png\n'}
[0.132214] (bopt_description) StdoutLine: {'line': b'-- Up-to-date symlink: /home/jkw/bopt_ws/install/bopt_description/share/bopt_description/models/aws_robomaker_residential_DeskPortraitB_01/materials/textures/aws_DeskPortraitB_02.png\n'}
[0.132240] (bopt_description) StdoutLine: {'line': b'-- Up-to-date symlink: /home/jkw/bopt_ws/install/bopt_description/share/bopt_description/models/aws_robomaker_residential_DeskPortraitB_01/meshes/aws_DeskPortraitB_01_collision.DAE\n'}
[0.132269] (bopt_description) StdoutLine: {'line': b'-- Up-to-date symlink: /home/jkw/bopt_ws/install/bopt_description/share/bopt_description/models/aws_robomaker_residential_DeskPortraitB_01/meshes/aws_DeskPortraitB_01_visual.DAE\n'}
[0.132353] (bopt_description) StdoutLine: {'line': b'-- Up-to-date symlink: /home/jkw/bopt_ws/install/bopt_description/share/bopt_description/models/aws_robomaker_residential_DeskPortraitB_01/model.config\n'}
[0.132389] (bopt_description) StdoutLine: {'line': b'-- Up-to-date symlink: /home/jkw/bopt_ws/install/bopt_description/share/bopt_description/models/aws_robomaker_residential_DeskPortraitB_01/model.sdf\n'}
[0.132421] (bopt_description) StdoutLine: {'line': b'-- Up-to-date symlink: /home/jkw/bopt_ws/install/bopt_description/share/bopt_description/models/aws_robomaker_residential_DeskPortraitB_02/materials/textures/aws_DeskPortraitB_01.png\n'}
[0.132449] (bopt_description) StdoutLine: {'line': b'-- Up-to-date symlink: /home/jkw/bopt_ws/install/bopt_description/share/bopt_description/models/aws_robomaker_residential_DeskPortraitB_02/materials/textures/aws_DeskPortraitB_02.png\n'}
[0.132476] (bopt_description) StdoutLine: {'line': b'-- Up-to-date symlink: /home/jkw/bopt_ws/install/bopt_description/share/bopt_description/models/aws_robomaker_residential_DeskPortraitB_02/meshes/aws_DeskPortraitB_01_collision.DAE\n'}
[0.132503] (bopt_description) StdoutLine: {'line': b'-- Up-to-date symlink: /home/jkw/bopt_ws/install/bopt_description/share/bopt_description/models/aws_robomaker_residential_DeskPortraitB_02/meshes/aws_DeskPortraitB_01_visual.DAE\n'}
[0.132529] (bopt_description) StdoutLine: {'line': b'-- Up-to-date symlink: /home/jkw/bopt_ws/install/bopt_description/share/bopt_description/models/aws_robomaker_residential_DeskPortraitB_02/model.config\n'}
[0.132555] (bopt_description) StdoutLine: {'line': b'-- Up-to-date symlink: /home/jkw/bopt_ws/install/bopt_description/share/bopt_description/models/aws_robomaker_residential_DeskPortraitB_02/model.sdf\n'}
[0.132583] (bopt_description) StdoutLine: {'line': b'-- Up-to-date symlink: /home/jkw/bopt_ws/install/bopt_description/share/bopt_description/models/aws_robomaker_residential_DeskPortraitC_01/materials/textures/aws_DeskPortraitC_01.png\n'}
[0.132610] (bopt_description) StdoutLine: {'line': b'-- Up-to-date symlink: /home/jkw/bopt_ws/install/bopt_description/share/bopt_description/models/aws_robomaker_residential_DeskPortraitC_01/materials/textures/aws_DeskPortraitC_02.png\n'}
[0.132636] (bopt_description) StdoutLine: {'line': b'-- Up-to-date symlink: /home/jkw/bopt_ws/install/bopt_description/share/bopt_description/models/aws_robomaker_residential_DeskPortraitC_01/meshes/aws_DeskPortraitC_01_collision.DAE\n'}
[0.132663] (bopt_description) StdoutLine: {'line': b'-- Up-to-date symlink: /home/jkw/bopt_ws/install/bopt_description/share/bopt_description/models/aws_robomaker_residential_DeskPortraitC_01/meshes/aws_DeskPortraitC_01_visual.DAE\n'}
[0.132688] (bopt_description) StdoutLine: {'line': b'-- Up-to-date symlink: /home/jkw/bopt_ws/install/bopt_description/share/bopt_description/models/aws_robomaker_residential_DeskPortraitC_01/model.config\n'}
[0.132713] (bopt_description) StdoutLine: {'line': b'-- Up-to-date symlink: /home/jkw/bopt_ws/install/bopt_description/share/bopt_description/models/aws_robomaker_residential_DeskPortraitC_01/model.sdf\n'}
[0.132744] (bopt_description) StdoutLine: {'line': b'-- Up-to-date symlink: /home/jkw/bopt_ws/install/bopt_description/share/bopt_description/models/aws_robomaker_residential_DeskPortraitC_02/materials/textures/aws_DeskPortraitC_01.png\n'}
[0.132770] (bopt_description) StdoutLine: {'line': b'-- Up-to-date symlink: /home/jkw/bopt_ws/install/bopt_description/share/bopt_description/models/aws_robomaker_residential_DeskPortraitC_02/materials/textures/aws_DeskPortraitC_02.png\n'}
[0.132797] (bopt_description) StdoutLine: {'line': b'-- Up-to-date symlink: /home/jkw/bopt_ws/install/bopt_description/share/bopt_description/models/aws_robomaker_residential_DeskPortraitC_02/meshes/aws_DeskPortraitC_01_collision.DAE\n'}
[0.132822] (bopt_description) StdoutLine: {'line': b'-- Up-to-date symlink: /home/jkw/bopt_ws/install/bopt_description/share/bopt_description/models/aws_robomaker_residential_DeskPortraitC_02/meshes/aws_DeskPortraitC_01_visual.DAE\n'}
[0.132848] (bopt_description) StdoutLine: {'line': b'-- Up-to-date symlink: /home/jkw/bopt_ws/install/bopt_description/share/bopt_description/models/aws_robomaker_residential_DeskPortraitC_02/model.config\n'}
[0.132873] (bopt_description) StdoutLine: {'line': b'-- Up-to-date symlink: /home/jkw/bopt_ws/install/bopt_description/share/bopt_description/models/aws_robomaker_residential_DeskPortraitC_02/model.sdf\n'}
[0.132900] (bopt_description) StdoutLine: {'line': b'-- Up-to-date symlink: /home/jkw/bopt_ws/install/bopt_description/share/bopt_description/models/aws_robomaker_residential_DeskPortraitD_01/materials/textures/aws_DeskPortraitD_01.png\n'}
[0.132926] (bopt_description) StdoutLine: {'line': b'-- Up-to-date symlink: /home/jkw/bopt_ws/install/bopt_description/share/bopt_description/models/aws_robomaker_residential_DeskPortraitD_01/materials/textures/aws_DeskPortraitD_02.png\n'}
[0.132953] (bopt_description) StdoutLine: {'line': b'-- Up-to-date symlink: /home/jkw/bopt_ws/install/bopt_description/share/bopt_description/models/aws_robomaker_residential_DeskPortraitD_01/meshes/aws_DeskPortraitD_01_collision.DAE\n'}
[0.132978] (bopt_description) StdoutLine: {'line': b'-- Up-to-date symlink: /home/jkw/bopt_ws/install/bopt_description/share/bopt_description/models/aws_robomaker_residential_DeskPortraitD_01/meshes/aws_DeskPortraitD_01_visual.DAE\n'}
[0.133004] (bopt_description) StdoutLine: {'line': b'-- Up-to-date symlink: /home/jkw/bopt_ws/install/bopt_description/share/bopt_description/models/aws_robomaker_residential_DeskPortraitD_01/model.config\n'}
[0.133029] (bopt_description) StdoutLine: {'line': b'-- Up-to-date symlink: /home/jkw/bopt_ws/install/bopt_description/share/bopt_description/models/aws_robomaker_residential_DeskPortraitD_01/model.sdf\n'}
[0.133057] (bopt_description) StdoutLine: {'line': b'-- Up-to-date symlink: /home/jkw/bopt_ws/install/bopt_description/share/bopt_description/models/aws_robomaker_residential_DeskPortraitD_02/materials/textures/aws_DeskPortraitD_01.png\n'}
[0.133084] (bopt_description) StdoutLine: {'line': b'-- Up-to-date symlink: /home/jkw/bopt_ws/install/bopt_description/share/bopt_description/models/aws_robomaker_residential_DeskPortraitD_02/materials/textures/aws_DeskPortraitD_02.png\n'}
[0.133110] (bopt_description) StdoutLine: {'line': b'-- Up-to-date symlink: /home/jkw/bopt_ws/install/bopt_description/share/bopt_description/models/aws_robomaker_residential_DeskPortraitD_02/meshes/aws_DeskPortraitD_01_collision.DAE\n'}
[0.133136] (bopt_description) StdoutLine: {'line': b'-- Up-to-date symlink: /home/jkw/bopt_ws/install/bopt_description/share/bopt_description/models/aws_robomaker_residential_DeskPortraitD_02/meshes/aws_DeskPortraitD_01_visual.DAE\n'}
[0.133161] (bopt_description) StdoutLine: {'line': b'-- Up-to-date symlink: /home/jkw/bopt_ws/install/bopt_description/share/bopt_description/models/aws_robomaker_residential_DeskPortraitD_02/model.config\n'}
[0.133187] (bopt_description) StdoutLine: {'line': b'-- Up-to-date symlink: /home/jkw/bopt_ws/install/bopt_description/share/bopt_description/models/aws_robomaker_residential_DeskPortraitD_02/model.sdf\n'}
[0.133215] (bopt_description) StdoutLine: {'line': b'-- Up-to-date symlink: /home/jkw/bopt_ws/install/bopt_description/share/bopt_description/models/aws_robomaker_residential_DeskPortraitD_03/materials/textures/aws_DeskPortraitD_01.png\n'}
[0.133241] (bopt_description) StdoutLine: {'line': b'-- Up-to-date symlink: /home/jkw/bopt_ws/install/bopt_description/share/bopt_description/models/aws_robomaker_residential_DeskPortraitD_03/materials/textures/aws_DeskPortraitD_02.png\n'}
[0.133300] (bopt_description) StdoutLine: {'line': b'-- Up-to-date symlink: /home/jkw/bopt_ws/install/bopt_description/share/bopt_description/models/aws_robomaker_residential_DeskPortraitD_03/meshes/aws_DeskPortraitD_01_collision.DAE\n'}
[0.133360] (bopt_description) StdoutLine: {'line': b'-- Up-to-date symlink: /home/jkw/bopt_ws/install/bopt_description/share/bopt_description/models/aws_robomaker_residential_DeskPortraitD_03/meshes/aws_DeskPortraitD_01_visual.DAE\n'}
[0.133393] (bopt_description) StdoutLine: {'line': b'-- Up-to-date symlink: /home/jkw/bopt_ws/install/bopt_description/share/bopt_description/models/aws_robomaker_residential_DeskPortraitD_03/model.config\n'}
[0.133420] (bopt_description) StdoutLine: {'line': b'-- Up-to-date symlink: /home/jkw/bopt_ws/install/bopt_description/share/bopt_description/models/aws_robomaker_residential_DeskPortraitD_03/model.sdf\n'}
[0.133449] (bopt_description) StdoutLine: {'line': b'-- Up-to-date symlink: /home/jkw/bopt_ws/install/bopt_description/share/bopt_description/models/aws_robomaker_residential_DeskPortraitD_04/materials/textures/aws_DeskPortraitD_01.png\n'}
[0.133477] (bopt_description) StdoutLine: {'line': b'-- Up-to-date symlink: /home/jkw/bopt_ws/install/bopt_description/share/bopt_description/models/aws_robomaker_residential_DeskPortraitD_04/materials/textures/aws_DeskPortraitD_02.png\n'}
[0.133504] (bopt_description) StdoutLine: {'line': b'-- Up-to-date symlink: /home/jkw/bopt_ws/install/bopt_description/share/bopt_description/models/aws_robomaker_residential_DeskPortraitD_04/meshes/aws_DeskPortraitD_01_collision.DAE\n'}
[0.133532] (bopt_description) StdoutLine: {'line': b'-- Up-to-date symlink: /home/jkw/bopt_ws/install/bopt_description/share/bopt_description/models/aws_robomaker_residential_DeskPortraitD_04/meshes/aws_DeskPortraitD_01_visual.DAE\n'}
[0.133558] (bopt_description) StdoutLine: {'line': b'-- Up-to-date symlink: /home/jkw/bopt_ws/install/bopt_description/share/bopt_description/models/aws_robomaker_residential_DeskPortraitD_04/model.config\n'}
[0.133583] (bopt_description) StdoutLine: {'line': b'-- Up-to-date symlink: /home/jkw/bopt_ws/install/bopt_description/share/bopt_description/models/aws_robomaker_residential_DeskPortraitD_04/model.sdf\n'}
[0.133612] (bopt_description) StdoutLine: {'line': b'-- Up-to-date symlink: /home/jkw/bopt_ws/install/bopt_description/share/bopt_description/models/aws_robomaker_residential_Door_01/materials/textures/aws_Door_01.png\n'}
[0.133639] (bopt_description) StdoutLine: {'line': b'-- Up-to-date symlink: /home/jkw/bopt_ws/install/bopt_description/share/bopt_description/models/aws_robomaker_residential_Door_01/meshes/aws_Door_01_collision.DAE\n'}
[0.133664] (bopt_description) StdoutLine: {'line': b'-- Up-to-date symlink: /home/jkw/bopt_ws/install/bopt_description/share/bopt_description/models/aws_robomaker_residential_Door_01/meshes/aws_Door_01_visual.DAE\n'}
[0.133690] (bopt_description) StdoutLine: {'line': b'-- Up-to-date symlink: /home/jkw/bopt_ws/install/bopt_description/share/bopt_description/models/aws_robomaker_residential_Door_01/model.config\n'}
[0.133715] (bopt_description) StdoutLine: {'line': b'-- Up-to-date symlink: /home/jkw/bopt_ws/install/bopt_description/share/bopt_description/models/aws_robomaker_residential_Door_01/model.sdf\n'}
[0.133743] (bopt_description) StdoutLine: {'line': b'-- Up-to-date symlink: /home/jkw/bopt_ws/install/bopt_description/share/bopt_description/models/aws_robomaker_residential_Dumbbell_01/materials/textures/aws_Dumbbell_01.png\n'}
[0.133770] (bopt_description) StdoutLine: {'line': b'-- Up-to-date symlink: /home/jkw/bopt_ws/install/bopt_description/share/bopt_description/models/aws_robomaker_residential_Dumbbell_01/meshes/aws_Dumbbell_01_collision.DAE\n'}
[0.133796] (bopt_description) StdoutLine: {'line': b'-- Up-to-date symlink: /home/jkw/bopt_ws/install/bopt_description/share/bopt_description/models/aws_robomaker_residential_Dumbbell_01/meshes/aws_Dumbbell_01_visual.DAE\n'}
[0.133822] (bopt_description) StdoutLine: {'line': b'-- Up-to-date symlink: /home/jkw/bopt_ws/install/bopt_description/share/bopt_description/models/aws_robomaker_residential_Dumbbell_01/model.config\n'}
[0.133847] (bopt_description) StdoutLine: {'line': b'-- Up-to-date symlink: /home/jkw/bopt_ws/install/bopt_description/share/bopt_description/models/aws_robomaker_residential_Dumbbell_01/model.sdf\n'}
[0.133876] (bopt_description) StdoutLine: {'line': b'-- Up-to-date symlink: /home/jkw/bopt_ws/install/bopt_description/share/bopt_description/models/aws_robomaker_residential_FitnessEquipment_01/materials/textures/aws_FitnessEquipment_01.png\n'}
[0.133903] (bopt_description) StdoutLine: {'line': b'-- Up-to-date symlink: /home/jkw/bopt_ws/install/bopt_description/share/bopt_description/models/aws_robomaker_residential_FitnessEquipment_01/meshes/aws_FitnessEquipment_01_collision.DAE\n'}
[0.133929] (bopt_description) StdoutLine: {'line': b'-- Up-to-date symlink: /home/jkw/bopt_ws/install/bopt_description/share/bopt_description/models/aws_robomaker_residential_FitnessEquipment_01/meshes/aws_FitnessEquipment_01_visual.DAE\n'}
[0.133955] (bopt_description) StdoutLine: {'line': b'-- Up-to-date symlink: /home/jkw/bopt_ws/install/bopt_description/share/bopt_description/models/aws_robomaker_residential_FitnessEquipment_01/model.config\n'}
[0.133979] (bopt_description) StdoutLine: {'line': b'-- Up-to-date symlink: /home/jkw/bopt_ws/install/bopt_description/share/bopt_description/models/aws_robomaker_residential_FitnessEquipment_01/model.sdf\n'}
[0.134007] (bopt_description) StdoutLine: {'line': b'-- Up-to-date symlink: /home/jkw/bopt_ws/install/bopt_description/share/bopt_description/models/aws_robomaker_residential_FloorB_01/materials/textures/aws_FloorB_01.png\n'}
[0.134033] (bopt_description) StdoutLine: {'line': b'-- Up-to-date symlink: /home/jkw/bopt_ws/install/bopt_description/share/bopt_description/models/aws_robomaker_residential_FloorB_01/meshes/aws_FloorB_01_collision.DAE\n'}
[0.134059] (bopt_description) StdoutLine: {'line': b'-- Up-to-date symlink: /home/jkw/bopt_ws/install/bopt_description/share/bopt_description/models/aws_robomaker_residential_FloorB_01/meshes/aws_FloorB_01_visual.DAE\n'}
[0.134084] (bopt_description) StdoutLine: {'line': b'-- Up-to-date symlink: /home/jkw/bopt_ws/install/bopt_description/share/bopt_description/models/aws_robomaker_residential_FloorB_01/model.config\n'}
[0.134109] (bopt_description) StdoutLine: {'line': b'-- Up-to-date symlink: /home/jkw/bopt_ws/install/bopt_description/share/bopt_description/models/aws_robomaker_residential_FloorB_01/model.sdf\n'}
[0.134138] (bopt_description) StdoutLine: {'line': b'-- Up-to-date symlink: /home/jkw/bopt_ws/install/bopt_description/share/bopt_description/models/aws_robomaker_residential_FoldingDoor_01/materials/textures/aws_FoldingDoor_01.png\n'}
[0.134164] (bopt_description) StdoutLine: {'line': b'-- Up-to-date symlink: /home/jkw/bopt_ws/install/bopt_description/share/bopt_description/models/aws_robomaker_residential_FoldingDoor_01/meshes/aws_FoldingDoor_01_collision.DAE\n'}
[0.134190] (bopt_description) StdoutLine: {'line': b'-- Up-to-date symlink: /home/jkw/bopt_ws/install/bopt_description/share/bopt_description/models/aws_robomaker_residential_FoldingDoor_01/meshes/aws_FoldingDoor_01_visual.DAE\n'}
[0.134215] (bopt_description) StdoutLine: {'line': b'-- Up-to-date symlink: /home/jkw/bopt_ws/install/bopt_description/share/bopt_description/models/aws_robomaker_residential_FoldingDoor_01/model.config\n'}
[0.134240] (bopt_description) StdoutLine: {'line': b'-- Up-to-date symlink: /home/jkw/bopt_ws/install/bopt_description/share/bopt_description/models/aws_robomaker_residential_FoldingDoor_01/model.sdf\n'}
[0.134272] (bopt_description) StdoutLine: {'line': b'-- Up-to-date symlink: /home/jkw/bopt_ws/install/bopt_description/share/bopt_description/models/aws_robomaker_residential_FoldingDoor_02/materials/textures/aws_FoldingDoor_02.png\n'}
[0.134298] (bopt_description) StdoutLine: {'line': b'-- Up-to-date symlink: /home/jkw/bopt_ws/install/bopt_description/share/bopt_description/models/aws_robomaker_residential_FoldingDoor_02/meshes/aws_FoldingDoor_02_collision.DAE\n'}
[0.134325] (bopt_description) StdoutLine: {'line': b'-- Up-to-date symlink: /home/jkw/bopt_ws/install/bopt_description/share/bopt_description/models/aws_robomaker_residential_FoldingDoor_02/meshes/aws_FoldingDoor_02_visual.DAE\n'}
[0.134349] (bopt_description) StdoutLine: {'line': b'-- Up-to-date symlink: /home/jkw/bopt_ws/install/bopt_description/share/bopt_description/models/aws_robomaker_residential_FoldingDoor_02/model.config\n'}
[0.134376] (bopt_description) StdoutLine: {'line': b'-- Up-to-date symlink: /home/jkw/bopt_ws/install/bopt_description/share/bopt_description/models/aws_robomaker_residential_FoldingDoor_02/model.sdf\n'}
[0.134416] (bopt_description) StdoutLine: {'line': b'-- Up-to-date symlink: /home/jkw/bopt_ws/install/bopt_description/share/bopt_description/models/aws_robomaker_residential_Handle_01/materials/textures/aws_Handle_01.png\n'}
[0.134477] (bopt_description) StdoutLine: {'line': b'-- Up-to-date symlink: /home/jkw/bopt_ws/install/bopt_description/share/bopt_description/models/aws_robomaker_residential_Handle_01/meshes/aws_ handle_01_collision.DAE\n'}
[0.134503] (bopt_description) StdoutLine: {'line': b'-- Up-to-date symlink: /home/jkw/bopt_ws/install/bopt_description/share/bopt_description/models/aws_robomaker_residential_Handle_01/meshes/aws_Handle_01_collision.DAE\n'}
[0.134536] (bopt_description) StdoutLine: {'line': b'-- Up-to-date symlink: /home/jkw/bopt_ws/install/bopt_description/share/bopt_description/models/aws_robomaker_residential_Handle_01/meshes/aws_Handle_01_visual.DAE\n'}
[0.134555] (bopt_description) StdoutLine: {'line': b'-- Up-to-date symlink: /home/jkw/bopt_ws/install/bopt_description/share/bopt_description/models/aws_robomaker_residential_Handle_01/model.config\n'}
[0.134573] (bopt_description) StdoutLine: {'line': b'-- Up-to-date symlink: /home/jkw/bopt_ws/install/bopt_description/share/bopt_description/models/aws_robomaker_residential_Handle_01/model.sdf\n'}
[0.134601] (bopt_description) StdoutLine: {'line': b'-- Up-to-date symlink: /home/jkw/bopt_ws/install/bopt_description/share/bopt_description/models/aws_robomaker_residential_HouseWallB_01/materials/textures/aws_HouseWallB_01.png\n'}
[0.134623] (bopt_description) StdoutLine: {'line': b'-- Up-to-date symlink: /home/jkw/bopt_ws/install/bopt_description/share/bopt_description/models/aws_robomaker_residential_HouseWallB_01/meshes/aws_HouseWallB_01_collision.DAE\n'}
[0.134641] (bopt_description) StdoutLine: {'line': b'-- Up-to-date symlink: /home/jkw/bopt_ws/install/bopt_description/share/bopt_description/models/aws_robomaker_residential_HouseWallB_01/meshes/aws_HouseWallB_01_visual.DAE\n'}
[0.134669] (bopt_description) StdoutLine: {'line': b'-- Up-to-date symlink: /home/jkw/bopt_ws/install/bopt_description/share/bopt_description/models/aws_robomaker_residential_HouseWallB_01/model.config\n'}
[0.134687] (bopt_description) StdoutLine: {'line': b'-- Up-to-date symlink: /home/jkw/bopt_ws/install/bopt_description/share/bopt_description/models/aws_robomaker_residential_HouseWallB_01/model.sdf\n'}
[0.134710] (bopt_description) StdoutLine: {'line': b'-- Up-to-date symlink: /home/jkw/bopt_ws/install/bopt_description/share/bopt_description/models/aws_robomaker_residential_KitchenCabinet_01/materials/textures/aws_KitchenCabinet_01.png\n'}
[0.134733] (bopt_description) StdoutLine: {'line': b'-- Up-to-date symlink: /home/jkw/bopt_ws/install/bopt_description/share/bopt_description/models/aws_robomaker_residential_KitchenCabinet_01/meshes/aws_KitchenCabinet_01_collision.DAE\n'}
[0.134758] (bopt_description) StdoutLine: {'line': b'-- Up-to-date symlink: /home/jkw/bopt_ws/install/bopt_description/share/bopt_description/models/aws_robomaker_residential_KitchenCabinet_01/meshes/aws_KitchenCabinet_01_visual.DAE\n'}
[0.134785] (bopt_description) StdoutLine: {'line': b'-- Up-to-date symlink: /home/jkw/bopt_ws/install/bopt_description/share/bopt_description/models/aws_robomaker_residential_KitchenCabinet_01/model.config\n'}
[0.134808] (bopt_description) StdoutLine: {'line': b'-- Up-to-date symlink: /home/jkw/bopt_ws/install/bopt_description/share/bopt_description/models/aws_robomaker_residential_KitchenCabinet_01/model.sdf\n'}
[0.134833] (bopt_description) StdoutLine: {'line': b'-- Up-to-date symlink: /home/jkw/bopt_ws/install/bopt_description/share/bopt_description/models/aws_robomaker_residential_KitchenTable_01/materials/textures/aws_KitchenTable_01.png\n'}
[0.134858] (bopt_description) StdoutLine: {'line': b'-- Up-to-date symlink: /home/jkw/bopt_ws/install/bopt_description/share/bopt_description/models/aws_robomaker_residential_KitchenTable_01/meshes/aws_KitchenTable_01_collision.DAE\n'}
[0.134883] (bopt_description) StdoutLine: {'line': b'-- Up-to-date symlink: /home/jkw/bopt_ws/install/bopt_description/share/bopt_description/models/aws_robomaker_residential_KitchenTable_01/meshes/aws_KitchenTable_01_visual.DAE\n'}
[0.134907] (bopt_description) StdoutLine: {'line': b'-- Up-to-date symlink: /home/jkw/bopt_ws/install/bopt_description/share/bopt_description/models/aws_robomaker_residential_KitchenTable_01/model.config\n'}
[0.134929] (bopt_description) StdoutLine: {'line': b'-- Up-to-date symlink: /home/jkw/bopt_ws/install/bopt_description/share/bopt_description/models/aws_robomaker_residential_KitchenTable_01/model.sdf\n'}
[0.134951] (bopt_description) StdoutLine: {'line': b'-- Up-to-date symlink: /home/jkw/bopt_ws/install/bopt_description/share/bopt_description/models/aws_robomaker_residential_KitchenUtensils_01/materials/textures/aws_KitchenUtensils_01.png\n'}
[0.134977] (bopt_description) StdoutLine: {'line': b'-- Up-to-date symlink: /home/jkw/bopt_ws/install/bopt_description/share/bopt_description/models/aws_robomaker_residential_KitchenUtensils_01/meshes/aws_KitchenUtensils_01_collision.DAE\n'}
[0.135003] (bopt_description) StdoutLine: {'line': b'-- Up-to-date symlink: /home/jkw/bopt_ws/install/bopt_description/share/bopt_description/models/aws_robomaker_residential_KitchenUtensils_01/meshes/aws_KitchenUtensils_01_visual.DAE\n'}
[0.135028] (bopt_description) StdoutLine: {'line': b'-- Up-to-date symlink: /home/jkw/bopt_ws/install/bopt_description/share/bopt_description/models/aws_robomaker_residential_KitchenUtensils_01/model.config\n'}
[0.135057] (bopt_description) StdoutLine: {'line': b'-- Up-to-date symlink: /home/jkw/bopt_ws/install/bopt_description/share/bopt_description/models/aws_robomaker_residential_KitchenUtensils_01/model.sdf\n'}
[0.135083] (bopt_description) StdoutLine: {'line': b'-- Up-to-date symlink: /home/jkw/bopt_ws/install/bopt_description/share/bopt_description/models/aws_robomaker_residential_LightC_01/materials/textures/aws_LightC_01.png\n'}
[0.135110] (bopt_description) StdoutLine: {'line': b'-- Up-to-date symlink: /home/jkw/bopt_ws/install/bopt_description/share/bopt_description/models/aws_robomaker_residential_LightC_01/meshes/aws_LightC_01_collision.DAE\n'}
[0.135136] (bopt_description) StdoutLine: {'line': b'-- Up-to-date symlink: /home/jkw/bopt_ws/install/bopt_description/share/bopt_description/models/aws_robomaker_residential_LightC_01/meshes/aws_LightC_01_visual.DAE\n'}
[0.135161] (bopt_description) StdoutLine: {'line': b'-- Up-to-date symlink: /home/jkw/bopt_ws/install/bopt_description/share/bopt_description/models/aws_robomaker_residential_LightC_01/model.config\n'}
[0.135185] (bopt_description) StdoutLine: {'line': b'-- Up-to-date symlink: /home/jkw/bopt_ws/install/bopt_description/share/bopt_description/models/aws_robomaker_residential_LightC_01/model.sdf\n'}
[0.135213] (bopt_description) StdoutLine: {'line': b'-- Up-to-date symlink: /home/jkw/bopt_ws/install/bopt_description/share/bopt_description/models/aws_robomaker_residential_NightStand_01/materials/textures/aws_NightStand_01.png\n'}
[0.135239] (bopt_description) StdoutLine: {'line': b'-- Up-to-date symlink: /home/jkw/bopt_ws/install/bopt_description/share/bopt_description/models/aws_robomaker_residential_NightStand_01/meshes/aws_NightStand_01_collision.DAE\n'}
[0.135295] (bopt_description) StdoutLine: {'line': b'-- Up-to-date symlink: /home/jkw/bopt_ws/install/bopt_description/share/bopt_description/models/aws_robomaker_residential_NightStand_01/meshes/aws_NightStand_01_visual.DAE\n'}
[0.135332] (bopt_description) StdoutLine: {'line': b'-- Up-to-date symlink: /home/jkw/bopt_ws/install/bopt_description/share/bopt_description/models/aws_robomaker_residential_NightStand_01/model.config\n'}
[0.135354] (bopt_description) StdoutLine: {'line': b'-- Up-to-date symlink: /home/jkw/bopt_ws/install/bopt_description/share/bopt_description/models/aws_robomaker_residential_NightStand_01/model.sdf\n'}
[0.135382] (bopt_description) StdoutLine: {'line': b'-- Up-to-date symlink: /home/jkw/bopt_ws/install/bopt_description/share/bopt_description/models/aws_robomaker_residential_Pillow_01/materials/textures/aws_Pillow_01.png\n'}
[0.135399] (bopt_description) StdoutLine: {'line': b'-- Up-to-date symlink: /home/jkw/bopt_ws/install/bopt_description/share/bopt_description/models/aws_robomaker_residential_Pillow_01/meshes/aws_Pillow_01_collision.DAE\n'}
[0.135428] (bopt_description) StdoutLine: {'line': b'-- Up-to-date symlink: /home/jkw/bopt_ws/install/bopt_description/share/bopt_description/models/aws_robomaker_residential_Pillow_01/meshes/aws_Pillow_01_visual.DAE\n'}
[0.135449] (bopt_description) StdoutLine: {'line': b'-- Up-to-date symlink: /home/jkw/bopt_ws/install/bopt_description/share/bopt_description/models/aws_robomaker_residential_Pillow_01/model.config\n'}
[0.135465] (bopt_description) StdoutLine: {'line': b'-- Up-to-date symlink: /home/jkw/bopt_ws/install/bopt_description/share/bopt_description/models/aws_robomaker_residential_Pillow_01/model.sdf\n'}
[0.135491] (bopt_description) StdoutLine: {'line': b'-- Up-to-date symlink: /home/jkw/bopt_ws/install/bopt_description/share/bopt_description/models/aws_robomaker_residential_PortraitA_01/materials/textures/aws_PortraitA_01.png\n'}
[0.135518] (bopt_description) StdoutLine: {'line': b'-- Up-to-date symlink: /home/jkw/bopt_ws/install/bopt_description/share/bopt_description/models/aws_robomaker_residential_PortraitA_01/materials/textures/aws_PortraitA_02.png\n'}
[0.135544] (bopt_description) StdoutLine: {'line': b'-- Up-to-date symlink: /home/jkw/bopt_ws/install/bopt_description/share/bopt_description/models/aws_robomaker_residential_PortraitA_01/meshes/aws_PortraitA_01_collision.DAE\n'}
[0.135570] (bopt_description) StdoutLine: {'line': b'-- Up-to-date symlink: /home/jkw/bopt_ws/install/bopt_description/share/bopt_description/models/aws_robomaker_residential_PortraitA_01/meshes/aws_PortraitA_01_visual.DAE\n'}
[0.135594] (bopt_description) StdoutLine: {'line': b'-- Up-to-date symlink: /home/jkw/bopt_ws/install/bopt_description/share/bopt_description/models/aws_robomaker_residential_PortraitA_01/model.config\n'}
[0.135619] (bopt_description) StdoutLine: {'line': b'-- Up-to-date symlink: /home/jkw/bopt_ws/install/bopt_description/share/bopt_description/models/aws_robomaker_residential_PortraitA_01/model.sdf\n'}
[0.135646] (bopt_description) StdoutLine: {'line': b'-- Up-to-date symlink: /home/jkw/bopt_ws/install/bopt_description/share/bopt_description/models/aws_robomaker_residential_PortraitA_02/materials/textures/aws_PortraitA_01.png\n'}
[0.135673] (bopt_description) StdoutLine: {'line': b'-- Up-to-date symlink: /home/jkw/bopt_ws/install/bopt_description/share/bopt_description/models/aws_robomaker_residential_PortraitA_02/materials/textures/aws_PortraitA_02.png\n'}
[0.135698] (bopt_description) StdoutLine: {'line': b'-- Up-to-date symlink: /home/jkw/bopt_ws/install/bopt_description/share/bopt_description/models/aws_robomaker_residential_PortraitA_02/meshes/aws_PortraitA_01_collision.DAE\n'}
[0.135724] (bopt_description) StdoutLine: {'line': b'-- Up-to-date symlink: /home/jkw/bopt_ws/install/bopt_description/share/bopt_description/models/aws_robomaker_residential_PortraitA_02/meshes/aws_PortraitA_01_visual.DAE\n'}
[0.135748] (bopt_description) StdoutLine: {'line': b'-- Up-to-date symlink: /home/jkw/bopt_ws/install/bopt_description/share/bopt_description/models/aws_robomaker_residential_PortraitA_02/model.config\n'}
[0.135772] (bopt_description) StdoutLine: {'line': b'-- Up-to-date symlink: /home/jkw/bopt_ws/install/bopt_description/share/bopt_description/models/aws_robomaker_residential_PortraitA_02/model.sdf\n'}
[0.135799] (bopt_description) StdoutLine: {'line': b'-- Up-to-date symlink: /home/jkw/bopt_ws/install/bopt_description/share/bopt_description/models/aws_robomaker_residential_PortraitB_01/materials/textures/aws_PortraitB_01.png\n'}
[0.135826] (bopt_description) StdoutLine: {'line': b'-- Up-to-date symlink: /home/jkw/bopt_ws/install/bopt_description/share/bopt_description/models/aws_robomaker_residential_PortraitB_01/materials/textures/aws_PortraitB_02.png\n'}
[0.135852] (bopt_description) StdoutLine: {'line': b'-- Up-to-date symlink: /home/jkw/bopt_ws/install/bopt_description/share/bopt_description/models/aws_robomaker_residential_PortraitB_01/meshes/aws_PortraitB_01_collision.DAE\n'}
[0.135878] (bopt_description) StdoutLine: {'line': b'-- Up-to-date symlink: /home/jkw/bopt_ws/install/bopt_description/share/bopt_description/models/aws_robomaker_residential_PortraitB_01/meshes/aws_PortraitB_01_visual.DAE\n'}
[0.135903] (bopt_description) StdoutLine: {'line': b'-- Up-to-date symlink: /home/jkw/bopt_ws/install/bopt_description/share/bopt_description/models/aws_robomaker_residential_PortraitB_01/model.config\n'}
[0.135928] (bopt_description) StdoutLine: {'line': b'-- Up-to-date symlink: /home/jkw/bopt_ws/install/bopt_description/share/bopt_description/models/aws_robomaker_residential_PortraitB_01/model.sdf\n'}
[0.135955] (bopt_description) StdoutLine: {'line': b'-- Up-to-date symlink: /home/jkw/bopt_ws/install/bopt_description/share/bopt_description/models/aws_robomaker_residential_PortraitB_02/materials/textures/aws_PortraitB_01.png\n'}
[0.135982] (bopt_description) StdoutLine: {'line': b'-- Up-to-date symlink: /home/jkw/bopt_ws/install/bopt_description/share/bopt_description/models/aws_robomaker_residential_PortraitB_02/materials/textures/aws_PortraitB_02.png\n'}
[0.136007] (bopt_description) StdoutLine: {'line': b'-- Up-to-date symlink: /home/jkw/bopt_ws/install/bopt_description/share/bopt_description/models/aws_robomaker_residential_PortraitB_02/meshes/aws_PortraitB_01_collision.DAE\n'}
[0.136033] (bopt_description) StdoutLine: {'line': b'-- Up-to-date symlink: /home/jkw/bopt_ws/install/bopt_description/share/bopt_description/models/aws_robomaker_residential_PortraitB_02/meshes/aws_PortraitB_01_visual.DAE\n'}
[0.136058] (bopt_description) StdoutLine: {'line': b'-- Up-to-date symlink: /home/jkw/bopt_ws/install/bopt_description/share/bopt_description/models/aws_robomaker_residential_PortraitB_02/model.config\n'}
[0.136083] (bopt_description) StdoutLine: {'line': b'-- Up-to-date symlink: /home/jkw/bopt_ws/install/bopt_description/share/bopt_description/models/aws_robomaker_residential_PortraitB_02/model.sdf\n'}
[0.136110] (bopt_description) StdoutLine: {'line': b'-- Up-to-date symlink: /home/jkw/bopt_ws/install/bopt_description/share/bopt_description/models/aws_robomaker_residential_PortraitB_03/materials/textures/aws_PortraitB_01.png\n'}
[0.136137] (bopt_description) StdoutLine: {'line': b'-- Up-to-date symlink: /home/jkw/bopt_ws/install/bopt_description/share/bopt_description/models/aws_robomaker_residential_PortraitB_03/materials/textures/aws_PortraitB_02.png\n'}
[0.136163] (bopt_description) StdoutLine: {'line': b'-- Up-to-date symlink: /home/jkw/bopt_ws/install/bopt_description/share/bopt_description/models/aws_robomaker_residential_PortraitB_03/meshes/aws_PortraitB_01_collision.DAE\n'}
[0.136188] (bopt_description) StdoutLine: {'line': b'-- Up-to-date symlink: /home/jkw/bopt_ws/install/bopt_description/share/bopt_description/models/aws_robomaker_residential_PortraitB_03/meshes/aws_PortraitB_01_visual.DAE\n'}
[0.136213] (bopt_description) StdoutLine: {'line': b'-- Up-to-date symlink: /home/jkw/bopt_ws/install/bopt_description/share/bopt_description/models/aws_robomaker_residential_PortraitB_03/model.config\n'}
[0.136238] (bopt_description) StdoutLine: {'line': b'-- Up-to-date symlink: /home/jkw/bopt_ws/install/bopt_description/share/bopt_description/models/aws_robomaker_residential_PortraitB_03/model.sdf\n'}
[0.136268] (bopt_description) StdoutLine: {'line': b'-- Up-to-date symlink: /home/jkw/bopt_ws/install/bopt_description/share/bopt_description/models/aws_robomaker_residential_PortraitC_01/materials/textures/aws_PortraitC_01.png\n'}
[0.136295] (bopt_description) StdoutLine: {'line': b'-- Up-to-date symlink: /home/jkw/bopt_ws/install/bopt_description/share/bopt_description/models/aws_robomaker_residential_PortraitC_01/materials/textures/aws_PortraitC_02.png\n'}
[0.136320] (bopt_description) StdoutLine: {'line': b'-- Up-to-date symlink: /home/jkw/bopt_ws/install/bopt_description/share/bopt_description/models/aws_robomaker_residential_PortraitC_01/meshes/aws_PortraitC_01_collision.DAE\n'}
[0.136346] (bopt_description) StdoutLine: {'line': b'-- Up-to-date symlink: /home/jkw/bopt_ws/install/bopt_description/share/bopt_description/models/aws_robomaker_residential_PortraitC_01/meshes/aws_PortraitC_01_visual.DAE\n'}
[0.136371] (bopt_description) StdoutLine: {'line': b'-- Up-to-date symlink: /home/jkw/bopt_ws/install/bopt_description/share/bopt_description/models/aws_robomaker_residential_PortraitC_01/model.config\n'}
[0.136395] (bopt_description) StdoutLine: {'line': b'-- Up-to-date symlink: /home/jkw/bopt_ws/install/bopt_description/share/bopt_description/models/aws_robomaker_residential_PortraitC_01/model.sdf\n'}
[0.136423] (bopt_description) StdoutLine: {'line': b'-- Up-to-date symlink: /home/jkw/bopt_ws/install/bopt_description/share/bopt_description/models/aws_robomaker_residential_PortraitD_01/materials/textures/aws_PortraitD_01.png\n'}
[0.136449] (bopt_description) StdoutLine: {'line': b'-- Up-to-date symlink: /home/jkw/bopt_ws/install/bopt_description/share/bopt_description/models/aws_robomaker_residential_PortraitD_01/materials/textures/aws_PortraitD_02.png\n'}
[0.136475] (bopt_description) StdoutLine: {'line': b'-- Up-to-date symlink: /home/jkw/bopt_ws/install/bopt_description/share/bopt_description/models/aws_robomaker_residential_PortraitD_01/meshes/aws_PortraitD_01_collision.DAE\n'}
[0.136501] (bopt_description) StdoutLine: {'line': b'-- Up-to-date symlink: /home/jkw/bopt_ws/install/bopt_description/share/bopt_description/models/aws_robomaker_residential_PortraitD_01/meshes/aws_PortraitD_01_visual.DAE\n'}
[0.136526] (bopt_description) StdoutLine: {'line': b'-- Up-to-date symlink: /home/jkw/bopt_ws/install/bopt_description/share/bopt_description/models/aws_robomaker_residential_PortraitD_01/model.config\n'}
[0.136551] (bopt_description) StdoutLine: {'line': b'-- Up-to-date symlink: /home/jkw/bopt_ws/install/bopt_description/share/bopt_description/models/aws_robomaker_residential_PortraitD_01/model.sdf\n'}
[0.136580] (bopt_description) StdoutLine: {'line': b'-- Up-to-date symlink: /home/jkw/bopt_ws/install/bopt_description/share/bopt_description/models/aws_robomaker_residential_PortraitD_02/materials/textures/aws_PortraitD_01.png\n'}
[0.136607] (bopt_description) StdoutLine: {'line': b'-- Up-to-date symlink: /home/jkw/bopt_ws/install/bopt_description/share/bopt_description/models/aws_robomaker_residential_PortraitD_02/materials/textures/aws_PortraitD_02.png\n'}
[0.136634] (bopt_description) StdoutLine: {'line': b'-- Up-to-date symlink: /home/jkw/bopt_ws/install/bopt_description/share/bopt_description/models/aws_robomaker_residential_PortraitD_02/meshes/aws_PortraitD_01_collision.DAE\n'}
[0.136659] (bopt_description) StdoutLine: {'line': b'-- Up-to-date symlink: /home/jkw/bopt_ws/install/bopt_description/share/bopt_description/models/aws_robomaker_residential_PortraitD_02/meshes/aws_PortraitD_01_visual.DAE\n'}
[0.136684] (bopt_description) StdoutLine: {'line': b'-- Up-to-date symlink: /home/jkw/bopt_ws/install/bopt_description/share/bopt_description/models/aws_robomaker_residential_PortraitD_02/model.config\n'}
[0.136709] (bopt_description) StdoutLine: {'line': b'-- Up-to-date symlink: /home/jkw/bopt_ws/install/bopt_description/share/bopt_description/models/aws_robomaker_residential_PortraitD_02/model.sdf\n'}
[0.136737] (bopt_description) StdoutLine: {'line': b'-- Up-to-date symlink: /home/jkw/bopt_ws/install/bopt_description/share/bopt_description/models/aws_robomaker_residential_PortraitE_01/materials/textures/aws_PortraitE_01.png\n'}
[0.136764] (bopt_description) StdoutLine: {'line': b'-- Up-to-date symlink: /home/jkw/bopt_ws/install/bopt_description/share/bopt_description/models/aws_robomaker_residential_PortraitE_01/materials/textures/aws_PortraitE_02.png\n'}
[0.136790] (bopt_description) StdoutLine: {'line': b'-- Up-to-date symlink: /home/jkw/bopt_ws/install/bopt_description/share/bopt_description/models/aws_robomaker_residential_PortraitE_01/meshes/aws_PortraitE_01_collision.DAE\n'}
[0.136816] (bopt_description) StdoutLine: {'line': b'-- Up-to-date symlink: /home/jkw/bopt_ws/install/bopt_description/share/bopt_description/models/aws_robomaker_residential_PortraitE_01/meshes/aws_PortraitE_01_visual.DAE\n'}
[0.136840] (bopt_description) StdoutLine: {'line': b'-- Up-to-date symlink: /home/jkw/bopt_ws/install/bopt_description/share/bopt_description/models/aws_robomaker_residential_PortraitE_01/model.config\n'}
[0.136865] (bopt_description) StdoutLine: {'line': b'-- Up-to-date symlink: /home/jkw/bopt_ws/install/bopt_description/share/bopt_description/models/aws_robomaker_residential_PortraitE_01/model.sdf\n'}
[0.136893] (bopt_description) StdoutLine: {'line': b'-- Up-to-date symlink: /home/jkw/bopt_ws/install/bopt_description/share/bopt_description/models/aws_robomaker_residential_PortraitE_02/materials/textures/aws_PortraitE_01.png\n'}
[0.136919] (bopt_description) StdoutLine: {'line': b'-- Up-to-date symlink: /home/jkw/bopt_ws/install/bopt_description/share/bopt_description/models/aws_robomaker_residential_PortraitE_02/materials/textures/aws_PortraitE_02.png\n'}
[0.136946] (bopt_description) StdoutLine: {'line': b'-- Up-to-date symlink: /home/jkw/bopt_ws/install/bopt_description/share/bopt_description/models/aws_robomaker_residential_PortraitE_02/meshes/aws_PortraitE_01_collision.DAE\n'}
[0.136972] (bopt_description) StdoutLine: {'line': b'-- Up-to-date symlink: /home/jkw/bopt_ws/install/bopt_description/share/bopt_description/models/aws_robomaker_residential_PortraitE_02/meshes/aws_PortraitE_01_visual.DAE\n'}
[0.136997] (bopt_description) StdoutLine: {'line': b'-- Up-to-date symlink: /home/jkw/bopt_ws/install/bopt_description/share/bopt_description/models/aws_robomaker_residential_PortraitE_02/model.config\n'}
[0.137021] (bopt_description) StdoutLine: {'line': b'-- Up-to-date symlink: /home/jkw/bopt_ws/install/bopt_description/share/bopt_description/models/aws_robomaker_residential_PortraitE_02/model.sdf\n'}
[0.137049] (bopt_description) StdoutLine: {'line': b'-- Up-to-date symlink: /home/jkw/bopt_ws/install/bopt_description/share/bopt_description/models/aws_robomaker_residential_Quilt_01/materials/textures/aws_Quilt_01.png\n'}
[0.137075] (bopt_description) StdoutLine: {'line': b'-- Up-to-date symlink: /home/jkw/bopt_ws/install/bopt_description/share/bopt_description/models/aws_robomaker_residential_Quilt_01/meshes/aws_Quilt_01_collision.DAE\n'}
[0.137101] (bopt_description) StdoutLine: {'line': b'-- Up-to-date symlink: /home/jkw/bopt_ws/install/bopt_description/share/bopt_description/models/aws_robomaker_residential_Quilt_01/meshes/aws_Quilt_01_visual.DAE\n'}
[0.137126] (bopt_description) StdoutLine: {'line': b'-- Up-to-date symlink: /home/jkw/bopt_ws/install/bopt_description/share/bopt_description/models/aws_robomaker_residential_Quilt_01/model.config\n'}
[0.137152] (bopt_description) StdoutLine: {'line': b'-- Up-to-date symlink: /home/jkw/bopt_ws/install/bopt_description/share/bopt_description/models/aws_robomaker_residential_Quilt_01/model.sdf\n'}
[0.137179] (bopt_description) StdoutLine: {'line': b'-- Up-to-date symlink: /home/jkw/bopt_ws/install/bopt_description/share/bopt_description/models/aws_robomaker_residential_Rangehood_01/materials/textures/aws_Rangehood_01.png\n'}
[0.137205] (bopt_description) StdoutLine: {'line': b'-- Up-to-date symlink: /home/jkw/bopt_ws/install/bopt_description/share/bopt_description/models/aws_robomaker_residential_Rangehood_01/meshes/aws_Rangehood_01_collision.DAE\n'}
[0.137231] (bopt_description) StdoutLine: {'line': b'-- Up-to-date symlink: /home/jkw/bopt_ws/install/bopt_description/share/bopt_description/models/aws_robomaker_residential_Rangehood_01/meshes/aws_Rangehood_01_visual.DAE\n'}
[0.137258] (bopt_description) StdoutLine: {'line': b'-- Up-to-date symlink: /home/jkw/bopt_ws/install/bopt_description/share/bopt_description/models/aws_robomaker_residential_Rangehood_01/model.config\n'}
[0.137288] (bopt_description) StdoutLine: {'line': b'-- Up-to-date symlink: /home/jkw/bopt_ws/install/bopt_description/share/bopt_description/models/aws_robomaker_residential_Rangehood_01/model.sdf\n'}
[0.137314] (bopt_description) StdoutLine: {'line': b'-- Up-to-date symlink: /home/jkw/bopt_ws/install/bopt_description/share/bopt_description/models/aws_robomaker_residential_ReadingDesk_01/materials/textures/aws_ReadingDesk_01.png\n'}
[0.137340] (bopt_description) StdoutLine: {'line': b'-- Up-to-date symlink: /home/jkw/bopt_ws/install/bopt_description/share/bopt_description/models/aws_robomaker_residential_ReadingDesk_01/meshes/aws_ReadingDesk_01_collision.DAE\n'}
[0.137368] (bopt_description) StdoutLine: {'line': b'-- Up-to-date symlink: /home/jkw/bopt_ws/install/bopt_description/share/bopt_description/models/aws_robomaker_residential_ReadingDesk_01/meshes/aws_ReadingDesk_01_visual.DAE\n'}
[0.137393] (bopt_description) StdoutLine: {'line': b'-- Up-to-date symlink: /home/jkw/bopt_ws/install/bopt_description/share/bopt_description/models/aws_robomaker_residential_ReadingDesk_01/model.config\n'}
[0.137418] (bopt_description) StdoutLine: {'line': b'-- Up-to-date symlink: /home/jkw/bopt_ws/install/bopt_description/share/bopt_description/models/aws_robomaker_residential_ReadingDesk_01/model.sdf\n'}
[0.137446] (bopt_description) StdoutLine: {'line': b'-- Up-to-date symlink: /home/jkw/bopt_ws/install/bopt_description/share/bopt_description/models/aws_robomaker_residential_Refrigerator_01/materials/textures/aws_Refrigerator_01.png\n'}
[0.137473] (bopt_description) StdoutLine: {'line': b'-- Up-to-date symlink: /home/jkw/bopt_ws/install/bopt_description/share/bopt_description/models/aws_robomaker_residential_Refrigerator_01/materials/textures/aws_Refrigerator_02.png\n'}
[0.137500] (bopt_description) StdoutLine: {'line': b'-- Up-to-date symlink: /home/jkw/bopt_ws/install/bopt_description/share/bopt_description/models/aws_robomaker_residential_Refrigerator_01/meshes/aws_Refrigerator_01.DAE\n'}
[0.137526] (bopt_description) StdoutLine: {'line': b'-- Up-to-date symlink: /home/jkw/bopt_ws/install/bopt_description/share/bopt_description/models/aws_robomaker_residential_Refrigerator_01/meshes/aws_Refrigerator_01_collision.DAE\n'}
[0.137552] (bopt_description) StdoutLine: {'line': b'-- Up-to-date symlink: /home/jkw/bopt_ws/install/bopt_description/share/bopt_description/models/aws_robomaker_residential_Refrigerator_01/meshes/aws_Refrigerator_01_visual.DAE\n'}
[0.137577] (bopt_description) StdoutLine: {'line': b'-- Up-to-date symlink: /home/jkw/bopt_ws/install/bopt_description/share/bopt_description/models/aws_robomaker_residential_Refrigerator_01/model.config\n'}
[0.137601] (bopt_description) StdoutLine: {'line': b'-- Up-to-date symlink: /home/jkw/bopt_ws/install/bopt_description/share/bopt_description/models/aws_robomaker_residential_Refrigerator_01/model.sdf\n'}
[0.137629] (bopt_description) StdoutLine: {'line': b'-- Up-to-date symlink: /home/jkw/bopt_ws/install/bopt_description/share/bopt_description/models/aws_robomaker_residential_RoomCeiling_01/materials/textures/aws_RoomCeiling_01.png\n'}
[0.137656] (bopt_description) StdoutLine: {'line': b'-- Up-to-date symlink: /home/jkw/bopt_ws/install/bopt_description/share/bopt_description/models/aws_robomaker_residential_RoomCeiling_01/meshes/aws_RoomCeiling_01_collision.DAE\n'}
[0.137682] (bopt_description) StdoutLine: {'line': b'-- Up-to-date symlink: /home/jkw/bopt_ws/install/bopt_description/share/bopt_description/models/aws_robomaker_residential_RoomCeiling_01/meshes/aws_RoomCeiling_01_visual.DAE\n'}
[0.137707] (bopt_description) StdoutLine: {'line': b'-- Up-to-date symlink: /home/jkw/bopt_ws/install/bopt_description/share/bopt_description/models/aws_robomaker_residential_RoomCeiling_01/model.config\n'}
[0.137731] (bopt_description) StdoutLine: {'line': b'-- Up-to-date symlink: /home/jkw/bopt_ws/install/bopt_description/share/bopt_description/models/aws_robomaker_residential_RoomCeiling_01/model.sdf\n'}
[0.137760] (bopt_description) StdoutLine: {'line': b'-- Up-to-date symlink: /home/jkw/bopt_ws/install/bopt_description/share/bopt_description/models/aws_robomaker_residential_RoomWall_01/materials/textures/aws_RoomWall_01.png\n'}
[0.137786] (bopt_description) StdoutLine: {'line': b'-- Up-to-date symlink: /home/jkw/bopt_ws/install/bopt_description/share/bopt_description/models/aws_robomaker_residential_RoomWall_01/meshes/aws_RoomWall_01_collision.DAE\n'}
[0.137811] (bopt_description) StdoutLine: {'line': b'-- Up-to-date symlink: /home/jkw/bopt_ws/install/bopt_description/share/bopt_description/models/aws_robomaker_residential_RoomWall_01/meshes/aws_RoomWall_01_visual.DAE\n'}
[0.137837] (bopt_description) StdoutLine: {'line': b'-- Up-to-date symlink: /home/jkw/bopt_ws/install/bopt_description/share/bopt_description/models/aws_robomaker_residential_RoomWall_01/model.config\n'}
[0.137861] (bopt_description) StdoutLine: {'line': b'-- Up-to-date symlink: /home/jkw/bopt_ws/install/bopt_description/share/bopt_description/models/aws_robomaker_residential_RoomWall_01/model.sdf\n'}
[0.137889] (bopt_description) StdoutLine: {'line': b'-- Up-to-date symlink: /home/jkw/bopt_ws/install/bopt_description/share/bopt_description/models/aws_robomaker_residential_RoomWindow_01/materials/textures/aws_RoomWindow_01.png\n'}
[0.137916] (bopt_description) StdoutLine: {'line': b'-- Up-to-date symlink: /home/jkw/bopt_ws/install/bopt_description/share/bopt_description/models/aws_robomaker_residential_RoomWindow_01/meshes/aws_RoomWindow_01_collision.DAE\n'}
[0.137942] (bopt_description) StdoutLine: {'line': b'-- Up-to-date symlink: /home/jkw/bopt_ws/install/bopt_description/share/bopt_description/models/aws_robomaker_residential_RoomWindow_01/meshes/aws_RoomWindow_01_visual.DAE\n'}
[0.137967] (bopt_description) StdoutLine: {'line': b'-- Up-to-date symlink: /home/jkw/bopt_ws/install/bopt_description/share/bopt_description/models/aws_robomaker_residential_RoomWindow_01/model.config\n'}
[0.137992] (bopt_description) StdoutLine: {'line': b'-- Up-to-date symlink: /home/jkw/bopt_ws/install/bopt_description/share/bopt_description/models/aws_robomaker_residential_RoomWindow_01/model.sdf\n'}
[0.138021] (bopt_description) StdoutLine: {'line': b'-- Up-to-date symlink: /home/jkw/bopt_ws/install/bopt_description/share/bopt_description/models/aws_robomaker_residential_SeasoningBox_01/materials/textures/aws_SeasoningBox_01.png\n'}
[0.138048] (bopt_description) StdoutLine: {'line': b'-- Up-to-date symlink: /home/jkw/bopt_ws/install/bopt_description/share/bopt_description/models/aws_robomaker_residential_SeasoningBox_01/meshes/aws_SeasoningBox_01_collision.DAE\n'}
[0.138074] (bopt_description) StdoutLine: {'line': b'-- Up-to-date symlink: /home/jkw/bopt_ws/install/bopt_description/share/bopt_description/models/aws_robomaker_residential_SeasoningBox_01/meshes/aws_SeasoningBox_01_visual.DAE\n'}
[0.138099] (bopt_description) StdoutLine: {'line': b'-- Up-to-date symlink: /home/jkw/bopt_ws/install/bopt_description/share/bopt_description/models/aws_robomaker_residential_SeasoningBox_01/model.config\n'}
[0.138125] (bopt_description) StdoutLine: {'line': b'-- Up-to-date symlink: /home/jkw/bopt_ws/install/bopt_description/share/bopt_description/models/aws_robomaker_residential_SeasoningBox_01/model.sdf\n'}
[0.138153] (bopt_description) StdoutLine: {'line': b'-- Up-to-date symlink: /home/jkw/bopt_ws/install/bopt_description/share/bopt_description/models/aws_robomaker_residential_SecurityCamera_01/materials/textures/aws_SecurityCamera_01.png\n'}
[0.138180] (bopt_description) StdoutLine: {'line': b'-- Up-to-date symlink: /home/jkw/bopt_ws/install/bopt_description/share/bopt_description/models/aws_robomaker_residential_SecurityCamera_01/meshes/aws_SecurityCamera_01_collision.DAE\n'}
[0.138207] (bopt_description) StdoutLine: {'line': b'-- Up-to-date symlink: /home/jkw/bopt_ws/install/bopt_description/share/bopt_description/models/aws_robomaker_residential_SecurityCamera_01/meshes/aws_SecurityCamera_01_visual.DAE\n'}
[0.138232] (bopt_description) StdoutLine: {'line': b'-- Up-to-date symlink: /home/jkw/bopt_ws/install/bopt_description/share/bopt_description/models/aws_robomaker_residential_SecurityCamera_01/model.config\n'}
[0.138258] (bopt_description) StdoutLine: {'line': b'-- Up-to-date symlink: /home/jkw/bopt_ws/install/bopt_description/share/bopt_description/models/aws_robomaker_residential_SecurityCamera_01/model.sdf\n'}
[0.138288] (bopt_description) StdoutLine: {'line': b'-- Up-to-date symlink: /home/jkw/bopt_ws/install/bopt_description/share/bopt_description/models/aws_robomaker_residential_ShoeRack_01/materials/textures/aws_ShoeRack_01.png\n'}
[0.138314] (bopt_description) StdoutLine: {'line': b'-- Up-to-date symlink: /home/jkw/bopt_ws/install/bopt_description/share/bopt_description/models/aws_robomaker_residential_ShoeRack_01/meshes/aws_ShoeRack_01_collision.DAE\n'}
[0.138341] (bopt_description) StdoutLine: {'line': b'-- Up-to-date symlink: /home/jkw/bopt_ws/install/bopt_description/share/bopt_description/models/aws_robomaker_residential_ShoeRack_01/meshes/aws_ShoeRack_01_visual.DAE\n'}
[0.138366] (bopt_description) StdoutLine: {'line': b'-- Up-to-date symlink: /home/jkw/bopt_ws/install/bopt_description/share/bopt_description/models/aws_robomaker_residential_ShoeRack_01/model.config\n'}
[0.138391] (bopt_description) StdoutLine: {'line': b'-- Up-to-date symlink: /home/jkw/bopt_ws/install/bopt_description/share/bopt_description/models/aws_robomaker_residential_ShoeRack_01/model.sdf\n'}
[0.138419] (bopt_description) StdoutLine: {'line': b'-- Up-to-date symlink: /home/jkw/bopt_ws/install/bopt_description/share/bopt_description/models/aws_robomaker_residential_SofaB_01/materials/textures/aws_SofaB_01.png\n'}
[0.138445] (bopt_description) StdoutLine: {'line': b'-- Up-to-date symlink: /home/jkw/bopt_ws/install/bopt_description/share/bopt_description/models/aws_robomaker_residential_SofaB_01/meshes/aws_SofaB_01_collision.DAE\n'}
[0.138471] (bopt_description) StdoutLine: {'line': b'-- Up-to-date symlink: /home/jkw/bopt_ws/install/bopt_description/share/bopt_description/models/aws_robomaker_residential_SofaB_01/meshes/aws_SofaB_01_visual.DAE\n'}
[0.138497] (bopt_description) StdoutLine: {'line': b'-- Up-to-date symlink: /home/jkw/bopt_ws/install/bopt_description/share/bopt_description/models/aws_robomaker_residential_SofaB_01/model.config\n'}
[0.138522] (bopt_description) StdoutLine: {'line': b'-- Up-to-date symlink: /home/jkw/bopt_ws/install/bopt_description/share/bopt_description/models/aws_robomaker_residential_SofaB_01/model.sdf\n'}
[0.138549] (bopt_description) StdoutLine: {'line': b'-- Up-to-date symlink: /home/jkw/bopt_ws/install/bopt_description/share/bopt_description/models/aws_robomaker_residential_SofaC_01/materials/textures/aws_SofaC_01.png\n'}
[0.138576] (bopt_description) StdoutLine: {'line': b'-- Up-to-date symlink: /home/jkw/bopt_ws/install/bopt_description/share/bopt_description/models/aws_robomaker_residential_SofaC_01/meshes/aws_SofaC_01_collision.DAE\n'}
[0.138601] (bopt_description) StdoutLine: {'line': b'-- Up-to-date symlink: /home/jkw/bopt_ws/install/bopt_description/share/bopt_description/models/aws_robomaker_residential_SofaC_01/meshes/aws_SofaC_01_visual.DAE\n'}
[0.138627] (bopt_description) StdoutLine: {'line': b'-- Up-to-date symlink: /home/jkw/bopt_ws/install/bopt_description/share/bopt_description/models/aws_robomaker_residential_SofaC_01/model.config\n'}
[0.138652] (bopt_description) StdoutLine: {'line': b'-- Up-to-date symlink: /home/jkw/bopt_ws/install/bopt_description/share/bopt_description/models/aws_robomaker_residential_SofaC_01/model.sdf\n'}
[0.138680] (bopt_description) StdoutLine: {'line': b'-- Up-to-date symlink: /home/jkw/bopt_ws/install/bopt_description/share/bopt_description/models/aws_robomaker_residential_Sofa_01/materials/textures/aws_Sofa_01.png\n'}
[0.138706] (bopt_description) StdoutLine: {'line': b'-- Up-to-date symlink: /home/jkw/bopt_ws/install/bopt_description/share/bopt_description/models/aws_robomaker_residential_Sofa_01/meshes/aws_Sofa_01.DAE\n'}
[0.138732] (bopt_description) StdoutLine: {'line': b'-- Up-to-date symlink: /home/jkw/bopt_ws/install/bopt_description/share/bopt_description/models/aws_robomaker_residential_Sofa_01/meshes/aws_Sofa_01_collision.DAE\n'}
[0.138758] (bopt_description) StdoutLine: {'line': b'-- Up-to-date symlink: /home/jkw/bopt_ws/install/bopt_description/share/bopt_description/models/aws_robomaker_residential_Sofa_01/meshes/aws_Sofa_01_visual.DAE\n'}
[0.138783] (bopt_description) StdoutLine: {'line': b'-- Up-to-date symlink: /home/jkw/bopt_ws/install/bopt_description/share/bopt_description/models/aws_robomaker_residential_Sofa_01/model.config\n'}
[0.138808] (bopt_description) StdoutLine: {'line': b'-- Up-to-date symlink: /home/jkw/bopt_ws/install/bopt_description/share/bopt_description/models/aws_robomaker_residential_Sofa_01/model.sdf\n'}
[0.138837] (bopt_description) StdoutLine: {'line': b'-- Up-to-date symlink: /home/jkw/bopt_ws/install/bopt_description/share/bopt_description/models/aws_robomaker_residential_TVCabinet_01/materials/textures/aws_TVCabinet_01.png\n'}
[0.138863] (bopt_description) StdoutLine: {'line': b'-- Up-to-date symlink: /home/jkw/bopt_ws/install/bopt_description/share/bopt_description/models/aws_robomaker_residential_TVCabinet_01/meshes/aws_TVCabinet_01_collision.DAE\n'}
[0.138889] (bopt_description) StdoutLine: {'line': b'-- Up-to-date symlink: /home/jkw/bopt_ws/install/bopt_description/share/bopt_description/models/aws_robomaker_residential_TVCabinet_01/meshes/aws_TVCabinet_01_visual.DAE\n'}
[0.138915] (bopt_description) StdoutLine: {'line': b'-- Up-to-date symlink: /home/jkw/bopt_ws/install/bopt_description/share/bopt_description/models/aws_robomaker_residential_TVCabinet_01/model.config\n'}
[0.138940] (bopt_description) StdoutLine: {'line': b'-- Up-to-date symlink: /home/jkw/bopt_ws/install/bopt_description/share/bopt_description/models/aws_robomaker_residential_TVCabinet_01/model.sdf\n'}
[0.138969] (bopt_description) StdoutLine: {'line': b'-- Up-to-date symlink: /home/jkw/bopt_ws/install/bopt_description/share/bopt_description/models/aws_robomaker_residential_TV_01/materials/textures/aws_TV_01.png\n'}
[0.138995] (bopt_description) StdoutLine: {'line': b'-- Up-to-date symlink: /home/jkw/bopt_ws/install/bopt_description/share/bopt_description/models/aws_robomaker_residential_TV_01/meshes/aws_TV_01_collision.DAE\n'}
[0.139021] (bopt_description) StdoutLine: {'line': b'-- Up-to-date symlink: /home/jkw/bopt_ws/install/bopt_description/share/bopt_description/models/aws_robomaker_residential_TV_01/meshes/aws_TV_01_visual.DAE\n'}
[0.139046] (bopt_description) StdoutLine: {'line': b'-- Up-to-date symlink: /home/jkw/bopt_ws/install/bopt_description/share/bopt_description/models/aws_robomaker_residential_TV_01/model.config\n'}
[0.139071] (bopt_description) StdoutLine: {'line': b'-- Up-to-date symlink: /home/jkw/bopt_ws/install/bopt_description/share/bopt_description/models/aws_robomaker_residential_TV_01/model.sdf\n'}
[0.139099] (bopt_description) StdoutLine: {'line': b'-- Up-to-date symlink: /home/jkw/bopt_ws/install/bopt_description/share/bopt_description/models/aws_robomaker_residential_TV_02/materials/textures/aws_TV_01.png\n'}
[0.139125] (bopt_description) StdoutLine: {'line': b'-- Up-to-date symlink: /home/jkw/bopt_ws/install/bopt_description/share/bopt_description/models/aws_robomaker_residential_TV_02/meshes/aws_TV_01_collision.DAE\n'}
[0.139151] (bopt_description) StdoutLine: {'line': b'-- Up-to-date symlink: /home/jkw/bopt_ws/install/bopt_description/share/bopt_description/models/aws_robomaker_residential_TV_02/meshes/aws_TV_01_visual.DAE\n'}
[0.139176] (bopt_description) StdoutLine: {'line': b'-- Up-to-date symlink: /home/jkw/bopt_ws/install/bopt_description/share/bopt_description/models/aws_robomaker_residential_TV_02/model.config\n'}
[0.139201] (bopt_description) StdoutLine: {'line': b'-- Up-to-date symlink: /home/jkw/bopt_ws/install/bopt_description/share/bopt_description/models/aws_robomaker_residential_TV_02/model.sdf\n'}
[0.139229] (bopt_description) StdoutLine: {'line': b'-- Up-to-date symlink: /home/jkw/bopt_ws/install/bopt_description/share/bopt_description/models/aws_robomaker_residential_Tablet_01/materials/textures/aws_Tablet_01_nologo.png\n'}
[0.139258] (bopt_description) StdoutLine: {'line': b'-- Up-to-date symlink: /home/jkw/bopt_ws/install/bopt_description/share/bopt_description/models/aws_robomaker_residential_Tablet_01/meshes/aws_Tablet_01_collision.DAE\n'}
[0.139286] (bopt_description) StdoutLine: {'line': b'-- Up-to-date symlink: /home/jkw/bopt_ws/install/bopt_description/share/bopt_description/models/aws_robomaker_residential_Tablet_01/meshes/aws_Tablet_01_visual.DAE\n'}
[0.139310] (bopt_description) StdoutLine: {'line': b'-- Up-to-date symlink: /home/jkw/bopt_ws/install/bopt_description/share/bopt_description/models/aws_robomaker_residential_Tablet_01/model.config\n'}
[0.139335] (bopt_description) StdoutLine: {'line': b'-- Up-to-date symlink: /home/jkw/bopt_ws/install/bopt_description/share/bopt_description/models/aws_robomaker_residential_Tablet_01/model.sdf\n'}
[0.139363] (bopt_description) StdoutLine: {'line': b'-- Up-to-date symlink: /home/jkw/bopt_ws/install/bopt_description/share/bopt_description/models/aws_robomaker_residential_Tableware_01/materials/textures/aws_Tableware_01.png\n'}
[0.139390] (bopt_description) StdoutLine: {'line': b'-- Up-to-date symlink: /home/jkw/bopt_ws/install/bopt_description/share/bopt_description/models/aws_robomaker_residential_Tableware_01/meshes/aws_Tableware_01_collision.DAE\n'}
[0.139416] (bopt_description) StdoutLine: {'line': b'-- Up-to-date symlink: /home/jkw/bopt_ws/install/bopt_description/share/bopt_description/models/aws_robomaker_residential_Tableware_01/meshes/aws_Tableware_01_visual.DAE\n'}
[0.139442] (bopt_description) StdoutLine: {'line': b'-- Up-to-date symlink: /home/jkw/bopt_ws/install/bopt_description/share/bopt_description/models/aws_robomaker_residential_Tableware_01/model.config\n'}
[0.139467] (bopt_description) StdoutLine: {'line': b'-- Up-to-date symlink: /home/jkw/bopt_ws/install/bopt_description/share/bopt_description/models/aws_robomaker_residential_Tableware_01/model.sdf\n'}
[0.139495] (bopt_description) StdoutLine: {'line': b'-- Up-to-date symlink: /home/jkw/bopt_ws/install/bopt_description/share/bopt_description/models/aws_robomaker_residential_Trash_01/materials/textures/aws_Trash_01.png\n'}
[0.139521] (bopt_description) StdoutLine: {'line': b'-- Up-to-date symlink: /home/jkw/bopt_ws/install/bopt_description/share/bopt_description/models/aws_robomaker_residential_Trash_01/meshes/aws_Trash_01_collision.DAE\n'}
[0.139547] (bopt_description) StdoutLine: {'line': b'-- Up-to-date symlink: /home/jkw/bopt_ws/install/bopt_description/share/bopt_description/models/aws_robomaker_residential_Trash_01/meshes/aws_Trash_01_visual.DAE\n'}
[0.139572] (bopt_description) StdoutLine: {'line': b'-- Up-to-date symlink: /home/jkw/bopt_ws/install/bopt_description/share/bopt_description/models/aws_robomaker_residential_Trash_01/model.config\n'}
[0.139597] (bopt_description) StdoutLine: {'line': b'-- Up-to-date symlink: /home/jkw/bopt_ws/install/bopt_description/share/bopt_description/models/aws_robomaker_residential_Trash_01/model.sdf\n'}
[0.139625] (bopt_description) StdoutLine: {'line': b'-- Up-to-date symlink: /home/jkw/bopt_ws/install/bopt_description/share/bopt_description/models/aws_robomaker_residential_Vase_01/materials/textures/aws_Vase_01.png\n'}
[0.139651] (bopt_description) StdoutLine: {'line': b'-- Up-to-date symlink: /home/jkw/bopt_ws/install/bopt_description/share/bopt_description/models/aws_robomaker_residential_Vase_01/meshes/aws_Vase_01_collision.DAE\n'}
[0.139677] (bopt_description) StdoutLine: {'line': b'-- Up-to-date symlink: /home/jkw/bopt_ws/install/bopt_description/share/bopt_description/models/aws_robomaker_residential_Vase_01/meshes/aws_Vase_01_visual.DAE\n'}
[0.139703] (bopt_description) StdoutLine: {'line': b'-- Up-to-date symlink: /home/jkw/bopt_ws/install/bopt_description/share/bopt_description/models/aws_robomaker_residential_Vase_01/model.config\n'}
[0.139728] (bopt_description) StdoutLine: {'line': b'-- Up-to-date symlink: /home/jkw/bopt_ws/install/bopt_description/share/bopt_description/models/aws_robomaker_residential_Vase_01/model.sdf\n'}
[0.139756] (bopt_description) StdoutLine: {'line': b'-- Up-to-date symlink: /home/jkw/bopt_ws/install/bopt_description/share/bopt_description/models/aws_robomaker_residential_Wardrobe_01/materials/textures/aws_Wardrobe_01.png\n'}
[0.139783] (bopt_description) StdoutLine: {'line': b'-- Up-to-date symlink: /home/jkw/bopt_ws/install/bopt_description/share/bopt_description/models/aws_robomaker_residential_Wardrobe_01/meshes/aws_Wardrobe_01_collision.DAE\n'}
[0.139809] (bopt_description) StdoutLine: {'line': b'-- Up-to-date symlink: /home/jkw/bopt_ws/install/bopt_description/share/bopt_description/models/aws_robomaker_residential_Wardrobe_01/meshes/aws_Wardrobe_01_visual.DAE\n'}
[0.139834] (bopt_description) StdoutLine: {'line': b'-- Up-to-date symlink: /home/jkw/bopt_ws/install/bopt_description/share/bopt_description/models/aws_robomaker_residential_Wardrobe_01/model.config\n'}
[0.139859] (bopt_description) StdoutLine: {'line': b'-- Up-to-date symlink: /home/jkw/bopt_ws/install/bopt_description/share/bopt_description/models/aws_robomaker_residential_Wardrobe_01/model.sdf\n'}
[0.139885] (bopt_description) StdoutLine: {'line': b'-- Up-to-date symlink: /home/jkw/bopt_ws/install/bopt_description/share/bopt_description/models/aws_robomaker_warehouse_Bucket_01/.DS_Store\n'}
[0.139911] (bopt_description) StdoutLine: {'line': b'-- Up-to-date symlink: /home/jkw/bopt_ws/install/bopt_description/share/bopt_description/models/aws_robomaker_warehouse_Bucket_01/materials/.DS_Store\n'}
[0.139940] (bopt_description) StdoutLine: {'line': b'-- Up-to-date symlink: /home/jkw/bopt_ws/install/bopt_description/share/bopt_description/models/aws_robomaker_warehouse_Bucket_01/materials/textures/aws_robomaker_warehouse_Bucket_01.png\n'}
[0.139968] (bopt_description) StdoutLine: {'line': b'-- Up-to-date symlink: /home/jkw/bopt_ws/install/bopt_description/share/bopt_description/models/aws_robomaker_warehouse_Bucket_01/meshes/aws_robomaker_warehouse_Bucket_01_collision.DAE\n'}
[0.139995] (bopt_description) StdoutLine: {'line': b'-- Up-to-date symlink: /home/jkw/bopt_ws/install/bopt_description/share/bopt_description/models/aws_robomaker_warehouse_Bucket_01/meshes/aws_robomaker_warehouse_Bucket_01_visual.DAE\n'}
[0.140020] (bopt_description) StdoutLine: {'line': b'-- Up-to-date symlink: /home/jkw/bopt_ws/install/bopt_description/share/bopt_description/models/aws_robomaker_warehouse_Bucket_01/model.config\n'}
[0.140045] (bopt_description) StdoutLine: {'line': b'-- Up-to-date symlink: /home/jkw/bopt_ws/install/bopt_description/share/bopt_description/models/aws_robomaker_warehouse_Bucket_01/model.sdf\n'}
[0.140070] (bopt_description) StdoutLine: {'line': b'-- Up-to-date symlink: /home/jkw/bopt_ws/install/bopt_description/share/bopt_description/models/aws_robomaker_warehouse_ClutteringA_01/.DS_Store\n'}
[0.140097] (bopt_description) StdoutLine: {'line': b'-- Up-to-date symlink: /home/jkw/bopt_ws/install/bopt_description/share/bopt_description/models/aws_robomaker_warehouse_ClutteringA_01/materials/.DS_Store\n'}
[0.140124] (bopt_description) StdoutLine: {'line': b'-- Up-to-date symlink: /home/jkw/bopt_ws/install/bopt_description/share/bopt_description/models/aws_robomaker_warehouse_ClutteringA_01/materials/textures/.DS_Store\n'}
[0.140153] (bopt_description) StdoutLine: {'line': b'-- Up-to-date symlink: /home/jkw/bopt_ws/install/bopt_description/share/bopt_description/models/aws_robomaker_warehouse_ClutteringA_01/materials/textures/aws_robomaker_warehouse_ClutteringA_01.png\n'}
[0.140181] (bopt_description) StdoutLine: {'line': b'-- Up-to-date symlink: /home/jkw/bopt_ws/install/bopt_description/share/bopt_description/models/aws_robomaker_warehouse_ClutteringA_01/materials/textures/aws_robomaker_warehouse_ClutteringA_02.png\n'}
[0.140208] (bopt_description) StdoutLine: {'line': b'-- Up-to-date symlink: /home/jkw/bopt_ws/install/bopt_description/share/bopt_description/models/aws_robomaker_warehouse_ClutteringA_01/materials/textures/aws_robomaker_warehouse_ClutteringA_03.png\n'}
[0.140235] (bopt_description) StdoutLine: {'line': b'-- Up-to-date symlink: /home/jkw/bopt_ws/install/bopt_description/share/bopt_description/models/aws_robomaker_warehouse_ClutteringA_01/meshes/aws_robomaker_warehouse_ClutteringA_01_collision.DAE\n'}
[0.140263] (bopt_description) StdoutLine: {'line': b'-- Up-to-date symlink: /home/jkw/bopt_ws/install/bopt_description/share/bopt_description/models/aws_robomaker_warehouse_ClutteringA_01/meshes/aws_robomaker_warehouse_ClutteringA_01_visual.DAE\n'}
[0.140288] (bopt_description) StdoutLine: {'line': b'-- Up-to-date symlink: /home/jkw/bopt_ws/install/bopt_description/share/bopt_description/models/aws_robomaker_warehouse_ClutteringA_01/model.config\n'}
[0.140314] (bopt_description) StdoutLine: {'line': b'-- Up-to-date symlink: /home/jkw/bopt_ws/install/bopt_description/share/bopt_description/models/aws_robomaker_warehouse_ClutteringA_01/model.sdf\n'}
[0.140342] (bopt_description) StdoutLine: {'line': b'-- Up-to-date symlink: /home/jkw/bopt_ws/install/bopt_description/share/bopt_description/models/aws_robomaker_warehouse_ClutteringC_01/materials/textures/aws_robomaker_warehouse_ClutteringC_01.png\n'}
[0.140369] (bopt_description) StdoutLine: {'line': b'-- Up-to-date symlink: /home/jkw/bopt_ws/install/bopt_description/share/bopt_description/models/aws_robomaker_warehouse_ClutteringC_01/materials/textures/aws_robomaker_warehouse_ClutteringC_02.png\n'}
[0.140396] (bopt_description) StdoutLine: {'line': b'-- Up-to-date symlink: /home/jkw/bopt_ws/install/bopt_description/share/bopt_description/models/aws_robomaker_warehouse_ClutteringC_01/meshes/aws_robomaker_warehouse_ClutteringC_01_collision.DAE\n'}
[0.140422] (bopt_description) StdoutLine: {'line': b'-- Up-to-date symlink: /home/jkw/bopt_ws/install/bopt_description/share/bopt_description/models/aws_robomaker_warehouse_ClutteringC_01/meshes/aws_robomaker_warehouse_ClutteringC_01_visual.DAE\n'}
[0.140447] (bopt_description) StdoutLine: {'line': b'-- Up-to-date symlink: /home/jkw/bopt_ws/install/bopt_description/share/bopt_description/models/aws_robomaker_warehouse_ClutteringC_01/model.config\n'}
[0.140472] (bopt_description) StdoutLine: {'line': b'-- Up-to-date symlink: /home/jkw/bopt_ws/install/bopt_description/share/bopt_description/models/aws_robomaker_warehouse_ClutteringC_01/model.sdf\n'}
[0.140500] (bopt_description) StdoutLine: {'line': b'-- Up-to-date symlink: /home/jkw/bopt_ws/install/bopt_description/share/bopt_description/models/aws_robomaker_warehouse_ClutteringD_01/materials/textures/aws_robomaker_warehouse_ClutteringD_01.png\n'}
[0.140527] (bopt_description) StdoutLine: {'line': b'-- Up-to-date symlink: /home/jkw/bopt_ws/install/bopt_description/share/bopt_description/models/aws_robomaker_warehouse_ClutteringD_01/materials/textures/aws_robomaker_warehouse_ClutteringD_02.png\n'}
[0.140553] (bopt_description) StdoutLine: {'line': b'-- Up-to-date symlink: /home/jkw/bopt_ws/install/bopt_description/share/bopt_description/models/aws_robomaker_warehouse_ClutteringD_01/meshes/aws_robomaker_warehouse_ClutteringD_01_collision.DAE\n'}
[0.140579] (bopt_description) StdoutLine: {'line': b'-- Up-to-date symlink: /home/jkw/bopt_ws/install/bopt_description/share/bopt_description/models/aws_robomaker_warehouse_ClutteringD_01/meshes/aws_robomaker_warehouse_ClutteringD_01_visual.DAE\n'}
[0.140605] (bopt_description) StdoutLine: {'line': b'-- Up-to-date symlink: /home/jkw/bopt_ws/install/bopt_description/share/bopt_description/models/aws_robomaker_warehouse_ClutteringD_01/model.config\n'}
[0.140629] (bopt_description) StdoutLine: {'line': b'-- Up-to-date symlink: /home/jkw/bopt_ws/install/bopt_description/share/bopt_description/models/aws_robomaker_warehouse_ClutteringD_01/model.sdf\n'}
[0.140656] (bopt_description) StdoutLine: {'line': b'-- Up-to-date symlink: /home/jkw/bopt_ws/install/bopt_description/share/bopt_description/models/aws_robomaker_warehouse_DeskC_01/materials/.DS_Store\n'}
[0.140692] (bopt_description) StdoutLine: {'line': b'-- Up-to-date symlink: /home/jkw/bopt_ws/install/bopt_description/share/bopt_description/models/aws_robomaker_warehouse_DeskC_01/materials/textures/aws_robomaker_warehouse_DeskC_01.png\n'}
[0.140743] (bopt_description) StdoutLine: {'line': b'-- Up-to-date symlink: /home/jkw/bopt_ws/install/bopt_description/share/bopt_description/models/aws_robomaker_warehouse_DeskC_01/materials/textures/aws_robomaker_warehouse_DeskC_02.png\n'}
[0.140806] (bopt_description) StdoutLine: {'line': b'-- Up-to-date symlink: /home/jkw/bopt_ws/install/bopt_description/share/bopt_description/models/aws_robomaker_warehouse_DeskC_01/materials/textures/aws_robomaker_warehouse_DeskC_03.png\n'}
[0.140840] (bopt_description) StdoutLine: {'line': b'-- Up-to-date symlink: /home/jkw/bopt_ws/install/bopt_description/share/bopt_description/models/aws_robomaker_warehouse_DeskC_01/materials/textures/aws_robomaker_warehouse_DeskC_03.psd\n'}
[0.140893] (bopt_description) StdoutLine: {'line': b'-- Up-to-date symlink: /home/jkw/bopt_ws/install/bopt_description/share/bopt_description/models/aws_robomaker_warehouse_DeskC_01/materials/textures/aws_robomaker_warehouse_DeskC_04.png\n'}
[0.140940] (bopt_description) StdoutLine: {'line': b'-- Up-to-date symlink: /home/jkw/bopt_ws/install/bopt_description/share/bopt_description/models/aws_robomaker_warehouse_DeskC_01/meshes/aws_robomaker_warehouse_DeskC_01_collision.DAE\n'}
[0.140978] (bopt_description) StdoutLine: {'line': b'-- Up-to-date symlink: /home/jkw/bopt_ws/install/bopt_description/share/bopt_description/models/aws_robomaker_warehouse_DeskC_01/meshes/aws_robomaker_warehouse_DeskC_01_visual.DAE\n'}
[0.141020] (bopt_description) StdoutLine: {'line': b'-- Up-to-date symlink: /home/jkw/bopt_ws/install/bopt_description/share/bopt_description/models/aws_robomaker_warehouse_DeskC_01/model.config\n'}
[0.141057] (bopt_description) StdoutLine: {'line': b'-- Up-to-date symlink: /home/jkw/bopt_ws/install/bopt_description/share/bopt_description/models/aws_robomaker_warehouse_DeskC_01/model.sdf\n'}
[0.141097] (bopt_description) StdoutLine: {'line': b'-- Up-to-date symlink: /home/jkw/bopt_ws/install/bopt_description/share/bopt_description/models/aws_robomaker_warehouse_GroundB_01/materials/textures/aws_robomaker_warehouse_GroundB_01.png\n'}
[0.141132] (bopt_description) StdoutLine: {'line': b'-- Up-to-date symlink: /home/jkw/bopt_ws/install/bopt_description/share/bopt_description/models/aws_robomaker_warehouse_GroundB_01/materials/textures/aws_robomaker_warehouse_GroundB_02.png\n'}
[0.141171] (bopt_description) StdoutLine: {'line': b'-- Up-to-date symlink: /home/jkw/bopt_ws/install/bopt_description/share/bopt_description/models/aws_robomaker_warehouse_GroundB_01/meshes/aws_robomaker_warehouse_GroundB_01_collision.DAE\n'}
[0.141206] (bopt_description) StdoutLine: {'line': b'-- Up-to-date symlink: /home/jkw/bopt_ws/install/bopt_description/share/bopt_description/models/aws_robomaker_warehouse_GroundB_01/meshes/aws_robomaker_warehouse_GroundB_01_visual.DAE\n'}
[0.141248] (bopt_description) StdoutLine: {'line': b'-- Up-to-date symlink: /home/jkw/bopt_ws/install/bopt_description/share/bopt_description/models/aws_robomaker_warehouse_GroundB_01/model.config\n'}
[0.141291] (bopt_description) StdoutLine: {'line': b'-- Up-to-date symlink: /home/jkw/bopt_ws/install/bopt_description/share/bopt_description/models/aws_robomaker_warehouse_GroundB_01/model.sdf\n'}
[0.141332] (bopt_description) StdoutLine: {'line': b'-- Up-to-date symlink: /home/jkw/bopt_ws/install/bopt_description/share/bopt_description/models/aws_robomaker_warehouse_Lamp_01/materials/textures/aws_robomaker_warehouse_Lamp_01.png\n'}
[0.141367] (bopt_description) StdoutLine: {'line': b'-- Up-to-date symlink: /home/jkw/bopt_ws/install/bopt_description/share/bopt_description/models/aws_robomaker_warehouse_Lamp_01/meshes/aws_robomaker_warehouse_Lamp_01_collision.DAE\n'}
[0.141405] (bopt_description) StdoutLine: {'line': b'-- Up-to-date symlink: /home/jkw/bopt_ws/install/bopt_description/share/bopt_description/models/aws_robomaker_warehouse_Lamp_01/meshes/aws_robomaker_warehouse_Lamp_01_visual.DAE\n'}
[0.141441] (bopt_description) StdoutLine: {'line': b'-- Up-to-date symlink: /home/jkw/bopt_ws/install/bopt_description/share/bopt_description/models/aws_robomaker_warehouse_Lamp_01/model.config\n'}
[0.141476] (bopt_description) StdoutLine: {'line': b'-- Up-to-date symlink: /home/jkw/bopt_ws/install/bopt_description/share/bopt_description/models/aws_robomaker_warehouse_Lamp_01/model.sdf\n'}
[0.141515] (bopt_description) StdoutLine: {'line': b'-- Up-to-date symlink: /home/jkw/bopt_ws/install/bopt_description/share/bopt_description/models/aws_robomaker_warehouse_PalletJackB_01/.DS_Store\n'}
[0.141551] (bopt_description) StdoutLine: {'line': b'-- Up-to-date symlink: /home/jkw/bopt_ws/install/bopt_description/share/bopt_description/models/aws_robomaker_warehouse_PalletJackB_01/materials/.DS_Store\n'}
[0.141585] (bopt_description) StdoutLine: {'line': b'-- Up-to-date symlink: /home/jkw/bopt_ws/install/bopt_description/share/bopt_description/models/aws_robomaker_warehouse_PalletJackB_01/materials/textures/aws_robomaker_warehouse_PalletJackB_01.png\n'}
[0.141625] (bopt_description) StdoutLine: {'line': b'-- Up-to-date symlink: /home/jkw/bopt_ws/install/bopt_description/share/bopt_description/models/aws_robomaker_warehouse_PalletJackB_01/materials/textures/aws_robomaker_warehouse_PalletJackB_02.png\n'}
[0.141661] (bopt_description) StdoutLine: {'line': b'-- Up-to-date symlink: /home/jkw/bopt_ws/install/bopt_description/share/bopt_description/models/aws_robomaker_warehouse_PalletJackB_01/meshes/aws_robomaker_warehouse_PalletJackB_01_collision.DAE\n'}
[0.141699] (bopt_description) StdoutLine: {'line': b'-- Up-to-date symlink: /home/jkw/bopt_ws/install/bopt_description/share/bopt_description/models/aws_robomaker_warehouse_PalletJackB_01/meshes/aws_robomaker_warehouse_PalletJackB_01_visual.DAE\n'}
[0.141734] (bopt_description) StdoutLine: {'line': b'-- Up-to-date symlink: /home/jkw/bopt_ws/install/bopt_description/share/bopt_description/models/aws_robomaker_warehouse_PalletJackB_01/model.config\n'}
[0.141764] (bopt_description) StdoutLine: {'line': b'-- Up-to-date symlink: /home/jkw/bopt_ws/install/bopt_description/share/bopt_description/models/aws_robomaker_warehouse_PalletJackB_01/model.sdf\n'}
[0.141784] (bopt_description) StdoutLine: {'line': b'-- Up-to-date symlink: /home/jkw/bopt_ws/install/bopt_description/share/bopt_description/models/aws_robomaker_warehouse_RoofB_01/materials/textures/aws_robomaker_warehouse_RoofB_01.png\n'}
[0.141801] (bopt_description) StdoutLine: {'line': b'-- Up-to-date symlink: /home/jkw/bopt_ws/install/bopt_description/share/bopt_description/models/aws_robomaker_warehouse_RoofB_01/meshes/aws_robomaker_warehouse_RoofB_01_collision.DAE\n'}
[0.141817] (bopt_description) StdoutLine: {'line': b'-- Up-to-date symlink: /home/jkw/bopt_ws/install/bopt_description/share/bopt_description/models/aws_robomaker_warehouse_RoofB_01/meshes/aws_robomaker_warehouse_RoofB_01_visual.DAE\n'}
[0.141833] (bopt_description) StdoutLine: {'line': b'-- Up-to-date symlink: /home/jkw/bopt_ws/install/bopt_description/share/bopt_description/models/aws_robomaker_warehouse_RoofB_01/model.config\n'}
[0.141861] (bopt_description) StdoutLine: {'line': b'-- Up-to-date symlink: /home/jkw/bopt_ws/install/bopt_description/share/bopt_description/models/aws_robomaker_warehouse_RoofB_01/model.sdf\n'}
[0.141881] (bopt_description) StdoutLine: {'line': b'-- Up-to-date symlink: /home/jkw/bopt_ws/install/bopt_description/share/bopt_description/models/aws_robomaker_warehouse_ShelfD_01/materials/textures/aws_robomaker_warehouse_ShelfD_01.png\n'}
[0.141896] (bopt_description) StdoutLine: {'line': b'-- Up-to-date symlink: /home/jkw/bopt_ws/install/bopt_description/share/bopt_description/models/aws_robomaker_warehouse_ShelfD_01/materials/textures/aws_robomaker_warehouse_ShelfD_02.png\n'}
[0.141916] (bopt_description) StdoutLine: {'line': b'-- Up-to-date symlink: /home/jkw/bopt_ws/install/bopt_description/share/bopt_description/models/aws_robomaker_warehouse_ShelfD_01/materials/textures/aws_robomaker_warehouse_ShelfD_03.png\n'}
[0.141932] (bopt_description) StdoutLine: {'line': b'-- Up-to-date symlink: /home/jkw/bopt_ws/install/bopt_description/share/bopt_description/models/aws_robomaker_warehouse_ShelfD_01/materials/textures/aws_robomaker_warehouse_ShelfD_04.png\n'}
[0.141948] (bopt_description) StdoutLine: {'line': b'-- Up-to-date symlink: /home/jkw/bopt_ws/install/bopt_description/share/bopt_description/models/aws_robomaker_warehouse_ShelfD_01/meshes/aws_robomaker_warehouse_ShelfD_01_collision.DAE\n'}
[0.141964] (bopt_description) StdoutLine: {'line': b'-- Up-to-date symlink: /home/jkw/bopt_ws/install/bopt_description/share/bopt_description/models/aws_robomaker_warehouse_ShelfD_01/meshes/aws_robomaker_warehouse_ShelfD_01_visual.DAE\n'}
[0.141989] (bopt_description) StdoutLine: {'line': b'-- Up-to-date symlink: /home/jkw/bopt_ws/install/bopt_description/share/bopt_description/models/aws_robomaker_warehouse_ShelfD_01/model.config\n'}
[0.142009] (bopt_description) StdoutLine: {'line': b'-- Up-to-date symlink: /home/jkw/bopt_ws/install/bopt_description/share/bopt_description/models/aws_robomaker_warehouse_ShelfD_01/model.sdf\n'}
[0.142025] (bopt_description) StdoutLine: {'line': b'-- Up-to-date symlink: /home/jkw/bopt_ws/install/bopt_description/share/bopt_description/models/aws_robomaker_warehouse_ShelfE_01/.DS_Store\n'}
[0.142041] (bopt_description) StdoutLine: {'line': b'-- Up-to-date symlink: /home/jkw/bopt_ws/install/bopt_description/share/bopt_description/models/aws_robomaker_warehouse_ShelfE_01/materials/.DS_Store\n'}
[0.142057] (bopt_description) StdoutLine: {'line': b'-- Up-to-date symlink: /home/jkw/bopt_ws/install/bopt_description/share/bopt_description/models/aws_robomaker_warehouse_ShelfE_01/materials/textures/aws_robomaker_warehouse_ShelfE_01.png\n'}
[0.142073] (bopt_description) StdoutLine: {'line': b'-- Up-to-date symlink: /home/jkw/bopt_ws/install/bopt_description/share/bopt_description/models/aws_robomaker_warehouse_ShelfE_01/materials/textures/aws_robomaker_warehouse_ShelfE_02.png\n'}
[0.142089] (bopt_description) StdoutLine: {'line': b'-- Up-to-date symlink: /home/jkw/bopt_ws/install/bopt_description/share/bopt_description/models/aws_robomaker_warehouse_ShelfE_01/materials/textures/aws_robomaker_warehouse_ShelfE_03.png\n'}
[0.142105] (bopt_description) StdoutLine: {'line': b'-- Up-to-date symlink: /home/jkw/bopt_ws/install/bopt_description/share/bopt_description/models/aws_robomaker_warehouse_ShelfE_01/materials/textures/aws_robomaker_warehouse_ShelfE_04.png\n'}
[0.142121] (bopt_description) StdoutLine: {'line': b'-- Up-to-date symlink: /home/jkw/bopt_ws/install/bopt_description/share/bopt_description/models/aws_robomaker_warehouse_ShelfE_01/meshes/aws_robomaker_warehouse_ShelfE_01_collision.DAE\n'}
[0.142138] (bopt_description) StdoutLine: {'line': b'-- Up-to-date symlink: /home/jkw/bopt_ws/install/bopt_description/share/bopt_description/models/aws_robomaker_warehouse_ShelfE_01/meshes/aws_robomaker_warehouse_ShelfE_01_visual.DAE\n'}
[0.142154] (bopt_description) StdoutLine: {'line': b'-- Up-to-date symlink: /home/jkw/bopt_ws/install/bopt_description/share/bopt_description/models/aws_robomaker_warehouse_ShelfE_01/model.config\n'}
[0.142170] (bopt_description) StdoutLine: {'line': b'-- Up-to-date symlink: /home/jkw/bopt_ws/install/bopt_description/share/bopt_description/models/aws_robomaker_warehouse_ShelfE_01/model.sdf\n'}
[0.142191] (bopt_description) StdoutLine: {'line': b'-- Up-to-date symlink: /home/jkw/bopt_ws/install/bopt_description/share/bopt_description/models/aws_robomaker_warehouse_ShelfF_01/materials/textures/aws_robomaker_warehouse_ShelfF_01.png\n'}
[0.142224] (bopt_description) StdoutLine: {'line': b'-- Up-to-date symlink: /home/jkw/bopt_ws/install/bopt_description/share/bopt_description/models/aws_robomaker_warehouse_ShelfF_01/materials/textures/aws_robomaker_warehouse_ShelfF_02.png\n'}
[0.142240] (bopt_description) StdoutLine: {'line': b'-- Up-to-date symlink: /home/jkw/bopt_ws/install/bopt_description/share/bopt_description/models/aws_robomaker_warehouse_ShelfF_01/materials/textures/aws_robomaker_warehouse_ShelfF_03.png\n'}
[0.142267] (bopt_description) StdoutLine: {'line': b'-- Up-to-date symlink: /home/jkw/bopt_ws/install/bopt_description/share/bopt_description/models/aws_robomaker_warehouse_ShelfF_01/meshes/aws_robomaker_warehouse_ShelfF_01_collision.DAE\n'}
[0.142289] (bopt_description) StdoutLine: {'line': b'-- Up-to-date symlink: /home/jkw/bopt_ws/install/bopt_description/share/bopt_description/models/aws_robomaker_warehouse_ShelfF_01/meshes/aws_robomaker_warehouse_ShelfF_01_visual.DAE\n'}
[0.142309] (bopt_description) StdoutLine: {'line': b'-- Up-to-date symlink: /home/jkw/bopt_ws/install/bopt_description/share/bopt_description/models/aws_robomaker_warehouse_ShelfF_01/model.config\n'}
[0.142330] (bopt_description) StdoutLine: {'line': b'-- Up-to-date symlink: /home/jkw/bopt_ws/install/bopt_description/share/bopt_description/models/aws_robomaker_warehouse_ShelfF_01/model.sdf\n'}
[0.142345] (bopt_description) StdoutLine: {'line': b'-- Up-to-date symlink: /home/jkw/bopt_ws/install/bopt_description/share/bopt_description/models/aws_robomaker_warehouse_TrashCanC_01/materials/textures/aws_robomaker_warehouse_TrashCanC_01.png\n'}
[0.142365] (bopt_description) StdoutLine: {'line': b'-- Up-to-date symlink: /home/jkw/bopt_ws/install/bopt_description/share/bopt_description/models/aws_robomaker_warehouse_TrashCanC_01/meshes/aws_robomaker_warehouse_TrashCanC_01_collision.DAE\n'}
[0.142380] (bopt_description) StdoutLine: {'line': b'-- Up-to-date symlink: /home/jkw/bopt_ws/install/bopt_description/share/bopt_description/models/aws_robomaker_warehouse_TrashCanC_01/meshes/aws_robomaker_warehouse_TrashCanC_01_visual.DAE\n'}
[0.142397] (bopt_description) StdoutLine: {'line': b'-- Up-to-date symlink: /home/jkw/bopt_ws/install/bopt_description/share/bopt_description/models/aws_robomaker_warehouse_TrashCanC_01/model.config\n'}
[0.142413] (bopt_description) StdoutLine: {'line': b'-- Up-to-date symlink: /home/jkw/bopt_ws/install/bopt_description/share/bopt_description/models/aws_robomaker_warehouse_TrashCanC_01/model.sdf\n'}
[0.142429] (bopt_description) StdoutLine: {'line': b'-- Up-to-date symlink: /home/jkw/bopt_ws/install/bopt_description/share/bopt_description/models/aws_robomaker_warehouse_WallB_01/materials/textures/aws_robomaker_warehouse_WallB_01.png\n'}
[0.142452] (bopt_description) StdoutLine: {'line': b'-- Up-to-date symlink: /home/jkw/bopt_ws/install/bopt_description/share/bopt_description/models/aws_robomaker_warehouse_WallB_01/meshes/aws_robomaker_warehouse_WallB_01_collision.DAE\n'}
[0.142479] (bopt_description) StdoutLine: {'line': b'-- Up-to-date symlink: /home/jkw/bopt_ws/install/bopt_description/share/bopt_description/models/aws_robomaker_warehouse_WallB_01/meshes/aws_robomaker_warehouse_WallB_01_visual.DAE\n'}
[0.142494] (bopt_description) StdoutLine: {'line': b'-- Up-to-date symlink: /home/jkw/bopt_ws/install/bopt_description/share/bopt_description/models/aws_robomaker_warehouse_WallB_01/model.config\n'}
[0.142511] (bopt_description) StdoutLine: {'line': b'-- Up-to-date symlink: /home/jkw/bopt_ws/install/bopt_description/share/bopt_description/models/aws_robomaker_warehouse_WallB_01/model.sdf\n'}
[0.142527] (bopt_description) StdoutLine: {'line': b'-- Up-to-date symlink: /home/jkw/bopt_ws/install/bopt_description/share/bopt_description/models/heightmap/.model.sdf.swp\n'}
[0.142548] (bopt_description) StdoutLine: {'line': b'-- Up-to-date symlink: /home/jkw/bopt_ws/install/bopt_description/share/bopt_description/models/heightmap/MSEL_ign.png\n'}
[0.142571] (bopt_description) StdoutLine: {'line': b'-- Up-to-date symlink: /home/jkw/bopt_ws/install/bopt_description/share/bopt_description/models/heightmap/materials/textures/MSEL - WORLD.dae\n'}
[0.142595] (bopt_description) StdoutLine: {'line': b'-- Up-to-date symlink: /home/jkw/bopt_ws/install/bopt_description/share/bopt_description/models/heightmap/materials/textures/MSEL-e.png\n'}
[0.142610] (bopt_description) StdoutLine: {'line': b'-- Up-to-date symlink: /home/jkw/bopt_ws/install/bopt_description/share/bopt_description/models/heightmap/materials/textures/MSEL-e1.png\n'}
[0.142631] (bopt_description) StdoutLine: {'line': b'-- Up-to-date symlink: /home/jkw/bopt_ws/install/bopt_description/share/bopt_description/models/heightmap/materials/textures/MSEL-e2.png\n'}
[0.142653] (bopt_description) StdoutLine: {'line': b'-- Up-to-date symlink: /home/jkw/bopt_ws/install/bopt_description/share/bopt_description/models/heightmap/materials/textures/MSEL-e3.png\n'}
[0.142673] (bopt_description) StdoutLine: {'line': b'-- Up-to-date symlink: /home/jkw/bopt_ws/install/bopt_description/share/bopt_description/models/heightmap/materials/textures/MSEL-e4.png\n'}
[0.142693] (bopt_description) StdoutLine: {'line': b'-- Up-to-date symlink: /home/jkw/bopt_ws/install/bopt_description/share/bopt_description/models/heightmap/materials/textures/MSEL.png\n'}
[0.142719] (bopt_description) StdoutLine: {'line': b'-- Up-to-date symlink: /home/jkw/bopt_ws/install/bopt_description/share/bopt_description/models/heightmap/materials/textures/MSEL_World_01.png\n'}
[0.142747] (bopt_description) StdoutLine: {'line': b'-- Up-to-date symlink: /home/jkw/bopt_ws/install/bopt_description/share/bopt_description/models/heightmap/materials/textures/MSEL_color.jpg\n'}
[0.142773] (bopt_description) StdoutLine: {'line': b'-- Up-to-date symlink: /home/jkw/bopt_ws/install/bopt_description/share/bopt_description/models/heightmap/materials/textures/MSEL_gz.png\n'}
[0.142800] (bopt_description) StdoutLine: {'line': b'-- Up-to-date symlink: /home/jkw/bopt_ws/install/bopt_description/share/bopt_description/models/heightmap/materials/textures/MSEL_ign.png\n'}
[0.142827] (bopt_description) StdoutLine: {'line': b'-- Up-to-date symlink: /home/jkw/bopt_ws/install/bopt_description/share/bopt_description/models/heightmap/materials/textures/MSEL_ign_fixed.png\n'}
[0.142853] (bopt_description) StdoutLine: {'line': b'-- Up-to-date symlink: /home/jkw/bopt_ws/install/bopt_description/share/bopt_description/models/heightmap/materials/textures/MSEL_world.dae\n'}
[0.142879] (bopt_description) StdoutLine: {'line': b'-- Up-to-date symlink: /home/jkw/bopt_ws/install/bopt_description/share/bopt_description/models/heightmap/materials/textures/back_01.jpg\n'}
[0.142905] (bopt_description) StdoutLine: {'line': b'-- Up-to-date symlink: /home/jkw/bopt_ws/install/bopt_description/share/bopt_description/models/heightmap/materials/textures/empty.dae\n'}
[0.142932] (bopt_description) StdoutLine: {'line': b'-- Up-to-date symlink: /home/jkw/bopt_ws/install/bopt_description/share/bopt_description/models/heightmap/materials/textures/heightmap.png\n'}
[0.142958] (bopt_description) StdoutLine: {'line': b'-- Up-to-date symlink: /home/jkw/bopt_ws/install/bopt_description/share/bopt_description/models/heightmap/materials/textures/workshop_speed.bak.png\n'}
[0.142985] (bopt_description) StdoutLine: {'line': b'-- Up-to-date symlink: /home/jkw/bopt_ws/install/bopt_description/share/bopt_description/models/heightmap/materials/textures/workshop_speed.png\n'}
[0.143010] (bopt_description) StdoutLine: {'line': b'-- Up-to-date symlink: /home/jkw/bopt_ws/install/bopt_description/share/bopt_description/models/heightmap/model-1_2.sdf\n'}
[0.143035] (bopt_description) StdoutLine: {'line': b'-- Up-to-date symlink: /home/jkw/bopt_ws/install/bopt_description/share/bopt_description/models/heightmap/model-1_3.sdf\n'}
[0.143060] (bopt_description) StdoutLine: {'line': b'-- Up-to-date symlink: /home/jkw/bopt_ws/install/bopt_description/share/bopt_description/models/heightmap/model-1_4.sdf\n'}
[0.143084] (bopt_description) StdoutLine: {'line': b'-- Up-to-date symlink: /home/jkw/bopt_ws/install/bopt_description/share/bopt_description/models/heightmap/model.config\n'}
[0.143109] (bopt_description) StdoutLine: {'line': b'-- Up-to-date symlink: /home/jkw/bopt_ws/install/bopt_description/share/bopt_description/models/heightmap/model.sdf\n'}
[0.143133] (bopt_description) StdoutLine: {'line': b'-- Up-to-date symlink: /home/jkw/bopt_ws/install/bopt_description/share/bopt_description/models/heightmap/model2.sdf\n'}
[0.143158] (bopt_description) StdoutLine: {'line': b'-- Up-to-date symlink: /home/jkw/bopt_ws/install/bopt_description/share/bopt_description/models/safety_box/model.config\n'}
[0.143182] (bopt_description) StdoutLine: {'line': b'-- Up-to-date symlink: /home/jkw/bopt_ws/install/bopt_description/share/bopt_description/models/safety_box/model.sdf\n'}
[0.143205] (bopt_description) StdoutLine: {'line': b'-- Up-to-date symlink: /home/jkw/bopt_ws/install/bopt_description/share/bopt_description/models/testing_ground_amcl.stl\n'}
[0.143293] (bopt_description) StdoutLine: {'line': b'-- Up-to-date symlink: /home/jkw/bopt_ws/install/bopt_description/share/ament_index/resource_index/package_run_dependencies/bopt_description\n'}
[0.143374] (bopt_description) StdoutLine: {'line': b'-- Up-to-date symlink: /home/jkw/bopt_ws/install/bopt_description/share/ament_index/resource_index/parent_prefix_path/bopt_description\n'}
[0.143410] (bopt_description) StdoutLine: {'line': b'-- Up-to-date symlink: /home/jkw/bopt_ws/install/bopt_description/share/bopt_description/environment/ament_prefix_path.sh\n'}
[0.143437] (bopt_description) StdoutLine: {'line': b'-- Up-to-date symlink: /home/jkw/bopt_ws/install/bopt_description/share/bopt_description/environment/ament_prefix_path.dsv\n'}
[0.143460] (bopt_description) StdoutLine: {'line': b'-- Up-to-date symlink: /home/jkw/bopt_ws/install/bopt_description/share/bopt_description/environment/path.sh\n'}
[0.143496] (bopt_description) StdoutLine: {'line': b'-- Up-to-date symlink: /home/jkw/bopt_ws/install/bopt_description/share/bopt_description/environment/path.dsv\n'}
[0.143532] (bopt_description) StdoutLine: {'line': b'-- Up-to-date symlink: /home/jkw/bopt_ws/install/bopt_description/share/bopt_description/local_setup.bash\n'}
[0.143567] (bopt_description) StdoutLine: {'line': b'-- Up-to-date symlink: /home/jkw/bopt_ws/install/bopt_description/share/bopt_description/local_setup.sh\n'}
[0.143603] (bopt_description) StdoutLine: {'line': b'-- Up-to-date symlink: /home/jkw/bopt_ws/install/bopt_description/share/bopt_description/local_setup.zsh\n'}
[0.143637] (bopt_description) StdoutLine: {'line': b'-- Up-to-date symlink: /home/jkw/bopt_ws/install/bopt_description/share/bopt_description/local_setup.dsv\n'}
[0.143664] (bopt_description) StdoutLine: {'line': b'-- Symlinking: /home/jkw/bopt_ws/install/bopt_description/share/bopt_description/package.dsv\n'}
[0.146967] (bopt_description) StdoutLine: {'line': b'-- Up-to-date symlink: /home/jkw/bopt_ws/install/bopt_description/share/ament_index/resource_index/packages/bopt_description\n'}
[0.147025] (bopt_description) StdoutLine: {'line': b'-- Up-to-date symlink: /home/jkw/bopt_ws/install/bopt_description/share/bopt_description/cmake/bopt_descriptionConfig.cmake\n'}
[0.147077] (bopt_description) StdoutLine: {'line': b'-- Up-to-date symlink: /home/jkw/bopt_ws/install/bopt_description/share/bopt_description/cmake/bopt_descriptionConfig-version.cmake\n'}
[0.147111] (bopt_description) StdoutLine: {'line': b'-- Up-to-date symlink: /home/jkw/bopt_ws/install/bopt_description/share/bopt_description/package.xml\n'}
[0.147988] (bopt_description) CommandEnded: {'returncode': 0}
[0.153949] (bopt_description) JobEnded: {'identifier': 'bopt_description', 'rc': 0}
[0.199985] (-) TimerEvent: {}
[0.238345] (bopt_controller) Command: {'cmd': ['/usr/bin/python3', '-W', 'ignore:setup.py install is deprecated', '-W', 'ignore:easy_install command is deprecated', 'setup.py', 'egg_info', '--egg-base', '../../build/bopt_controller', 'build', '--build-base', '/home/jkw/bopt_ws/build/bopt_controller/build', 'install', '--record', '/home/jkw/bopt_ws/build/bopt_controller/install.log', '--install-scripts', '$base/lib/bopt_controller', '--single-version-externally-managed', 'install_data'], 'cwd': '/home/jkw/bopt_ws/src/bopt_controller', 'env': {'PYENV_VIRTUALENV_INIT': '1', 'GJS_DEBUG_TOPICS': 'JS ERROR;JS LOG', 'PYTHON_BASIC_REPL': '1', 'LESSOPEN': '| /usr/bin/lesspipe %s', 'LANGUAGE': 'en_IN:en', 'USER': 'jkw', 'XDG_SESSION_TYPE': 'x11', 'GIT_ASKPASS': '/home/jkw/Downloads/Antigravity IDE/resources/app/extensions/git/dist/askpass.sh', 'SHLVL': '2', 'LD_LIBRARY_PATH': '/usr/lib/x86_64-linux-gnu/gazebo-11/plugins:/opt/ros/humble/opt/rviz_ogre_vendor/lib:/opt/ros/humble/lib/x86_64-linux-gnu:/opt/ros/humble/lib', 'ANTIGRAVITY_CLI_ALIAS': 'agy-ide', 'HOME': '/home/jkw', 'CHROME_DESKTOP': 'antigravity-ide.desktop', 'OLDPWD': '/home/jkw/Downloads', 'TERM_PROGRAM_VERSION': '1.107.0', 'DESKTOP_SESSION': 'ubuntu', 'PYENV_SHELL': 'bash', 'GIO_LAUNCHED_DESKTOP_FILE': '/usr/share/applications/terminator.desktop', 'ROS_PYTHON_VERSION': '3', 'GNOME_SHELL_SESSION_MODE': 'ubuntu', 'GTK_MODULES': 'gail:atk-bridge', 'VSCODE_GIT_ASKPASS_MAIN': '/home/jkw/Downloads/Antigravity IDE/resources/app/extensions/git/dist/askpass-main.js', 'VSCODE_GIT_ASKPASS_NODE': '/home/jkw/Downloads/Antigravity IDE/antigravity-ide', 'MANAGERPID': '2086', 'PYDEVD_DISABLE_FILE_VALIDATION': '1', 'SYSTEMD_EXEC_PID': '2347', 'BUNDLED_DEBUGPY_PATH': '/home/jkw/.antigravity-ide/extensions/ms-python.debugpy-2026.6.0-linux-x64/bundled/libs/debugpy', 'VSCODE_PYTHON_AUTOACTIVATE_GUARD': '1', 'DBUS_SESSION_BUS_ADDRESS': 'unix:path=/run/user/1000/bus', 'COLORTERM': 'truecolor', 'TERMINATOR_DBUS_NAME': 'net.tenshu.Terminator23558193cd9818af7fe4d2c2f5bd9d00f', 'GIO_LAUNCHED_DESKTOP_FILE_PID': '11014', 'COLCON_PREFIX_PATH': '/home/jkw/bopt_ws/install', 'ROS_DISTRO': 'humble', 'GTK_IM_MODULE': 'ibus', 'LOGNAME': 'jkw', 'JOURNAL_STREAM': '8:19756', '_': '/usr/bin/colcon', 'ROS_VERSION': '2', 'XDG_SESSION_CLASS': 'user', 'USERNAME': 'jkw', 'TERM': 'xterm-256color', 'GNOME_DESKTOP_SESSION_ID': 'this-is-deprecated', 'FC_FONTATIONS': '1', 'ROS_LOCALHOST_ONLY': '0', 'WINDOWPATH': '2', 'PATH': '/home/jkw/.local/bin:/home/jkw/.pyenv/plugins/pyenv-virtualenv/shims:/home/jkw/.pyenv/shims:/home/jkw/.pyenv/bin:/home/jkw/.local/kitty.app/bin:/home/jkw/.local/bin:/home/jkw/.local/bin:/home/jkw/.local/bin:/home/jkw/.pyenv/plugins/pyenv-virtualenv/shims:/home/jkw/.pyenv/bin:/home/jkw/.local/kitty.app/bin:/home/jkw/.local/bin:/home/jkw/.pyenv/plugins/pyenv-virtualenv/shims:/home/jkw/.pyenv/bin:/home/jkw/.local/kitty.app/bin:/opt/ros/humble/bin:/home/jkw/.local/bin:/home/jkw/.local/bin:/usr/local/sbin:/usr/local/bin:/usr/sbin:/usr/bin:/sbin:/bin:/usr/games:/usr/local/games:/snap/bin:/snap/bin:/home/jkw/.antigravity-ide/extensions/ms-python.debugpy-2026.6.0-linux-x64/bundled/scripts/noConfigScripts', 'SESSION_MANAGER': 'local/jkw-MS-7E59:@/tmp/.ICE-unix/2328,unix/jkw-MS-7E59:/tmp/.ICE-unix/2328', 'INVOCATION_ID': '0d2690ebc2fe4021a28edc458181117b', 'XDG_MENU_PREFIX': 'gnome-', 'XDG_RUNTIME_DIR': '/run/user/1000', 'GDK_BACKEND': 'x11', 'DISPLAY': ':1', 'VSCODE_DEBUGPY_ADAPTER_ENDPOINTS': '/home/jkw/.antigravity-ide/extensions/ms-python.debugpy-2026.6.0-linux-x64/.noConfigDebugAdapterEndpoints/endpoint-cb60908d1216bfbb.txt', 'TERMINATOR_DBUS_PATH': '/net/tenshu/Terminator2', 'LANG': 'en_US.UTF-8', 'XDG_CURRENT_DESKTOP': 'ubuntu:GNOME', 'PYTHONSTARTUP': '/home/jkw/.config/Antigravity IDE/User/workspaceStorage/41f3336bc77ddcef4ec35eb017ffa178/ms-python.python/pythonrc.py', 'IBUS_DISABLE_SNOOPER': '1', 'XMODIFIERS': '@im=ibus', 'XDG_SESSION_DESKTOP': 'ubuntu', 'XAUTHORITY': '/run/user/1000/gdm/Xauthority', 'LS_COLORS': 'rs=0:di=01;34:ln=01;36:mh=00:pi=40;33:so=01;35:do=01;35:bd=40;33;01:cd=40;33;01:or=40;31;01:mi=00:su=37;41:sg=30;43:ca=30;41:tw=30;42:ow=34;42:st=37;44:ex=01;32:*.tar=01;31:*.tgz=01;31:*.arc=01;31:*.arj=01;31:*.taz=01;31:*.lha=01;31:*.lz4=01;31:*.lzh=01;31:*.lzma=01;31:*.tlz=01;31:*.txz=01;31:*.tzo=01;31:*.t7z=01;31:*.zip=01;31:*.z=01;31:*.dz=01;31:*.gz=01;31:*.lrz=01;31:*.lz=01;31:*.lzo=01;31:*.xz=01;31:*.zst=01;31:*.tzst=01;31:*.bz2=01;31:*.bz=01;31:*.tbz=01;31:*.tbz2=01;31:*.tz=01;31:*.deb=01;31:*.rpm=01;31:*.jar=01;31:*.war=01;31:*.ear=01;31:*.sar=01;31:*.rar=01;31:*.alz=01;31:*.ace=01;31:*.zoo=01;31:*.cpio=01;31:*.7z=01;31:*.rz=01;31:*.cab=01;31:*.wim=01;31:*.swm=01;31:*.dwm=01;31:*.esd=01;31:*.jpg=01;35:*.jpeg=01;35:*.mjpg=01;35:*.mjpeg=01;35:*.gif=01;35:*.bmp=01;35:*.pbm=01;35:*.pgm=01;35:*.ppm=01;35:*.tga=01;35:*.xbm=01;35:*.xpm=01;35:*.tif=01;35:*.tiff=01;35:*.png=01;35:*.svg=01;35:*.svgz=01;35:*.mng=01;35:*.pcx=01;35:*.mov=01;35:*.mpg=01;35:*.mpeg=01;35:*.m2v=01;35:*.mkv=01;35:*.webm=01;35:*.webp=01;35:*.ogm=01;35:*.mp4=01;35:*.m4v=01;35:*.mp4v=01;35:*.vob=01;35:*.qt=01;35:*.nuv=01;35:*.wmv=01;35:*.asf=01;35:*.rm=01;35:*.rmvb=01;35:*.flc=01;35:*.avi=01;35:*.fli=01;35:*.flv=01;35:*.gl=01;35:*.dl=01;35:*.xcf=01;35:*.xwd=01;35:*.yuv=01;35:*.cgm=01;35:*.emf=01;35:*.ogv=01;35:*.ogx=01;35:*.aac=00;36:*.au=00;36:*.flac=00;36:*.m4a=00;36:*.mid=00;36:*.midi=00;36:*.mka=00;36:*.mp3=00;36:*.mpc=00;36:*.ogg=00;36:*.ra=00;36:*.wav=00;36:*.oga=00;36:*.opus=00;36:*.spx=00;36:*.xspf=00;36:', 'VSCODE_GIT_IPC_HANDLE': '/run/user/1000/vscode-git-2b1d280fd0.sock', 'TERM_PROGRAM': 'vscode', 'SSH_AGENT_LAUNCHER': 'gnome-keyring', 'SSH_AUTH_SOCK': '/run/user/1000/keyring/ssh', 'AMENT_PREFIX_PATH': '/home/jkw/bopt_ws/install/bopt_description:/home/jkw/bopt_ws/install/bopt_controller:/opt/ros/humble', 'SHELL': '/bin/bash', 'TERMINATOR_UUID': 'urn:uuid:1a38befa-d785-41b4-8b2b-c56d1ecd8e53', 'QT_ACCESSIBILITY': '1', 'GDMSESSION': 'ubuntu', 'LESSCLOSE': '/usr/bin/lesspipe %s %s', 'GPG_AGENT_INFO': '/run/user/1000/gnupg/S.gpg-agent:0:1', 'GJS_DEBUG_OUTPUT': 'stderr', 'VSCODE_GIT_ASKPASS_EXTRA_ARGS': '', 'QT_IM_MODULE': 'ibus', 'PWD': '/home/jkw/bopt_ws/build/bopt_controller', 'LC_ALL': 'en_US.UTF-8', 'XDG_CONFIG_DIRS': '/etc/xdg/xdg-ubuntu:/etc/xdg', 'PYENV_ROOT': '/home/jkw/.pyenv', 'XDG_DATA_DIRS': '/usr/share/ubuntu:/usr/share/gnome:/usr/local/share/:/usr/share/:/var/lib/snapd/desktop', 'PYTHONPATH': '/home/jkw/bopt_ws/build/bopt_controller/prefix_override:/usr/lib/python3/dist-packages/colcon_core/task/python/colcon_distutils_commands:/home/jkw/bopt_ws/install/bopt_controller/lib/python3.10/site-packages:/home/jkw/bopt_ws/install/bopt_controller/lib/python3.10/site-packages:/opt/ros/humble/lib/python3.10/site-packages:/opt/ros/humble/local/lib/python3.10/dist-packages', 'COLCON': '1', 'VTE_VERSION': '6800', 'CMAKE_PREFIX_PATH': '/home/jkw/bopt_ws/install/bopt_description'}, 'shell': False}
[0.300061] (-) TimerEvent: {}
[0.327419] (bopt_controller) StdoutLine: {'line': b'running egg_info\n'}
[0.327644] (bopt_controller) StdoutLine: {'line': b'writing ../../build/bopt_controller/bopt_controller.egg-info/PKG-INFO\n'}
[0.327739] (bopt_controller) StdoutLine: {'line': b'writing dependency_links to ../../build/bopt_controller/bopt_controller.egg-info/dependency_links.txt\n'}
[0.327795] (bopt_controller) StdoutLine: {'line': b'writing entry points to ../../build/bopt_controller/bopt_controller.egg-info/entry_points.txt\n'}
[0.327857] (bopt_controller) StdoutLine: {'line': b'writing requirements to ../../build/bopt_controller/bopt_controller.egg-info/requires.txt\n'}
[0.327875] (bopt_controller) StdoutLine: {'line': b'writing top-level names to ../../build/bopt_controller/bopt_controller.egg-info/top_level.txt\n'}
[0.328447] (bopt_controller) StdoutLine: {'line': b"reading manifest file '../../build/bopt_controller/bopt_controller.egg-info/SOURCES.txt'\n"}
[0.328797] (bopt_controller) StdoutLine: {'line': b"writing manifest file '../../build/bopt_controller/bopt_controller.egg-info/SOURCES.txt'\n"}
[0.328837] (bopt_controller) StdoutLine: {'line': b'running build\n'}
[0.328856] (bopt_controller) StdoutLine: {'line': b'running build_py\n'}
[0.328963] (bopt_controller) StdoutLine: {'line': b'running install\n'}
[0.329079] (bopt_controller) StdoutLine: {'line': b'running install_lib\n'}
[0.329501] (bopt_controller) StdoutLine: {'line': b'running install_data\n'}
[0.329539] (bopt_controller) StdoutLine: {'line': b'running install_egg_info\n'}
[0.330182] (bopt_controller) StdoutLine: {'line': b"removing '/home/jkw/bopt_ws/install/bopt_controller/lib/python3.10/site-packages/bopt_controller-0.0.0-py3.10.egg-info' (and everything under it)\n"}
[0.330318] (bopt_controller) StdoutLine: {'line': b'Copying ../../build/bopt_controller/bopt_controller.egg-info to /home/jkw/bopt_ws/install/bopt_controller/lib/python3.10/site-packages/bopt_controller-0.0.0-py3.10.egg-info\n'}
[0.330537] (bopt_controller) StdoutLine: {'line': b'running install_scripts\n'}
[0.338449] (bopt_controller) StdoutLine: {'line': b'Installing bopt_controller script to /home/jkw/bopt_ws/install/bopt_controller/lib/bopt_controller\n'}
[0.338543] (bopt_controller) StdoutLine: {'line': b'Installing bopt_keyboard script to /home/jkw/bopt_ws/install/bopt_controller/lib/bopt_controller\n'}
[0.338625] (bopt_controller) StdoutLine: {'line': b"writing list of installed files to '/home/jkw/bopt_ws/build/bopt_controller/install.log'\n"}
[0.348465] (bopt_controller) CommandEnded: {'returncode': 0}
[0.351712] (bopt_controller) JobEnded: {'identifier': 'bopt_controller', 'rc': 0}
[0.351941] (-) EventReactorShutdown: {}
