[0.000000] (-) TimerEvent: {}
[0.000178] (bopt_controller) JobQueued: {'identifier': 'bopt_controller', 'dependencies': OrderedDict()}
[0.000339] (bopt_description) JobQueued: {'identifier': 'bopt_description', 'dependencies': OrderedDict()}
[0.000350] (bopt_controller) JobStarted: {'identifier': 'bopt_controller'}
[0.003417] (bopt_description) JobStarted: {'identifier': 'bopt_description'}
[0.099877] (-) TimerEvent: {}
[0.103725] (bopt_description) JobProgress: {'identifier': 'bopt_description', 'progress': 'cmake'}
[0.104283] (bopt_description) JobProgress: {'identifier': 'bopt_description', 'progress': 'build'}
[0.104383] (bopt_description) Command: {'cmd': ['/usr/bin/cmake', '--build', '/home/jkw/bopt_ws/build/bopt_description', '--', '-j32', '-l32'], 'cwd': '/home/jkw/bopt_ws/build/bopt_description', 'env': OrderedDict([('PYENV_VIRTUALENV_INIT', '1'), ('GJS_DEBUG_TOPICS', 'JS ERROR;JS LOG'), ('PYTHON_BASIC_REPL', '1'), ('LESSOPEN', '| /usr/bin/lesspipe %s'), ('LANGUAGE', 'en_IN:en'), ('USER', 'jkw'), ('XDG_SESSION_TYPE', 'x11'), ('GIT_ASKPASS', '/home/jkw/Downloads/Antigravity IDE/resources/app/extensions/git/dist/askpass.sh'), ('SHLVL', '2'), ('LD_LIBRARY_PATH', '/usr/lib/x86_64-linux-gnu/gazebo-11/plugins:/opt/ros/humble/opt/rviz_ogre_vendor/lib:/opt/ros/humble/lib/x86_64-linux-gnu:/opt/ros/humble/lib'), ('ANTIGRAVITY_CLI_ALIAS', 'agy-ide'), ('HOME', '/home/jkw'), ('CHROME_DESKTOP', 'antigravity-ide.desktop'), ('OLDPWD', '/home/jkw/Downloads'), ('TERM_PROGRAM_VERSION', '1.107.0'), ('DESKTOP_SESSION', 'ubuntu'), ('PYENV_SHELL', 'bash'), ('GIO_LAUNCHED_DESKTOP_FILE', '/usr/share/applications/terminator.desktop'), ('ROS_PYTHON_VERSION', '3'), ('GNOME_SHELL_SESSION_MODE', 'ubuntu'), ('GTK_MODULES', 'gail:atk-bridge'), ('VSCODE_GIT_ASKPASS_MAIN', '/home/jkw/Downloads/Antigravity IDE/resources/app/extensions/git/dist/askpass-main.js'), ('VSCODE_GIT_ASKPASS_NODE', '/home/jkw/Downloads/Antigravity IDE/antigravity-ide'), ('MANAGERPID', '2197'), ('PYDEVD_DISABLE_FILE_VALIDATION', '1'), ('SYSTEMD_EXEC_PID', '2463'), ('BUNDLED_DEBUGPY_PATH', '/home/jkw/.antigravity-ide/extensions/ms-python.debugpy-2026.6.0-linux-x64/bundled/libs/debugpy'), ('VSCODE_PYTHON_AUTOACTIVATE_GUARD', '1'), ('DBUS_SESSION_BUS_ADDRESS', 'unix:path=/run/user/1000/bus'), ('COLORTERM', 'truecolor'), ('TERMINATOR_DBUS_NAME', 'net.tenshu.Terminator23558193cd9818af7fe4d2c2f5bd9d00f'), ('GIO_LAUNCHED_DESKTOP_FILE_PID', '4104'), ('COLCON_PREFIX_PATH', '/home/jkw/bopt_ws/install'), ('ROS_DISTRO', 'humble'), ('GTK_IM_MODULE', 'ibus'), ('LOGNAME', 'jkw'), ('JOURNAL_STREAM', '8:19740'), ('_', '/usr/bin/colcon'), ('ROS_VERSION', '2'), ('XDG_SESSION_CLASS', 'user'), ('USERNAME', 'jkw'), ('TERM', 'xterm-256color'), ('GNOME_DESKTOP_SESSION_ID', 'this-is-deprecated'), ('FC_FONTATIONS', '1'), ('ROS_LOCALHOST_ONLY', '0'), ('WINDOWPATH', '2'), ('PATH', '/home/jkw/.local/bin:/home/jkw/.pyenv/plugins/pyenv-virtualenv/shims:/home/jkw/.pyenv/shims:/home/jkw/.pyenv/bin:/home/jkw/.local/kitty.app/bin:/home/jkw/.local/bin:/home/jkw/.local/bin:/home/jkw/.local/bin:/home/jkw/.pyenv/plugins/pyenv-virtualenv/shims:/home/jkw/.pyenv/bin:/home/jkw/.local/kitty.app/bin:/home/jkw/.local/bin:/home/jkw/.pyenv/plugins/pyenv-virtualenv/shims:/home/jkw/.pyenv/bin:/home/jkw/.local/kitty.app/bin:/opt/ros/humble/bin:/home/jkw/.local/bin:/home/jkw/.local/bin:/usr/local/sbin:/usr/local/bin:/usr/sbin:/usr/bin:/sbin:/bin:/usr/games:/usr/local/games:/snap/bin:/snap/bin:/home/jkw/.antigravity-ide/extensions/ms-python.debugpy-2026.6.0-linux-x64/bundled/scripts/noConfigScripts'), ('SESSION_MANAGER', 'local/jkw-MS-7E59:@/tmp/.ICE-unix/2440,unix/jkw-MS-7E59:/tmp/.ICE-unix/2440'), ('INVOCATION_ID', '8c30bf8d52a146b180b60456610a3415'), ('XDG_MENU_PREFIX', 'gnome-'), ('XDG_RUNTIME_DIR', '/run/user/1000'), ('GDK_BACKEND', 'x11'), ('DISPLAY', ':1'), ('VSCODE_DEBUGPY_ADAPTER_ENDPOINTS', '/home/jkw/.antigravity-ide/extensions/ms-python.debugpy-2026.6.0-linux-x64/.noConfigDebugAdapterEndpoints/endpoint-a434eef8644a7ac9.txt'), ('TERMINATOR_DBUS_PATH', '/net/tenshu/Terminator2'), ('LANG', 'en_US.UTF-8'), ('XDG_CURRENT_DESKTOP', 'ubuntu:GNOME'), ('PYTHONSTARTUP', '/home/jkw/.config/Antigravity IDE/User/workspaceStorage/41f3336bc77ddcef4ec35eb017ffa178/ms-python.python/pythonrc.py'), ('IBUS_DISABLE_SNOOPER', '1'), ('XMODIFIERS', '@im=ibus'), ('XDG_SESSION_DESKTOP', 'ubuntu'), ('XAUTHORITY', '/run/user/1000/gdm/Xauthority'), ('LS_COLORS', 'rs=0:di=01;34:ln=01;36:mh=00:pi=40;33:so=01;35:do=01;35:bd=40;33;01:cd=40;33;01:or=40;31;01:mi=00:su=37;41:sg=30;43:ca=30;41:tw=30;42:ow=34;42:st=37;44:ex=01;32:*.tar=01;31:*.tgz=01;31:*.arc=01;31:*.arj=01;31:*.taz=01;31:*.lha=01;31:*.lz4=01;31:*.lzh=01;31:*.lzma=01;31:*.tlz=01;31:*.txz=01;31:*.tzo=01;31:*.t7z=01;31:*.zip=01;31:*.z=01;31:*.dz=01;31:*.gz=01;31:*.lrz=01;31:*.lz=01;31:*.lzo=01;31:*.xz=01;31:*.zst=01;31:*.tzst=01;31:*.bz2=01;31:*.bz=01;31:*.tbz=01;31:*.tbz2=01;31:*.tz=01;31:*.deb=01;31:*.rpm=01;31:*.jar=01;31:*.war=01;31:*.ear=01;31:*.sar=01;31:*.rar=01;31:*.alz=01;31:*.ace=01;31:*.zoo=01;31:*.cpio=01;31:*.7z=01;31:*.rz=01;31:*.cab=01;31:*.wim=01;31:*.swm=01;31:*.dwm=01;31:*.esd=01;31:*.jpg=01;35:*.jpeg=01;35:*.mjpg=01;35:*.mjpeg=01;35:*.gif=01;35:*.bmp=01;35:*.pbm=01;35:*.pgm=01;35:*.ppm=01;35:*.tga=01;35:*.xbm=01;35:*.xpm=01;35:*.tif=01;35:*.tiff=01;35:*.png=01;35:*.svg=01;35:*.svgz=01;35:*.mng=01;35:*.pcx=01;35:*.mov=01;35:*.mpg=01;35:*.mpeg=01;35:*.m2v=01;35:*.mkv=01;35:*.webm=01;35:*.webp=01;35:*.ogm=01;35:*.mp4=01;35:*.m4v=01;35:*.mp4v=01;35:*.vob=01;35:*.qt=01;35:*.nuv=01;35:*.wmv=01;35:*.asf=01;35:*.rm=01;35:*.rmvb=01;35:*.flc=01;35:*.avi=01;35:*.fli=01;35:*.flv=01;35:*.gl=01;35:*.dl=01;35:*.xcf=01;35:*.xwd=01;35:*.yuv=01;35:*.cgm=01;35:*.emf=01;35:*.ogv=01;35:*.ogx=01;35:*.aac=00;36:*.au=00;36:*.flac=00;36:*.m4a=00;36:*.mid=00;36:*.midi=00;36:*.mka=00;36:*.mp3=00;36:*.mpc=00;36:*.ogg=00;36:*.ra=00;36:*.wav=00;36:*.oga=00;36:*.opus=00;36:*.spx=00;36:*.xspf=00;36:'), ('VSCODE_GIT_IPC_HANDLE', '/run/user/1000/vscode-git-2b1d280fd0.sock'), ('TERM_PROGRAM', 'vscode'), ('SSH_AGENT_LAUNCHER', 'gnome-keyring'), ('SSH_AUTH_SOCK', '/run/user/1000/keyring/ssh'), ('AMENT_PREFIX_PATH', '/home/jkw/bopt_ws/install/bopt_description:/home/jkw/bopt_ws/install/bopt_controller:/opt/ros/humble'), ('SHELL', '/bin/bash'), ('TERMINATOR_UUID', 'urn:uuid:c85302b2-0b68-4259-8c68-1fbd02900cfe'), ('QT_ACCESSIBILITY', '1'), ('GDMSESSION', 'ubuntu'), ('LESSCLOSE', '/usr/bin/lesspipe %s %s'), ('GPG_AGENT_INFO', '/run/user/1000/gnupg/S.gpg-agent:0:1'), ('GJS_DEBUG_OUTPUT', 'stderr'), ('VSCODE_GIT_ASKPASS_EXTRA_ARGS', ''), ('QT_IM_MODULE', 'ibus'), ('PWD', '/home/jkw/bopt_ws/build/bopt_description'), ('LC_ALL', 'en_US.UTF-8'), ('XDG_CONFIG_DIRS', '/etc/xdg/xdg-ubuntu:/etc/xdg'), ('PYENV_ROOT', '/home/jkw/.pyenv'), ('XDG_DATA_DIRS', '/usr/share/ubuntu:/usr/share/gnome:/usr/local/share/:/usr/share/:/var/lib/snapd/desktop'), ('PYTHONPATH', '/home/jkw/bopt_ws/install/bopt_controller/lib/python3.10/site-packages:/opt/ros/humble/lib/python3.10/site-packages:/opt/ros/humble/local/lib/python3.10/dist-packages'), ('COLCON', '1'), ('VTE_VERSION', '6800'), ('CMAKE_PREFIX_PATH', '/home/jkw/bopt_ws/install/bopt_description:/home/jkw/bopt_ws/install/bopt_controller:/opt/ros/humble')]), 'shell': False}
[0.119578] (bopt_description) CommandEnded: {'returncode': 0}
[0.119949] (bopt_description) JobProgress: {'identifier': 'bopt_description', 'progress': 'install'}
[0.123171] (bopt_description) Command: {'cmd': ['/usr/bin/cmake', '--install', '/home/jkw/bopt_ws/build/bopt_description'], 'cwd': '/home/jkw/bopt_ws/build/bopt_description', 'env': OrderedDict([('PYENV_VIRTUALENV_INIT', '1'), ('GJS_DEBUG_TOPICS', 'JS ERROR;JS LOG'), ('PYTHON_BASIC_REPL', '1'), ('LESSOPEN', '| /usr/bin/lesspipe %s'), ('LANGUAGE', 'en_IN:en'), ('USER', 'jkw'), ('XDG_SESSION_TYPE', 'x11'), ('GIT_ASKPASS', '/home/jkw/Downloads/Antigravity IDE/resources/app/extensions/git/dist/askpass.sh'), ('SHLVL', '2'), ('LD_LIBRARY_PATH', '/usr/lib/x86_64-linux-gnu/gazebo-11/plugins:/opt/ros/humble/opt/rviz_ogre_vendor/lib:/opt/ros/humble/lib/x86_64-linux-gnu:/opt/ros/humble/lib'), ('ANTIGRAVITY_CLI_ALIAS', 'agy-ide'), ('HOME', '/home/jkw'), ('CHROME_DESKTOP', 'antigravity-ide.desktop'), ('OLDPWD', '/home/jkw/Downloads'), ('TERM_PROGRAM_VERSION', '1.107.0'), ('DESKTOP_SESSION', 'ubuntu'), ('PYENV_SHELL', 'bash'), ('GIO_LAUNCHED_DESKTOP_FILE', '/usr/share/applications/terminator.desktop'), ('ROS_PYTHON_VERSION', '3'), ('GNOME_SHELL_SESSION_MODE', 'ubuntu'), ('GTK_MODULES', 'gail:atk-bridge'), ('VSCODE_GIT_ASKPASS_MAIN', '/home/jkw/Downloads/Antigravity IDE/resources/app/extensions/git/dist/askpass-main.js'), ('VSCODE_GIT_ASKPASS_NODE', '/home/jkw/Downloads/Antigravity IDE/antigravity-ide'), ('MANAGERPID', '2197'), ('PYDEVD_DISABLE_FILE_VALIDATION', '1'), ('SYSTEMD_EXEC_PID', '2463'), ('BUNDLED_DEBUGPY_PATH', '/home/jkw/.antigravity-ide/extensions/ms-python.debugpy-2026.6.0-linux-x64/bundled/libs/debugpy'), ('VSCODE_PYTHON_AUTOACTIVATE_GUARD', '1'), ('DBUS_SESSION_BUS_ADDRESS', 'unix:path=/run/user/1000/bus'), ('COLORTERM', 'truecolor'), ('TERMINATOR_DBUS_NAME', 'net.tenshu.Terminator23558193cd9818af7fe4d2c2f5bd9d00f'), ('GIO_LAUNCHED_DESKTOP_FILE_PID', '4104'), ('COLCON_PREFIX_PATH', '/home/jkw/bopt_ws/install'), ('ROS_DISTRO', 'humble'), ('GTK_IM_MODULE', 'ibus'), ('LOGNAME', 'jkw'), ('JOURNAL_STREAM', '8:19740'), ('_', '/usr/bin/colcon'), ('ROS_VERSION', '2'), ('XDG_SESSION_CLASS', 'user'), ('USERNAME', 'jkw'), ('TERM', 'xterm-256color'), ('GNOME_DESKTOP_SESSION_ID', 'this-is-deprecated'), ('FC_FONTATIONS', '1'), ('ROS_LOCALHOST_ONLY', '0'), ('WINDOWPATH', '2'), ('PATH', '/home/jkw/.local/bin:/home/jkw/.pyenv/plugins/pyenv-virtualenv/shims:/home/jkw/.pyenv/shims:/home/jkw/.pyenv/bin:/home/jkw/.local/kitty.app/bin:/home/jkw/.local/bin:/home/jkw/.local/bin:/home/jkw/.local/bin:/home/jkw/.pyenv/plugins/pyenv-virtualenv/shims:/home/jkw/.pyenv/bin:/home/jkw/.local/kitty.app/bin:/home/jkw/.local/bin:/home/jkw/.pyenv/plugins/pyenv-virtualenv/shims:/home/jkw/.pyenv/bin:/home/jkw/.local/kitty.app/bin:/opt/ros/humble/bin:/home/jkw/.local/bin:/home/jkw/.local/bin:/usr/local/sbin:/usr/local/bin:/usr/sbin:/usr/bin:/sbin:/bin:/usr/games:/usr/local/games:/snap/bin:/snap/bin:/home/jkw/.antigravity-ide/extensions/ms-python.debugpy-2026.6.0-linux-x64/bundled/scripts/noConfigScripts'), ('SESSION_MANAGER', 'local/jkw-MS-7E59:@/tmp/.ICE-unix/2440,unix/jkw-MS-7E59:/tmp/.ICE-unix/2440'), ('INVOCATION_ID', '8c30bf8d52a146b180b60456610a3415'), ('XDG_MENU_PREFIX', 'gnome-'), ('XDG_RUNTIME_DIR', '/run/user/1000'), ('GDK_BACKEND', 'x11'), ('DISPLAY', ':1'), ('VSCODE_DEBUGPY_ADAPTER_ENDPOINTS', '/home/jkw/.antigravity-ide/extensions/ms-python.debugpy-2026.6.0-linux-x64/.noConfigDebugAdapterEndpoints/endpoint-a434eef8644a7ac9.txt'), ('TERMINATOR_DBUS_PATH', '/net/tenshu/Terminator2'), ('LANG', 'en_US.UTF-8'), ('XDG_CURRENT_DESKTOP', 'ubuntu:GNOME'), ('PYTHONSTARTUP', '/home/jkw/.config/Antigravity IDE/User/workspaceStorage/41f3336bc77ddcef4ec35eb017ffa178/ms-python.python/pythonrc.py'), ('IBUS_DISABLE_SNOOPER', '1'), ('XMODIFIERS', '@im=ibus'), ('XDG_SESSION_DESKTOP', 'ubuntu'), ('XAUTHORITY', '/run/user/1000/gdm/Xauthority'), ('LS_COLORS', 'rs=0:di=01;34:ln=01;36:mh=00:pi=40;33:so=01;35:do=01;35:bd=40;33;01:cd=40;33;01:or=40;31;01:mi=00:su=37;41:sg=30;43:ca=30;41:tw=30;42:ow=34;42:st=37;44:ex=01;32:*.tar=01;31:*.tgz=01;31:*.arc=01;31:*.arj=01;31:*.taz=01;31:*.lha=01;31:*.lz4=01;31:*.lzh=01;31:*.lzma=01;31:*.tlz=01;31:*.txz=01;31:*.tzo=01;31:*.t7z=01;31:*.zip=01;31:*.z=01;31:*.dz=01;31:*.gz=01;31:*.lrz=01;31:*.lz=01;31:*.lzo=01;31:*.xz=01;31:*.zst=01;31:*.tzst=01;31:*.bz2=01;31:*.bz=01;31:*.tbz=01;31:*.tbz2=01;31:*.tz=01;31:*.deb=01;31:*.rpm=01;31:*.jar=01;31:*.war=01;31:*.ear=01;31:*.sar=01;31:*.rar=01;31:*.alz=01;31:*.ace=01;31:*.zoo=01;31:*.cpio=01;31:*.7z=01;31:*.rz=01;31:*.cab=01;31:*.wim=01;31:*.swm=01;31:*.dwm=01;31:*.esd=01;31:*.jpg=01;35:*.jpeg=01;35:*.mjpg=01;35:*.mjpeg=01;35:*.gif=01;35:*.bmp=01;35:*.pbm=01;35:*.pgm=01;35:*.ppm=01;35:*.tga=01;35:*.xbm=01;35:*.xpm=01;35:*.tif=01;35:*.tiff=01;35:*.png=01;35:*.svg=01;35:*.svgz=01;35:*.mng=01;35:*.pcx=01;35:*.mov=01;35:*.mpg=01;35:*.mpeg=01;35:*.m2v=01;35:*.mkv=01;35:*.webm=01;35:*.webp=01;35:*.ogm=01;35:*.mp4=01;35:*.m4v=01;35:*.mp4v=01;35:*.vob=01;35:*.qt=01;35:*.nuv=01;35:*.wmv=01;35:*.asf=01;35:*.rm=01;35:*.rmvb=01;35:*.flc=01;35:*.avi=01;35:*.fli=01;35:*.flv=01;35:*.gl=01;35:*.dl=01;35:*.xcf=01;35:*.xwd=01;35:*.yuv=01;35:*.cgm=01;35:*.emf=01;35:*.ogv=01;35:*.ogx=01;35:*.aac=00;36:*.au=00;36:*.flac=00;36:*.m4a=00;36:*.mid=00;36:*.midi=00;36:*.mka=00;36:*.mp3=00;36:*.mpc=00;36:*.ogg=00;36:*.ra=00;36:*.wav=00;36:*.oga=00;36:*.opus=00;36:*.spx=00;36:*.xspf=00;36:'), ('VSCODE_GIT_IPC_HANDLE', '/run/user/1000/vscode-git-2b1d280fd0.sock'), ('TERM_PROGRAM', 'vscode'), ('SSH_AGENT_LAUNCHER', 'gnome-keyring'), ('SSH_AUTH_SOCK', '/run/user/1000/keyring/ssh'), ('AMENT_PREFIX_PATH', '/home/jkw/bopt_ws/install/bopt_description:/home/jkw/bopt_ws/install/bopt_controller:/opt/ros/humble'), ('SHELL', '/bin/bash'), ('TERMINATOR_UUID', 'urn:uuid:c85302b2-0b68-4259-8c68-1fbd02900cfe'), ('QT_ACCESSIBILITY', '1'), ('GDMSESSION', 'ubuntu'), ('LESSCLOSE', '/usr/bin/lesspipe %s %s'), ('GPG_AGENT_INFO', '/run/user/1000/gnupg/S.gpg-agent:0:1'), ('GJS_DEBUG_OUTPUT', 'stderr'), ('VSCODE_GIT_ASKPASS_EXTRA_ARGS', ''), ('QT_IM_MODULE', 'ibus'), ('PWD', '/home/jkw/bopt_ws/build/bopt_description'), ('LC_ALL', 'en_US.UTF-8'), ('XDG_CONFIG_DIRS', '/etc/xdg/xdg-ubuntu:/etc/xdg'), ('PYENV_ROOT', '/home/jkw/.pyenv'), ('XDG_DATA_DIRS', '/usr/share/ubuntu:/usr/share/gnome:/usr/local/share/:/usr/share/:/var/lib/snapd/desktop'), ('PYTHONPATH', '/home/jkw/bopt_ws/install/bopt_controller/lib/python3.10/site-packages:/opt/ros/humble/lib/python3.10/site-packages:/opt/ros/humble/local/lib/python3.10/dist-packages'), ('COLCON', '1'), ('VTE_VERSION', '6800'), ('CMAKE_PREFIX_PATH', '/home/jkw/bopt_ws/install/bopt_description:/home/jkw/bopt_ws/install/bopt_controller:/opt/ros/humble')]), 'shell': False}
[0.125596] (bopt_description) StdoutLine: {'line': b'-- Install configuration: ""\n'}
[0.125826] (bopt_description) StdoutLine: {'line': b'-- Execute custom install script\n'}
[0.125974] (bopt_description) StdoutLine: {'line': b'-- Up-to-date symlink: /home/jkw/bopt_ws/install/bopt_description/share/bopt_description/launch/display.launch.py\n'}
[0.126011] (bopt_description) StdoutLine: {'line': b'-- Up-to-date symlink: /home/jkw/bopt_ws/install/bopt_description/share/bopt_description/launch/gazebo.launch copy.py\n'}
[0.126048] (bopt_description) StdoutLine: {'line': b'-- Up-to-date symlink: /home/jkw/bopt_ws/install/bopt_description/share/bopt_description/launch/gazebo.launch.py\n'}
[0.126086] (bopt_description) StdoutLine: {'line': b'-- Up-to-date symlink: /home/jkw/bopt_ws/install/bopt_description/share/bopt_description/launch/simulation.launch.py\n'}
[0.126145] (bopt_description) StdoutLine: {'line': b'-- Up-to-date symlink: /home/jkw/bopt_ws/install/bopt_description/share/bopt_description/urdf/materials.xacro\n'}
[0.126180] (bopt_description) StdoutLine: {'line': b'-- Up-to-date symlink: /home/jkw/bopt_ws/install/bopt_description/share/bopt_description/urdf/robot.urdf.xacro\n'}
[0.126215] (bopt_description) StdoutLine: {'line': b'-- Up-to-date symlink: /home/jkw/bopt_ws/install/bopt_description/share/bopt_description/urdf/ros2_control.xacro\n'}
[0.126298] (bopt_description) StdoutLine: {'line': b'-- Up-to-date symlink: /home/jkw/bopt_ws/install/bopt_description/share/bopt_description/meshes/visual/3Dlidar.stl\n'}
[0.126330] (bopt_description) StdoutLine: {'line': b'-- Up-to-date symlink: /home/jkw/bopt_ws/install/bopt_description/share/bopt_description/meshes/visual/Base.stl\n'}
[0.126364] (bopt_description) StdoutLine: {'line': b'-- Up-to-date symlink: /home/jkw/bopt_ws/install/bopt_description/share/bopt_description/meshes/visual/Fork_with_base.STL\n'}
[0.126395] (bopt_description) StdoutLine: {'line': b'-- Up-to-date symlink: /home/jkw/bopt_ws/install/bopt_description/share/bopt_description/meshes/visual/casster_wheel.stl\n'}
[0.126433] (bopt_description) StdoutLine: {'line': b'-- Up-to-date symlink: /home/jkw/bopt_ws/install/bopt_description/share/bopt_description/meshes/visual/caster_wheel_ass.stl\n'}
[0.126463] (bopt_description) StdoutLine: {'line': b'-- Up-to-date symlink: /home/jkw/bopt_ws/install/bopt_description/share/bopt_description/meshes/visual/drive_wheel.stl\n'}
[0.126483] (bopt_description) StdoutLine: {'line': b'-- Up-to-date symlink: /home/jkw/bopt_ws/install/bopt_description/share/bopt_description/meshes/visual/drive_wheel_ass.stl\n'}
[0.126520] (bopt_description) StdoutLine: {'line': b'-- Up-to-date symlink: /home/jkw/bopt_ws/install/bopt_description/share/bopt_description/meshes/visual/front.stl\n'}
[0.126541] (bopt_description) StdoutLine: {'line': b'-- Up-to-date symlink: /home/jkw/bopt_ws/install/bopt_description/share/bopt_description/meshes/visual/front_socket.stl\n'}
[0.126579] (bopt_description) StdoutLine: {'line': b'-- Up-to-date symlink: /home/jkw/bopt_ws/install/bopt_description/share/bopt_description/meshes/visual/front_wheel.stl\n'}
[0.126599] (bopt_description) StdoutLine: {'line': b'-- Up-to-date symlink: /home/jkw/bopt_ws/install/bopt_description/share/bopt_description/meshes/visual/front_wheel_shaft.stl\n'}
[0.126633] (bopt_description) StdoutLine: {'line': b'-- Up-to-date symlink: /home/jkw/bopt_ws/install/bopt_description/share/bopt_description/meshes/visual/lidar19.stl\n'}
[0.126669] (bopt_description) StdoutLine: {'line': b'-- Up-to-date symlink: /home/jkw/bopt_ws/install/bopt_description/share/bopt_description/rviz/display.rviz\n'}
[0.126707] (bopt_description) StdoutLine: {'line': b'-- Up-to-date symlink: /home/jkw/bopt_ws/install/bopt_description/share/bopt_description/config/controller.yaml\n'}
[0.126760] (bopt_description) StdoutLine: {'line': b'-- Up-to-date symlink: /home/jkw/bopt_ws/install/bopt_description/share/bopt_description/worlds/empty.world\n'}
[0.129567] (bopt_description) StdoutLine: {'line': b'-- Up-to-date symlink: /home/jkw/bopt_ws/install/bopt_description/share/bopt_description/models/aws_robomaker_residential_AirconditionerA_01/materials/textures/aws_AirconditionerA_01.png\n'}
[0.129608] (bopt_description) StdoutLine: {'line': b'-- Up-to-date symlink: /home/jkw/bopt_ws/install/bopt_description/share/bopt_description/models/aws_robomaker_residential_AirconditionerA_01/meshes/aws_AirconditionerA_01_collision.DAE\n'}
[0.129644] (bopt_description) StdoutLine: {'line': b'-- Up-to-date symlink: /home/jkw/bopt_ws/install/bopt_description/share/bopt_description/models/aws_robomaker_residential_AirconditionerA_01/meshes/aws_AirconditionerA_01_visual.DAE\n'}
[0.129680] (bopt_description) StdoutLine: {'line': b'-- Up-to-date symlink: /home/jkw/bopt_ws/install/bopt_description/share/bopt_description/models/aws_robomaker_residential_AirconditionerA_01/meshes/aws__Air conditioner_01.DAE\n'}
[0.129719] (bopt_description) StdoutLine: {'line': b'-- Up-to-date symlink: /home/jkw/bopt_ws/install/bopt_description/share/bopt_description/models/aws_robomaker_residential_AirconditionerA_01/model.config\n'}
[0.129738] (bopt_description) StdoutLine: {'line': b'-- Up-to-date symlink: /home/jkw/bopt_ws/install/bopt_description/share/bopt_description/models/aws_robomaker_residential_AirconditionerA_01/model.sdf\n'}
[0.129772] (bopt_description) StdoutLine: {'line': b'-- Up-to-date symlink: /home/jkw/bopt_ws/install/bopt_description/share/bopt_description/models/aws_robomaker_residential_AirconditionerB_01/materials/textures/aws_AirconditionerB_01.png\n'}
[0.129807] (bopt_description) StdoutLine: {'line': b'-- Up-to-date symlink: /home/jkw/bopt_ws/install/bopt_description/share/bopt_description/models/aws_robomaker_residential_AirconditionerB_01/meshes/aws_AirconditionerB_01_collision.DAE\n'}
[0.129843] (bopt_description) StdoutLine: {'line': b'-- Up-to-date symlink: /home/jkw/bopt_ws/install/bopt_description/share/bopt_description/models/aws_robomaker_residential_AirconditionerB_01/meshes/aws_AirconditionerB_01_visual.DAE\n'}
[0.129888] (bopt_description) StdoutLine: {'line': b'-- Up-to-date symlink: /home/jkw/bopt_ws/install/bopt_description/share/bopt_description/models/aws_robomaker_residential_AirconditionerB_01/model.config\n'}
[0.129907] (bopt_description) StdoutLine: {'line': b'-- Up-to-date symlink: /home/jkw/bopt_ws/install/bopt_description/share/bopt_description/models/aws_robomaker_residential_AirconditionerB_01/model.sdf\n'}
[0.129940] (bopt_description) StdoutLine: {'line': b'-- Up-to-date symlink: /home/jkw/bopt_ws/install/bopt_description/share/bopt_description/models/aws_robomaker_residential_BalconyTable_01/materials/textures/aws_BalconyTable_01.png\n'}
[0.129958] (bopt_description) StdoutLine: {'line': b'-- Up-to-date symlink: /home/jkw/bopt_ws/install/bopt_description/share/bopt_description/models/aws_robomaker_residential_BalconyTable_01/meshes/aws_BalconyTable_01_collision.DAE\n'}
[0.129991] (bopt_description) StdoutLine: {'line': b'-- Up-to-date symlink: /home/jkw/bopt_ws/install/bopt_description/share/bopt_description/models/aws_robomaker_residential_BalconyTable_01/meshes/aws_BalconyTable_01_visual.DAE\n'}
[0.130032] (bopt_description) StdoutLine: {'line': b'-- Up-to-date symlink: /home/jkw/bopt_ws/install/bopt_description/share/bopt_description/models/aws_robomaker_residential_BalconyTable_01/model.config\n'}
[0.130056] (bopt_description) StdoutLine: {'line': b'-- Up-to-date symlink: /home/jkw/bopt_ws/install/bopt_description/share/bopt_description/models/aws_robomaker_residential_BalconyTable_01/model.sdf\n'}
[0.130075] (bopt_description) StdoutLine: {'line': b'-- Up-to-date symlink: /home/jkw/bopt_ws/install/bopt_description/share/bopt_description/models/aws_robomaker_residential_Ball_01/materials/textures/aws_Ball_01.png\n'}
[0.130109] (bopt_description) StdoutLine: {'line': b'-- Up-to-date symlink: /home/jkw/bopt_ws/install/bopt_description/share/bopt_description/models/aws_robomaker_residential_Ball_01/meshes/aws_Ball_01_collision.DAE\n'}
[0.130156] (bopt_description) StdoutLine: {'line': b'-- Up-to-date symlink: /home/jkw/bopt_ws/install/bopt_description/share/bopt_description/models/aws_robomaker_residential_Ball_01/meshes/aws_Ball_01_visual.DAE\n'}
[0.130174] (bopt_description) StdoutLine: {'line': b'-- Up-to-date symlink: /home/jkw/bopt_ws/install/bopt_description/share/bopt_description/models/aws_robomaker_residential_Ball_01/model.config\n'}
[0.130193] (bopt_description) StdoutLine: {'line': b'-- Up-to-date symlink: /home/jkw/bopt_ws/install/bopt_description/share/bopt_description/models/aws_robomaker_residential_Ball_01/model.sdf\n'}
[0.130210] (bopt_description) StdoutLine: {'line': b'-- Up-to-date symlink: /home/jkw/bopt_ws/install/bopt_description/share/bopt_description/models/aws_robomaker_residential_Bed_01/materials/textures/aws_BedA_01.png\n'}
[0.130243] (bopt_description) StdoutLine: {'line': b'-- Up-to-date symlink: /home/jkw/bopt_ws/install/bopt_description/share/bopt_description/models/aws_robomaker_residential_Bed_01/materials/textures/aws_BedB_01.png\n'}
[0.130284] (bopt_description) StdoutLine: {'line': b'-- Up-to-date symlink: /home/jkw/bopt_ws/install/bopt_description/share/bopt_description/models/aws_robomaker_residential_Bed_01/materials/textures/aws_BedC_01.png\n'}
[0.130306] (bopt_description) StdoutLine: {'line': b'-- Up-to-date symlink: /home/jkw/bopt_ws/install/bopt_description/share/bopt_description/models/aws_robomaker_residential_Bed_01/materials/textures/aws_Bed_01.png\n'}
[0.130324] (bopt_description) StdoutLine: {'line': b'-- Up-to-date symlink: /home/jkw/bopt_ws/install/bopt_description/share/bopt_description/models/aws_robomaker_residential_Bed_01/meshes/aws_Bed_01_collision.DAE\n'}
[0.130356] (bopt_description) StdoutLine: {'line': b'-- Up-to-date symlink: /home/jkw/bopt_ws/install/bopt_description/share/bopt_description/models/aws_robomaker_residential_Bed_01/meshes/aws_Bed_01_visual.DAE\n'}
[0.130399] (bopt_description) StdoutLine: {'line': b'-- Up-to-date symlink: /home/jkw/bopt_ws/install/bopt_description/share/bopt_description/models/aws_robomaker_residential_Bed_01/model.config\n'}
[0.130416] (bopt_description) StdoutLine: {'line': b'-- Up-to-date symlink: /home/jkw/bopt_ws/install/bopt_description/share/bopt_description/models/aws_robomaker_residential_Bed_01/model.sdf\n'}
[0.130435] (bopt_description) StdoutLine: {'line': b'-- Up-to-date symlink: /home/jkw/bopt_ws/install/bopt_description/share/bopt_description/models/aws_robomaker_residential_Board_01/materials/textures/aws_Board_01.png\n'}
[0.130454] (bopt_description) StdoutLine: {'line': b'-- Up-to-date symlink: /home/jkw/bopt_ws/install/bopt_description/share/bopt_description/models/aws_robomaker_residential_Board_01/meshes/aws_Board_01_collision.DAE\n'}
[0.130486] (bopt_description) StdoutLine: {'line': b'-- Up-to-date symlink: /home/jkw/bopt_ws/install/bopt_description/share/bopt_description/models/aws_robomaker_residential_Board_01/meshes/aws_Board_01_visual.DAE\n'}
[0.130529] (bopt_description) StdoutLine: {'line': b'-- Up-to-date symlink: /home/jkw/bopt_ws/install/bopt_description/share/bopt_description/models/aws_robomaker_residential_Board_01/model.config\n'}
[0.130546] (bopt_description) StdoutLine: {'line': b'-- Up-to-date symlink: /home/jkw/bopt_ws/install/bopt_description/share/bopt_description/models/aws_robomaker_residential_Board_01/model.sdf\n'}
[0.130565] (bopt_description) StdoutLine: {'line': b'-- Up-to-date symlink: /home/jkw/bopt_ws/install/bopt_description/share/bopt_description/models/aws_robomaker_residential_Carpet_01/materials/textures/aws_Carpet_01.png\n'}
[0.130585] (bopt_description) StdoutLine: {'line': b'-- Up-to-date symlink: /home/jkw/bopt_ws/install/bopt_description/share/bopt_description/models/aws_robomaker_residential_Carpet_01/meshes/aws_Carpet_01_collision.DAE\n'}
[0.130617] (bopt_description) StdoutLine: {'line': b'-- Up-to-date symlink: /home/jkw/bopt_ws/install/bopt_description/share/bopt_description/models/aws_robomaker_residential_Carpet_01/meshes/aws_Carpet_01_visual.DAE\n'}
[0.130654] (bopt_description) StdoutLine: {'line': b'-- Up-to-date symlink: /home/jkw/bopt_ws/install/bopt_description/share/bopt_description/models/aws_robomaker_residential_Carpet_01/model.config\n'}
[0.130674] (bopt_description) StdoutLine: {'line': b'-- Up-to-date symlink: /home/jkw/bopt_ws/install/bopt_description/share/bopt_description/models/aws_robomaker_residential_Carpet_01/model.sdf\n'}
[0.130714] (bopt_description) StdoutLine: {'line': b'-- Up-to-date symlink: /home/jkw/bopt_ws/install/bopt_description/share/bopt_description/models/aws_robomaker_residential_ChairA_01/materials/textures/aws_ChairA_01.png\n'}
[0.130732] (bopt_description) StdoutLine: {'line': b'-- Up-to-date symlink: /home/jkw/bopt_ws/install/bopt_description/share/bopt_description/models/aws_robomaker_residential_ChairA_01/meshes/aws_ChairA_01_collision.DAE\n'}
[0.130750] (bopt_description) StdoutLine: {'line': b'-- Up-to-date symlink: /home/jkw/bopt_ws/install/bopt_description/share/bopt_description/models/aws_robomaker_residential_ChairA_01/meshes/aws_ChairA_01_visual.DAE\n'}
[0.130768] (bopt_description) StdoutLine: {'line': b'-- Up-to-date symlink: /home/jkw/bopt_ws/install/bopt_description/share/bopt_description/models/aws_robomaker_residential_ChairA_01/model.config\n'}
[0.130800] (bopt_description) StdoutLine: {'line': b'-- Up-to-date symlink: /home/jkw/bopt_ws/install/bopt_description/share/bopt_description/models/aws_robomaker_residential_ChairA_01/model.sdf\n'}
[0.130847] (bopt_description) StdoutLine: {'line': b'-- Up-to-date symlink: /home/jkw/bopt_ws/install/bopt_description/share/bopt_description/models/aws_robomaker_residential_ChairD_01/materials/textures/aws_ChairD_01.png\n'}
[0.130867] (bopt_description) StdoutLine: {'line': b'-- Up-to-date symlink: /home/jkw/bopt_ws/install/bopt_description/share/bopt_description/models/aws_robomaker_residential_ChairD_01/meshes/aws_ChairD_01_collision.DAE\n'}
[0.130886] (bopt_description) StdoutLine: {'line': b'-- Up-to-date symlink: /home/jkw/bopt_ws/install/bopt_description/share/bopt_description/models/aws_robomaker_residential_ChairD_01/meshes/aws_ChairD_01_visual.DAE\n'}
[0.130903] (bopt_description) StdoutLine: {'line': b'-- Up-to-date symlink: /home/jkw/bopt_ws/install/bopt_description/share/bopt_description/models/aws_robomaker_residential_ChairD_01/model.config\n'}
[0.130937] (bopt_description) StdoutLine: {'line': b'-- Up-to-date symlink: /home/jkw/bopt_ws/install/bopt_description/share/bopt_description/models/aws_robomaker_residential_ChairD_01/model.sdf\n'}
[0.130973] (bopt_description) StdoutLine: {'line': b'-- Up-to-date symlink: /home/jkw/bopt_ws/install/bopt_description/share/bopt_description/models/aws_robomaker_residential_Chandelier_01/materials/textures/aws_Chandelier_01.png\n'}
[0.130991] (bopt_description) StdoutLine: {'line': b'-- Up-to-date symlink: /home/jkw/bopt_ws/install/bopt_description/share/bopt_description/models/aws_robomaker_residential_Chandelier_01/meshes/aws_Chandelier_01.DAE\n'}
[0.131025] (bopt_description) StdoutLine: {'line': b'-- Up-to-date symlink: /home/jkw/bopt_ws/install/bopt_description/share/bopt_description/models/aws_robomaker_residential_Chandelier_01/meshes/aws_Chandelier_01_collision.DAE\n'}
[0.131046] (bopt_description) StdoutLine: {'line': b'-- Up-to-date symlink: /home/jkw/bopt_ws/install/bopt_description/share/bopt_description/models/aws_robomaker_residential_Chandelier_01/meshes/aws_Chandelier_01_visual.DAE\n'}
[0.131084] (bopt_description) StdoutLine: {'line': b'-- Up-to-date symlink: /home/jkw/bopt_ws/install/bopt_description/share/bopt_description/models/aws_robomaker_residential_Chandelier_01/model.config\n'}
[0.131102] (bopt_description) StdoutLine: {'line': b'-- Up-to-date symlink: /home/jkw/bopt_ws/install/bopt_description/share/bopt_description/models/aws_robomaker_residential_Chandelier_01/model.sdf\n'}
[0.131119] (bopt_description) StdoutLine: {'line': b'-- Up-to-date symlink: /home/jkw/bopt_ws/install/bopt_description/share/bopt_description/models/aws_robomaker_residential_CoffeeTable_01/materials/textures/aws_CoffeeTable_01.png\n'}
[0.131153] (bopt_description) StdoutLine: {'line': b'-- Up-to-date symlink: /home/jkw/bopt_ws/install/bopt_description/share/bopt_description/models/aws_robomaker_residential_CoffeeTable_01/meshes/aws_CoffeeTable_01_collision.DAE\n'}
[0.131193] (bopt_description) StdoutLine: {'line': b'-- Up-to-date symlink: /home/jkw/bopt_ws/install/bopt_description/share/bopt_description/models/aws_robomaker_residential_CoffeeTable_01/meshes/aws_CoffeeTable_01_visual.DAE\n'}
[0.131214] (bopt_description) StdoutLine: {'line': b'-- Up-to-date symlink: /home/jkw/bopt_ws/install/bopt_description/share/bopt_description/models/aws_robomaker_residential_CoffeeTable_01/model.config\n'}
[0.131232] (bopt_description) StdoutLine: {'line': b'-- Up-to-date symlink: /home/jkw/bopt_ws/install/bopt_description/share/bopt_description/models/aws_robomaker_residential_CoffeeTable_01/model.sdf\n'}
[0.131270] (bopt_description) StdoutLine: {'line': b'-- Up-to-date symlink: /home/jkw/bopt_ws/install/bopt_description/share/bopt_description/models/aws_robomaker_residential_CookingBench_01/materials/textures/aws_CookingBench_01.png\n'}
[0.131288] (bopt_description) StdoutLine: {'line': b'-- Up-to-date symlink: /home/jkw/bopt_ws/install/bopt_description/share/bopt_description/models/aws_robomaker_residential_CookingBench_01/meshes/aws_CookingBench_01.DAE\n'}
[0.131306] (bopt_description) StdoutLine: {'line': b'-- Up-to-date symlink: /home/jkw/bopt_ws/install/bopt_description/share/bopt_description/models/aws_robomaker_residential_CookingBench_01/meshes/aws_CookingBench_01_collision.DAE\n'}
[0.131339] (bopt_description) StdoutLine: {'line': b'-- Up-to-date symlink: /home/jkw/bopt_ws/install/bopt_description/share/bopt_description/models/aws_robomaker_residential_CookingBench_01/meshes/aws_CookingBench_01_visual.DAE\n'}
[0.131383] (bopt_description) StdoutLine: {'line': b'-- Up-to-date symlink: /home/jkw/bopt_ws/install/bopt_description/share/bopt_description/models/aws_robomaker_residential_CookingBench_01/model.config\n'}
[0.131401] (bopt_description) StdoutLine: {'line': b'-- Up-to-date symlink: /home/jkw/bopt_ws/install/bopt_description/share/bopt_description/models/aws_robomaker_residential_CookingBench_01/model.sdf\n'}
[0.131418] (bopt_description) StdoutLine: {'line': b'-- Up-to-date symlink: /home/jkw/bopt_ws/install/bopt_description/share/bopt_description/models/aws_robomaker_residential_Curtain_01/materials/textures/aws_Curtain_01.png\n'}
[0.131436] (bopt_description) StdoutLine: {'line': b'-- Up-to-date symlink: /home/jkw/bopt_ws/install/bopt_description/share/bopt_description/models/aws_robomaker_residential_Curtain_01/meshes/aws_Curtain_01_collision.DAE\n'}
[0.131472] (bopt_description) StdoutLine: {'line': b'-- Up-to-date symlink: /home/jkw/bopt_ws/install/bopt_description/share/bopt_description/models/aws_robomaker_residential_Curtain_01/meshes/aws_Curtain_01_visual.DAE\n'}
[0.131490] (bopt_description) StdoutLine: {'line': b'-- Up-to-date symlink: /home/jkw/bopt_ws/install/bopt_description/share/bopt_description/models/aws_robomaker_residential_Curtain_01/model.config\n'}
[0.131523] (bopt_description) StdoutLine: {'line': b'-- Up-to-date symlink: /home/jkw/bopt_ws/install/bopt_description/share/bopt_description/models/aws_robomaker_residential_Curtain_01/model.sdf\n'}
[0.131563] (bopt_description) StdoutLine: {'line': b'-- Up-to-date symlink: /home/jkw/bopt_ws/install/bopt_description/share/bopt_description/models/aws_robomaker_residential_DeskPortraitA_01/materials/textures/aws_DeskPortraitA_01.png\n'}
[0.131583] (bopt_description) StdoutLine: {'line': b'-- Up-to-date symlink: /home/jkw/bopt_ws/install/bopt_description/share/bopt_description/models/aws_robomaker_residential_DeskPortraitA_01/materials/textures/aws_DeskPortraitA_02.png\n'}
[0.131601] (bopt_description) StdoutLine: {'line': b'-- Up-to-date symlink: /home/jkw/bopt_ws/install/bopt_description/share/bopt_description/models/aws_robomaker_residential_DeskPortraitA_01/meshes/aws_DeskPortraitA_01_collision.DAE\n'}
[0.131639] (bopt_description) StdoutLine: {'line': b'-- Up-to-date symlink: /home/jkw/bopt_ws/install/bopt_description/share/bopt_description/models/aws_robomaker_residential_DeskPortraitA_01/meshes/aws_DeskPortraitA_01_visual.DAE\n'}
[0.131660] (bopt_description) StdoutLine: {'line': b'-- Up-to-date symlink: /home/jkw/bopt_ws/install/bopt_description/share/bopt_description/models/aws_robomaker_residential_DeskPortraitA_01/model.config\n'}
[0.131678] (bopt_description) StdoutLine: {'line': b'-- Up-to-date symlink: /home/jkw/bopt_ws/install/bopt_description/share/bopt_description/models/aws_robomaker_residential_DeskPortraitA_01/model.sdf\n'}
[0.131710] (bopt_description) StdoutLine: {'line': b'-- Up-to-date symlink: /home/jkw/bopt_ws/install/bopt_description/share/bopt_description/models/aws_robomaker_residential_DeskPortraitA_02/materials/textures/aws_DeskPortraitA_01.png\n'}
[0.131753] (bopt_description) StdoutLine: {'line': b'-- Up-to-date symlink: /home/jkw/bopt_ws/install/bopt_description/share/bopt_description/models/aws_robomaker_residential_DeskPortraitA_02/materials/textures/aws_DeskPortraitA_02.png\n'}
[0.131770] (bopt_description) StdoutLine: {'line': b'-- Up-to-date symlink: /home/jkw/bopt_ws/install/bopt_description/share/bopt_description/models/aws_robomaker_residential_DeskPortraitA_02/meshes/aws_DeskPortraitA_01_collision.DAE\n'}
[0.131789] (bopt_description) StdoutLine: {'line': b'-- Up-to-date symlink: /home/jkw/bopt_ws/install/bopt_description/share/bopt_description/models/aws_robomaker_residential_DeskPortraitA_02/meshes/aws_DeskPortraitA_01_visual.DAE\n'}
[0.131806] (bopt_description) StdoutLine: {'line': b'-- Up-to-date symlink: /home/jkw/bopt_ws/install/bopt_description/share/bopt_description/models/aws_robomaker_residential_DeskPortraitA_02/model.config\n'}
[0.131844] (bopt_description) StdoutLine: {'line': b'-- Up-to-date symlink: /home/jkw/bopt_ws/install/bopt_description/share/bopt_description/models/aws_robomaker_residential_DeskPortraitA_02/model.sdf\n'}
[0.131892] (bopt_description) StdoutLine: {'line': b'-- Up-to-date symlink: /home/jkw/bopt_ws/install/bopt_description/share/bopt_description/models/aws_robomaker_residential_DeskPortraitB_01/materials/textures/aws_DeskPortraitB_01.png\n'}
[0.131912] (bopt_description) StdoutLine: {'line': b'-- Up-to-date symlink: /home/jkw/bopt_ws/install/bopt_description/share/bopt_description/models/aws_robomaker_residential_DeskPortraitB_01/materials/textures/aws_DeskPortraitB_02.png\n'}
[0.131947] (bopt_description) StdoutLine: {'line': b'-- Up-to-date symlink: /home/jkw/bopt_ws/install/bopt_description/share/bopt_description/models/aws_robomaker_residential_DeskPortraitB_01/meshes/aws_DeskPortraitB_01_collision.DAE\n'}
[0.131966] (bopt_description) StdoutLine: {'line': b'-- Up-to-date symlink: /home/jkw/bopt_ws/install/bopt_description/share/bopt_description/models/aws_robomaker_residential_DeskPortraitB_01/meshes/aws_DeskPortraitB_01_visual.DAE\n'}
[0.131983] (bopt_description) StdoutLine: {'line': b'-- Up-to-date symlink: /home/jkw/bopt_ws/install/bopt_description/share/bopt_description/models/aws_robomaker_residential_DeskPortraitB_01/model.config\n'}
[0.132001] (bopt_description) StdoutLine: {'line': b'-- Up-to-date symlink: /home/jkw/bopt_ws/install/bopt_description/share/bopt_description/models/aws_robomaker_residential_DeskPortraitB_01/model.sdf\n'}
[0.132034] (bopt_description) StdoutLine: {'line': b'-- Up-to-date symlink: /home/jkw/bopt_ws/install/bopt_description/share/bopt_description/models/aws_robomaker_residential_DeskPortraitB_02/materials/textures/aws_DeskPortraitB_01.png\n'}
[0.132081] (bopt_description) StdoutLine: {'line': b'-- Up-to-date symlink: /home/jkw/bopt_ws/install/bopt_description/share/bopt_description/models/aws_robomaker_residential_DeskPortraitB_02/materials/textures/aws_DeskPortraitB_02.png\n'}
[0.132099] (bopt_description) StdoutLine: {'line': b'-- Up-to-date symlink: /home/jkw/bopt_ws/install/bopt_description/share/bopt_description/models/aws_robomaker_residential_DeskPortraitB_02/meshes/aws_DeskPortraitB_01_collision.DAE\n'}
[0.132118] (bopt_description) StdoutLine: {'line': b'-- Up-to-date symlink: /home/jkw/bopt_ws/install/bopt_description/share/bopt_description/models/aws_robomaker_residential_DeskPortraitB_02/meshes/aws_DeskPortraitB_01_visual.DAE\n'}
[0.132136] (bopt_description) StdoutLine: {'line': b'-- Up-to-date symlink: /home/jkw/bopt_ws/install/bopt_description/share/bopt_description/models/aws_robomaker_residential_DeskPortraitB_02/model.config\n'}
[0.132167] (bopt_description) StdoutLine: {'line': b'-- Up-to-date symlink: /home/jkw/bopt_ws/install/bopt_description/share/bopt_description/models/aws_robomaker_residential_DeskPortraitB_02/model.sdf\n'}
[0.132211] (bopt_description) StdoutLine: {'line': b'-- Up-to-date symlink: /home/jkw/bopt_ws/install/bopt_description/share/bopt_description/models/aws_robomaker_residential_DeskPortraitC_01/materials/textures/aws_DeskPortraitC_01.png\n'}
[0.132228] (bopt_description) StdoutLine: {'line': b'-- Up-to-date symlink: /home/jkw/bopt_ws/install/bopt_description/share/bopt_description/models/aws_robomaker_residential_DeskPortraitC_01/materials/textures/aws_DeskPortraitC_02.png\n'}
[0.132246] (bopt_description) StdoutLine: {'line': b'-- Up-to-date symlink: /home/jkw/bopt_ws/install/bopt_description/share/bopt_description/models/aws_robomaker_residential_DeskPortraitC_01/meshes/aws_DeskPortraitC_01_collision.DAE\n'}
[0.132265] (bopt_description) StdoutLine: {'line': b'-- Up-to-date symlink: /home/jkw/bopt_ws/install/bopt_description/share/bopt_description/models/aws_robomaker_residential_DeskPortraitC_01/meshes/aws_DeskPortraitC_01_visual.DAE\n'}
[0.132298] (bopt_description) StdoutLine: {'line': b'-- Up-to-date symlink: /home/jkw/bopt_ws/install/bopt_description/share/bopt_description/models/aws_robomaker_residential_DeskPortraitC_01/model.config\n'}
[0.132338] (bopt_description) StdoutLine: {'line': b'-- Up-to-date symlink: /home/jkw/bopt_ws/install/bopt_description/share/bopt_description/models/aws_robomaker_residential_DeskPortraitC_01/model.sdf\n'}
[0.132358] (bopt_description) StdoutLine: {'line': b'-- Up-to-date symlink: /home/jkw/bopt_ws/install/bopt_description/share/bopt_description/models/aws_robomaker_residential_DeskPortraitC_02/materials/textures/aws_DeskPortraitC_01.png\n'}
[0.132376] (bopt_description) StdoutLine: {'line': b'-- Up-to-date symlink: /home/jkw/bopt_ws/install/bopt_description/share/bopt_description/models/aws_robomaker_residential_DeskPortraitC_02/materials/textures/aws_DeskPortraitC_02.png\n'}
[0.132408] (bopt_description) StdoutLine: {'line': b'-- Up-to-date symlink: /home/jkw/bopt_ws/install/bopt_description/share/bopt_description/models/aws_robomaker_residential_DeskPortraitC_02/meshes/aws_DeskPortraitC_01_collision.DAE\n'}
[0.132451] (bopt_description) StdoutLine: {'line': b'-- Up-to-date symlink: /home/jkw/bopt_ws/install/bopt_description/share/bopt_description/models/aws_robomaker_residential_DeskPortraitC_02/meshes/aws_DeskPortraitC_01_visual.DAE\n'}
[0.132468] (bopt_description) StdoutLine: {'line': b'-- Up-to-date symlink: /home/jkw/bopt_ws/install/bopt_description/share/bopt_description/models/aws_robomaker_residential_DeskPortraitC_02/model.config\n'}
[0.132486] (bopt_description) StdoutLine: {'line': b'-- Up-to-date symlink: /home/jkw/bopt_ws/install/bopt_description/share/bopt_description/models/aws_robomaker_residential_DeskPortraitC_02/model.sdf\n'}
[0.132505] (bopt_description) StdoutLine: {'line': b'-- Up-to-date symlink: /home/jkw/bopt_ws/install/bopt_description/share/bopt_description/models/aws_robomaker_residential_DeskPortraitD_01/materials/textures/aws_DeskPortraitD_01.png\n'}
[0.132538] (bopt_description) StdoutLine: {'line': b'-- Up-to-date symlink: /home/jkw/bopt_ws/install/bopt_description/share/bopt_description/models/aws_robomaker_residential_DeskPortraitD_01/materials/textures/aws_DeskPortraitD_02.png\n'}
[0.132582] (bopt_description) StdoutLine: {'line': b'-- Up-to-date symlink: /home/jkw/bopt_ws/install/bopt_description/share/bopt_description/models/aws_robomaker_residential_DeskPortraitD_01/meshes/aws_DeskPortraitD_01_collision.DAE\n'}
[0.132600] (bopt_description) StdoutLine: {'line': b'-- Up-to-date symlink: /home/jkw/bopt_ws/install/bopt_description/share/bopt_description/models/aws_robomaker_residential_DeskPortraitD_01/meshes/aws_DeskPortraitD_01_visual.DAE\n'}
[0.132618] (bopt_description) StdoutLine: {'line': b'-- Up-to-date symlink: /home/jkw/bopt_ws/install/bopt_description/share/bopt_description/models/aws_robomaker_residential_DeskPortraitD_01/model.config\n'}
[0.132637] (bopt_description) StdoutLine: {'line': b'-- Up-to-date symlink: /home/jkw/bopt_ws/install/bopt_description/share/bopt_description/models/aws_robomaker_residential_DeskPortraitD_01/model.sdf\n'}
[0.132673] (bopt_description) StdoutLine: {'line': b'-- Up-to-date symlink: /home/jkw/bopt_ws/install/bopt_description/share/bopt_description/models/aws_robomaker_residential_DeskPortraitD_02/materials/textures/aws_DeskPortraitD_01.png\n'}
[0.132693] (bopt_description) StdoutLine: {'line': b'-- Up-to-date symlink: /home/jkw/bopt_ws/install/bopt_description/share/bopt_description/models/aws_robomaker_residential_DeskPortraitD_02/materials/textures/aws_DeskPortraitD_02.png\n'}
[0.132711] (bopt_description) StdoutLine: {'line': b'-- Up-to-date symlink: /home/jkw/bopt_ws/install/bopt_description/share/bopt_description/models/aws_robomaker_residential_DeskPortraitD_02/meshes/aws_DeskPortraitD_01_collision.DAE\n'}
[0.132742] (bopt_description) StdoutLine: {'line': b'-- Up-to-date symlink: /home/jkw/bopt_ws/install/bopt_description/share/bopt_description/models/aws_robomaker_residential_DeskPortraitD_02/meshes/aws_DeskPortraitD_01_visual.DAE\n'}
[0.132785] (bopt_description) StdoutLine: {'line': b'-- Up-to-date symlink: /home/jkw/bopt_ws/install/bopt_description/share/bopt_description/models/aws_robomaker_residential_DeskPortraitD_02/model.config\n'}
[0.132802] (bopt_description) StdoutLine: {'line': b'-- Up-to-date symlink: /home/jkw/bopt_ws/install/bopt_description/share/bopt_description/models/aws_robomaker_residential_DeskPortraitD_02/model.sdf\n'}
[0.132819] (bopt_description) StdoutLine: {'line': b'-- Up-to-date symlink: /home/jkw/bopt_ws/install/bopt_description/share/bopt_description/models/aws_robomaker_residential_DeskPortraitD_03/materials/textures/aws_DeskPortraitD_01.png\n'}
[0.132837] (bopt_description) StdoutLine: {'line': b'-- Up-to-date symlink: /home/jkw/bopt_ws/install/bopt_description/share/bopt_description/models/aws_robomaker_residential_DeskPortraitD_03/materials/textures/aws_DeskPortraitD_02.png\n'}
[0.132870] (bopt_description) StdoutLine: {'line': b'-- Up-to-date symlink: /home/jkw/bopt_ws/install/bopt_description/share/bopt_description/models/aws_robomaker_residential_DeskPortraitD_03/meshes/aws_DeskPortraitD_01_collision.DAE\n'}
[0.132914] (bopt_description) StdoutLine: {'line': b'-- Up-to-date symlink: /home/jkw/bopt_ws/install/bopt_description/share/bopt_description/models/aws_robomaker_residential_DeskPortraitD_03/meshes/aws_DeskPortraitD_01_visual.DAE\n'}
[0.132933] (bopt_description) StdoutLine: {'line': b'-- Up-to-date symlink: /home/jkw/bopt_ws/install/bopt_description/share/bopt_description/models/aws_robomaker_residential_DeskPortraitD_03/model.config\n'}
[0.132952] (bopt_description) StdoutLine: {'line': b'-- Up-to-date symlink: /home/jkw/bopt_ws/install/bopt_description/share/bopt_description/models/aws_robomaker_residential_DeskPortraitD_03/model.sdf\n'}
[0.132983] (bopt_description) StdoutLine: {'line': b'-- Up-to-date symlink: /home/jkw/bopt_ws/install/bopt_description/share/bopt_description/models/aws_robomaker_residential_DeskPortraitD_04/materials/textures/aws_DeskPortraitD_01.png\n'}
[0.133022] (bopt_description) StdoutLine: {'line': b'-- Up-to-date symlink: /home/jkw/bopt_ws/install/bopt_description/share/bopt_description/models/aws_robomaker_residential_DeskPortraitD_04/materials/textures/aws_DeskPortraitD_02.png\n'}
[0.133040] (bopt_description) StdoutLine: {'line': b'-- Up-to-date symlink: /home/jkw/bopt_ws/install/bopt_description/share/bopt_description/models/aws_robomaker_residential_DeskPortraitD_04/meshes/aws_DeskPortraitD_01_collision.DAE\n'}
[0.133061] (bopt_description) StdoutLine: {'line': b'-- Up-to-date symlink: /home/jkw/bopt_ws/install/bopt_description/share/bopt_description/models/aws_robomaker_residential_DeskPortraitD_04/meshes/aws_DeskPortraitD_01_visual.DAE\n'}
[0.133079] (bopt_description) StdoutLine: {'line': b'-- Up-to-date symlink: /home/jkw/bopt_ws/install/bopt_description/share/bopt_description/models/aws_robomaker_residential_DeskPortraitD_04/model.config\n'}
[0.133111] (bopt_description) StdoutLine: {'line': b'-- Up-to-date symlink: /home/jkw/bopt_ws/install/bopt_description/share/bopt_description/models/aws_robomaker_residential_DeskPortraitD_04/model.sdf\n'}
[0.133149] (bopt_description) StdoutLine: {'line': b'-- Up-to-date symlink: /home/jkw/bopt_ws/install/bopt_description/share/bopt_description/models/aws_robomaker_residential_Door_01/materials/textures/aws_Door_01.png\n'}
[0.133169] (bopt_description) StdoutLine: {'line': b'-- Up-to-date symlink: /home/jkw/bopt_ws/install/bopt_description/share/bopt_description/models/aws_robomaker_residential_Door_01/meshes/aws_Door_01_collision.DAE\n'}
[0.133188] (bopt_description) StdoutLine: {'line': b'-- Up-to-date symlink: /home/jkw/bopt_ws/install/bopt_description/share/bopt_description/models/aws_robomaker_residential_Door_01/meshes/aws_Door_01_visual.DAE\n'}
[0.133219] (bopt_description) StdoutLine: {'line': b'-- Up-to-date symlink: /home/jkw/bopt_ws/install/bopt_description/share/bopt_description/models/aws_robomaker_residential_Door_01/model.config\n'}
[0.133262] (bopt_description) StdoutLine: {'line': b'-- Up-to-date symlink: /home/jkw/bopt_ws/install/bopt_description/share/bopt_description/models/aws_robomaker_residential_Door_01/model.sdf\n'}
[0.133279] (bopt_description) StdoutLine: {'line': b'-- Up-to-date symlink: /home/jkw/bopt_ws/install/bopt_description/share/bopt_description/models/aws_robomaker_residential_Dumbbell_01/materials/textures/aws_Dumbbell_01.png\n'}
[0.133297] (bopt_description) StdoutLine: {'line': b'-- Up-to-date symlink: /home/jkw/bopt_ws/install/bopt_description/share/bopt_description/models/aws_robomaker_residential_Dumbbell_01/meshes/aws_Dumbbell_01_collision.DAE\n'}
[0.133315] (bopt_description) StdoutLine: {'line': b'-- Up-to-date symlink: /home/jkw/bopt_ws/install/bopt_description/share/bopt_description/models/aws_robomaker_residential_Dumbbell_01/meshes/aws_Dumbbell_01_visual.DAE\n'}
[0.133348] (bopt_description) StdoutLine: {'line': b'-- Up-to-date symlink: /home/jkw/bopt_ws/install/bopt_description/share/bopt_description/models/aws_robomaker_residential_Dumbbell_01/model.config\n'}
[0.133388] (bopt_description) StdoutLine: {'line': b'-- Up-to-date symlink: /home/jkw/bopt_ws/install/bopt_description/share/bopt_description/models/aws_robomaker_residential_Dumbbell_01/model.sdf\n'}
[0.133408] (bopt_description) StdoutLine: {'line': b'-- Up-to-date symlink: /home/jkw/bopt_ws/install/bopt_description/share/bopt_description/models/aws_robomaker_residential_FitnessEquipment_01/materials/textures/aws_FitnessEquipment_01.png\n'}
[0.133426] (bopt_description) StdoutLine: {'line': b'-- Up-to-date symlink: /home/jkw/bopt_ws/install/bopt_description/share/bopt_description/models/aws_robomaker_residential_FitnessEquipment_01/meshes/aws_FitnessEquipment_01_collision.DAE\n'}
[0.133458] (bopt_description) StdoutLine: {'line': b'-- Up-to-date symlink: /home/jkw/bopt_ws/install/bopt_description/share/bopt_description/models/aws_robomaker_residential_FitnessEquipment_01/meshes/aws_FitnessEquipment_01_visual.DAE\n'}
[0.133501] (bopt_description) StdoutLine: {'line': b'-- Up-to-date symlink: /home/jkw/bopt_ws/install/bopt_description/share/bopt_description/models/aws_robomaker_residential_FitnessEquipment_01/model.config\n'}
[0.133518] (bopt_description) StdoutLine: {'line': b'-- Up-to-date symlink: /home/jkw/bopt_ws/install/bopt_description/share/bopt_description/models/aws_robomaker_residential_FitnessEquipment_01/model.sdf\n'}
[0.133536] (bopt_description) StdoutLine: {'line': b'-- Up-to-date symlink: /home/jkw/bopt_ws/install/bopt_description/share/bopt_description/models/aws_robomaker_residential_FloorB_01/materials/textures/aws_FloorB_01.png\n'}
[0.133554] (bopt_description) StdoutLine: {'line': b'-- Up-to-date symlink: /home/jkw/bopt_ws/install/bopt_description/share/bopt_description/models/aws_robomaker_residential_FloorB_01/meshes/aws_FloorB_01_collision.DAE\n'}
[0.133592] (bopt_description) StdoutLine: {'line': b'-- Up-to-date symlink: /home/jkw/bopt_ws/install/bopt_description/share/bopt_description/models/aws_robomaker_residential_FloorB_01/meshes/aws_FloorB_01_visual.DAE\n'}
[0.133613] (bopt_description) StdoutLine: {'line': b'-- Up-to-date symlink: /home/jkw/bopt_ws/install/bopt_description/share/bopt_description/models/aws_robomaker_residential_FloorB_01/model.config\n'}
[0.133631] (bopt_description) StdoutLine: {'line': b'-- Up-to-date symlink: /home/jkw/bopt_ws/install/bopt_description/share/bopt_description/models/aws_robomaker_residential_FloorB_01/model.sdf\n'}
[0.133662] (bopt_description) StdoutLine: {'line': b'-- Up-to-date symlink: /home/jkw/bopt_ws/install/bopt_description/share/bopt_description/models/aws_robomaker_residential_FoldingDoor_01/materials/textures/aws_FoldingDoor_01.png\n'}
[0.133701] (bopt_description) StdoutLine: {'line': b'-- Up-to-date symlink: /home/jkw/bopt_ws/install/bopt_description/share/bopt_description/models/aws_robomaker_residential_FoldingDoor_01/meshes/aws_FoldingDoor_01_collision.DAE\n'}
[0.133721] (bopt_description) StdoutLine: {'line': b'-- Up-to-date symlink: /home/jkw/bopt_ws/install/bopt_description/share/bopt_description/models/aws_robomaker_residential_FoldingDoor_01/meshes/aws_FoldingDoor_01_visual.DAE\n'}
[0.133739] (bopt_description) StdoutLine: {'line': b'-- Up-to-date symlink: /home/jkw/bopt_ws/install/bopt_description/share/bopt_description/models/aws_robomaker_residential_FoldingDoor_01/model.config\n'}
[0.133770] (bopt_description) StdoutLine: {'line': b'-- Up-to-date symlink: /home/jkw/bopt_ws/install/bopt_description/share/bopt_description/models/aws_robomaker_residential_FoldingDoor_01/model.sdf\n'}
[0.133809] (bopt_description) StdoutLine: {'line': b'-- Up-to-date symlink: /home/jkw/bopt_ws/install/bopt_description/share/bopt_description/models/aws_robomaker_residential_FoldingDoor_02/materials/textures/aws_FoldingDoor_02.png\n'}
[0.133830] (bopt_description) StdoutLine: {'line': b'-- Up-to-date symlink: /home/jkw/bopt_ws/install/bopt_description/share/bopt_description/models/aws_robomaker_residential_FoldingDoor_02/meshes/aws_FoldingDoor_02_collision.DAE\n'}
[0.133864] (bopt_description) StdoutLine: {'line': b'-- Up-to-date symlink: /home/jkw/bopt_ws/install/bopt_description/share/bopt_description/models/aws_robomaker_residential_FoldingDoor_02/meshes/aws_FoldingDoor_02_visual.DAE\n'}
[0.133884] (bopt_description) StdoutLine: {'line': b'-- Up-to-date symlink: /home/jkw/bopt_ws/install/bopt_description/share/bopt_description/models/aws_robomaker_residential_FoldingDoor_02/model.config\n'}
[0.133902] (bopt_description) StdoutLine: {'line': b'-- Up-to-date symlink: /home/jkw/bopt_ws/install/bopt_description/share/bopt_description/models/aws_robomaker_residential_FoldingDoor_02/model.sdf\n'}
[0.133933] (bopt_description) StdoutLine: {'line': b'-- Up-to-date symlink: /home/jkw/bopt_ws/install/bopt_description/share/bopt_description/models/aws_robomaker_residential_Handle_01/materials/textures/aws_Handle_01.png\n'}
[0.133976] (bopt_description) StdoutLine: {'line': b'-- Up-to-date symlink: /home/jkw/bopt_ws/install/bopt_description/share/bopt_description/models/aws_robomaker_residential_Handle_01/meshes/aws_ handle_01_collision.DAE\n'}
[0.133993] (bopt_description) StdoutLine: {'line': b'-- Up-to-date symlink: /home/jkw/bopt_ws/install/bopt_description/share/bopt_description/models/aws_robomaker_residential_Handle_01/meshes/aws_Handle_01_collision.DAE\n'}
[0.134011] (bopt_description) StdoutLine: {'line': b'-- Up-to-date symlink: /home/jkw/bopt_ws/install/bopt_description/share/bopt_description/models/aws_robomaker_residential_Handle_01/meshes/aws_Handle_01_visual.DAE\n'}
[0.134030] (bopt_description) StdoutLine: {'line': b'-- Up-to-date symlink: /home/jkw/bopt_ws/install/bopt_description/share/bopt_description/models/aws_robomaker_residential_Handle_01/model.config\n'}
[0.134065] (bopt_description) StdoutLine: {'line': b'-- Up-to-date symlink: /home/jkw/bopt_ws/install/bopt_description/share/bopt_description/models/aws_robomaker_residential_Handle_01/model.sdf\n'}
[0.134103] (bopt_description) StdoutLine: {'line': b'-- Up-to-date symlink: /home/jkw/bopt_ws/install/bopt_description/share/bopt_description/models/aws_robomaker_residential_HouseWallB_01/materials/textures/aws_HouseWallB_01.png\n'}
[0.134121] (bopt_description) StdoutLine: {'line': b'-- Up-to-date symlink: /home/jkw/bopt_ws/install/bopt_description/share/bopt_description/models/aws_robomaker_residential_HouseWallB_01/meshes/aws_HouseWallB_01_collision.DAE\n'}
[0.134215] (bopt_description) StdoutLine: {'line': b'-- Up-to-date symlink: /home/jkw/bopt_ws/install/bopt_description/share/bopt_description/models/aws_robomaker_residential_HouseWallB_01/meshes/aws_HouseWallB_01_visual.DAE\n'}
[0.134289] (bopt_description) StdoutLine: {'line': b'-- Up-to-date symlink: /home/jkw/bopt_ws/install/bopt_description/share/bopt_description/models/aws_robomaker_residential_HouseWallB_01/model.config\n'}
[0.134346] (bopt_description) StdoutLine: {'line': b'-- Up-to-date symlink: /home/jkw/bopt_ws/install/bopt_description/share/bopt_description/models/aws_robomaker_residential_HouseWallB_01/model.sdf\n'}
[0.134406] (bopt_description) StdoutLine: {'line': b'-- Up-to-date symlink: /home/jkw/bopt_ws/install/bopt_description/share/bopt_description/models/aws_robomaker_residential_KitchenCabinet_01/materials/textures/aws_KitchenCabinet_01.png\n'}
[0.134438] (bopt_description) StdoutLine: {'line': b'-- Up-to-date symlink: /home/jkw/bopt_ws/install/bopt_description/share/bopt_description/models/aws_robomaker_residential_KitchenCabinet_01/meshes/aws_KitchenCabinet_01_collision.DAE\n'}
[0.134469] (bopt_description) StdoutLine: {'line': b'-- Up-to-date symlink: /home/jkw/bopt_ws/install/bopt_description/share/bopt_description/models/aws_robomaker_residential_KitchenCabinet_01/meshes/aws_KitchenCabinet_01_visual.DAE\n'}
[0.134501] (bopt_description) StdoutLine: {'line': b'-- Up-to-date symlink: /home/jkw/bopt_ws/install/bopt_description/share/bopt_description/models/aws_robomaker_residential_KitchenCabinet_01/model.config\n'}
[0.134533] (bopt_description) StdoutLine: {'line': b'-- Up-to-date symlink: /home/jkw/bopt_ws/install/bopt_description/share/bopt_description/models/aws_robomaker_residential_KitchenCabinet_01/model.sdf\n'}
[0.134564] (bopt_description) StdoutLine: {'line': b'-- Up-to-date symlink: /home/jkw/bopt_ws/install/bopt_description/share/bopt_description/models/aws_robomaker_residential_KitchenTable_01/materials/textures/aws_KitchenTable_01.png\n'}
[0.134596] (bopt_description) StdoutLine: {'line': b'-- Up-to-date symlink: /home/jkw/bopt_ws/install/bopt_description/share/bopt_description/models/aws_robomaker_residential_KitchenTable_01/meshes/aws_KitchenTable_01_collision.DAE\n'}
[0.134634] (bopt_description) StdoutLine: {'line': b'-- Up-to-date symlink: /home/jkw/bopt_ws/install/bopt_description/share/bopt_description/models/aws_robomaker_residential_KitchenTable_01/meshes/aws_KitchenTable_01_visual.DAE\n'}
[0.134654] (bopt_description) StdoutLine: {'line': b'-- Up-to-date symlink: /home/jkw/bopt_ws/install/bopt_description/share/bopt_description/models/aws_robomaker_residential_KitchenTable_01/model.config\n'}
[0.134685] (bopt_description) StdoutLine: {'line': b'-- Up-to-date symlink: /home/jkw/bopt_ws/install/bopt_description/share/bopt_description/models/aws_robomaker_residential_KitchenTable_01/model.sdf\n'}
[0.134718] (bopt_description) StdoutLine: {'line': b'-- Up-to-date symlink: /home/jkw/bopt_ws/install/bopt_description/share/bopt_description/models/aws_robomaker_residential_KitchenUtensils_01/materials/textures/aws_KitchenUtensils_01.png\n'}
[0.134753] (bopt_description) StdoutLine: {'line': b'-- Up-to-date symlink: /home/jkw/bopt_ws/install/bopt_description/share/bopt_description/models/aws_robomaker_residential_KitchenUtensils_01/meshes/aws_KitchenUtensils_01_collision.DAE\n'}
[0.134793] (bopt_description) StdoutLine: {'line': b'-- Up-to-date symlink: /home/jkw/bopt_ws/install/bopt_description/share/bopt_description/models/aws_robomaker_residential_KitchenUtensils_01/meshes/aws_KitchenUtensils_01_visual.DAE\n'}
[0.134811] (bopt_description) StdoutLine: {'line': b'-- Up-to-date symlink: /home/jkw/bopt_ws/install/bopt_description/share/bopt_description/models/aws_robomaker_residential_KitchenUtensils_01/model.config\n'}
[0.134829] (bopt_description) StdoutLine: {'line': b'-- Up-to-date symlink: /home/jkw/bopt_ws/install/bopt_description/share/bopt_description/models/aws_robomaker_residential_KitchenUtensils_01/model.sdf\n'}
[0.134859] (bopt_description) StdoutLine: {'line': b'-- Up-to-date symlink: /home/jkw/bopt_ws/install/bopt_description/share/bopt_description/models/aws_robomaker_residential_LightC_01/materials/textures/aws_LightC_01.png\n'}
[0.134893] (bopt_description) StdoutLine: {'line': b'-- Up-to-date symlink: /home/jkw/bopt_ws/install/bopt_description/share/bopt_description/models/aws_robomaker_residential_LightC_01/meshes/aws_LightC_01_collision.DAE\n'}
[0.134933] (bopt_description) StdoutLine: {'line': b'-- Up-to-date symlink: /home/jkw/bopt_ws/install/bopt_description/share/bopt_description/models/aws_robomaker_residential_LightC_01/meshes/aws_LightC_01_visual.DAE\n'}
[0.134952] (bopt_description) StdoutLine: {'line': b'-- Up-to-date symlink: /home/jkw/bopt_ws/install/bopt_description/share/bopt_description/models/aws_robomaker_residential_LightC_01/model.config\n'}
[0.134971] (bopt_description) StdoutLine: {'line': b'-- Up-to-date symlink: /home/jkw/bopt_ws/install/bopt_description/share/bopt_description/models/aws_robomaker_residential_LightC_01/model.sdf\n'}
[0.135002] (bopt_description) StdoutLine: {'line': b'-- Up-to-date symlink: /home/jkw/bopt_ws/install/bopt_description/share/bopt_description/models/aws_robomaker_residential_NightStand_01/materials/textures/aws_NightStand_01.png\n'}
[0.135044] (bopt_description) StdoutLine: {'line': b'-- Up-to-date symlink: /home/jkw/bopt_ws/install/bopt_description/share/bopt_description/models/aws_robomaker_residential_NightStand_01/meshes/aws_NightStand_01_collision.DAE\n'}
[0.135076] (bopt_description) StdoutLine: {'line': b'-- Up-to-date symlink: /home/jkw/bopt_ws/install/bopt_description/share/bopt_description/models/aws_robomaker_residential_NightStand_01/meshes/aws_NightStand_01_visual.DAE\n'}
[0.135105] (bopt_description) StdoutLine: {'line': b'-- Up-to-date symlink: /home/jkw/bopt_ws/install/bopt_description/share/bopt_description/models/aws_robomaker_residential_NightStand_01/model.config\n'}
[0.135125] (bopt_description) StdoutLine: {'line': b'-- Up-to-date symlink: /home/jkw/bopt_ws/install/bopt_description/share/bopt_description/models/aws_robomaker_residential_NightStand_01/model.sdf\n'}
[0.135142] (bopt_description) StdoutLine: {'line': b'-- Up-to-date symlink: /home/jkw/bopt_ws/install/bopt_description/share/bopt_description/models/aws_robomaker_residential_Pillow_01/materials/textures/aws_Pillow_01.png\n'}
[0.135173] (bopt_description) StdoutLine: {'line': b'-- Up-to-date symlink: /home/jkw/bopt_ws/install/bopt_description/share/bopt_description/models/aws_robomaker_residential_Pillow_01/meshes/aws_Pillow_01_collision.DAE\n'}
[0.135213] (bopt_description) StdoutLine: {'line': b'-- Up-to-date symlink: /home/jkw/bopt_ws/install/bopt_description/share/bopt_description/models/aws_robomaker_residential_Pillow_01/meshes/aws_Pillow_01_visual.DAE\n'}
[0.135232] (bopt_description) StdoutLine: {'line': b'-- Up-to-date symlink: /home/jkw/bopt_ws/install/bopt_description/share/bopt_description/models/aws_robomaker_residential_Pillow_01/model.config\n'}
[0.135250] (bopt_description) StdoutLine: {'line': b'-- Up-to-date symlink: /home/jkw/bopt_ws/install/bopt_description/share/bopt_description/models/aws_robomaker_residential_Pillow_01/model.sdf\n'}
[0.135281] (bopt_description) StdoutLine: {'line': b'-- Up-to-date symlink: /home/jkw/bopt_ws/install/bopt_description/share/bopt_description/models/aws_robomaker_residential_PortraitA_01/materials/textures/aws_PortraitA_01.png\n'}
[0.135325] (bopt_description) StdoutLine: {'line': b'-- Up-to-date symlink: /home/jkw/bopt_ws/install/bopt_description/share/bopt_description/models/aws_robomaker_residential_PortraitA_01/materials/textures/aws_PortraitA_02.png\n'}
[0.135342] (bopt_description) StdoutLine: {'line': b'-- Up-to-date symlink: /home/jkw/bopt_ws/install/bopt_description/share/bopt_description/models/aws_robomaker_residential_PortraitA_01/meshes/aws_PortraitA_01_collision.DAE\n'}
[0.135360] (bopt_description) StdoutLine: {'line': b'-- Up-to-date symlink: /home/jkw/bopt_ws/install/bopt_description/share/bopt_description/models/aws_robomaker_residential_PortraitA_01/meshes/aws_PortraitA_01_visual.DAE\n'}
[0.135378] (bopt_description) StdoutLine: {'line': b'-- Up-to-date symlink: /home/jkw/bopt_ws/install/bopt_description/share/bopt_description/models/aws_robomaker_residential_PortraitA_01/model.config\n'}
[0.135409] (bopt_description) StdoutLine: {'line': b'-- Up-to-date symlink: /home/jkw/bopt_ws/install/bopt_description/share/bopt_description/models/aws_robomaker_residential_PortraitA_01/model.sdf\n'}
[0.135451] (bopt_description) StdoutLine: {'line': b'-- Up-to-date symlink: /home/jkw/bopt_ws/install/bopt_description/share/bopt_description/models/aws_robomaker_residential_PortraitA_02/materials/textures/aws_PortraitA_01.png\n'}
[0.135471] (bopt_description) StdoutLine: {'line': b'-- Up-to-date symlink: /home/jkw/bopt_ws/install/bopt_description/share/bopt_description/models/aws_robomaker_residential_PortraitA_02/materials/textures/aws_PortraitA_02.png\n'}
[0.135490] (bopt_description) StdoutLine: {'line': b'-- Up-to-date symlink: /home/jkw/bopt_ws/install/bopt_description/share/bopt_description/models/aws_robomaker_residential_PortraitA_02/meshes/aws_PortraitA_01_collision.DAE\n'}
[0.135520] (bopt_description) StdoutLine: {'line': b'-- Up-to-date symlink: /home/jkw/bopt_ws/install/bopt_description/share/bopt_description/models/aws_robomaker_residential_PortraitA_02/meshes/aws_PortraitA_01_visual.DAE\n'}
[0.135562] (bopt_description) StdoutLine: {'line': b'-- Up-to-date symlink: /home/jkw/bopt_ws/install/bopt_description/share/bopt_description/models/aws_robomaker_residential_PortraitA_02/model.config\n'}
[0.135579] (bopt_description) StdoutLine: {'line': b'-- Up-to-date symlink: /home/jkw/bopt_ws/install/bopt_description/share/bopt_description/models/aws_robomaker_residential_PortraitA_02/model.sdf\n'}
[0.135597] (bopt_description) StdoutLine: {'line': b'-- Up-to-date symlink: /home/jkw/bopt_ws/install/bopt_description/share/bopt_description/models/aws_robomaker_residential_PortraitB_01/materials/textures/aws_PortraitB_01.png\n'}
[0.135616] (bopt_description) StdoutLine: {'line': b'-- Up-to-date symlink: /home/jkw/bopt_ws/install/bopt_description/share/bopt_description/models/aws_robomaker_residential_PortraitB_01/materials/textures/aws_PortraitB_02.png\n'}
[0.135647] (bopt_description) StdoutLine: {'line': b'-- Up-to-date symlink: /home/jkw/bopt_ws/install/bopt_description/share/bopt_description/models/aws_robomaker_residential_PortraitB_01/meshes/aws_PortraitB_01_collision.DAE\n'}
[0.135689] (bopt_description) StdoutLine: {'line': b'-- Up-to-date symlink: /home/jkw/bopt_ws/install/bopt_description/share/bopt_description/models/aws_robomaker_residential_PortraitB_01/meshes/aws_PortraitB_01_visual.DAE\n'}
[0.135709] (bopt_description) StdoutLine: {'line': b'-- Up-to-date symlink: /home/jkw/bopt_ws/install/bopt_description/share/bopt_description/models/aws_robomaker_residential_PortraitB_01/model.config\n'}
[0.135727] (bopt_description) StdoutLine: {'line': b'-- Up-to-date symlink: /home/jkw/bopt_ws/install/bopt_description/share/bopt_description/models/aws_robomaker_residential_PortraitB_01/model.sdf\n'}
[0.135758] (bopt_description) StdoutLine: {'line': b'-- Up-to-date symlink: /home/jkw/bopt_ws/install/bopt_description/share/bopt_description/models/aws_robomaker_residential_PortraitB_02/materials/textures/aws_PortraitB_01.png\n'}
[0.135802] (bopt_description) StdoutLine: {'line': b'-- Up-to-date symlink: /home/jkw/bopt_ws/install/bopt_description/share/bopt_description/models/aws_robomaker_residential_PortraitB_02/materials/textures/aws_PortraitB_02.png\n'}
[0.135819] (bopt_description) StdoutLine: {'line': b'-- Up-to-date symlink: /home/jkw/bopt_ws/install/bopt_description/share/bopt_description/models/aws_robomaker_residential_PortraitB_02/meshes/aws_PortraitB_01_collision.DAE\n'}
[0.135838] (bopt_description) StdoutLine: {'line': b'-- Up-to-date symlink: /home/jkw/bopt_ws/install/bopt_description/share/bopt_description/models/aws_robomaker_residential_PortraitB_02/meshes/aws_PortraitB_01_visual.DAE\n'}
[0.135856] (bopt_description) StdoutLine: {'line': b'-- Up-to-date symlink: /home/jkw/bopt_ws/install/bopt_description/share/bopt_description/models/aws_robomaker_residential_PortraitB_02/model.config\n'}
[0.135887] (bopt_description) StdoutLine: {'line': b'-- Up-to-date symlink: /home/jkw/bopt_ws/install/bopt_description/share/bopt_description/models/aws_robomaker_residential_PortraitB_02/model.sdf\n'}
[0.135927] (bopt_description) StdoutLine: {'line': b'-- Up-to-date symlink: /home/jkw/bopt_ws/install/bopt_description/share/bopt_description/models/aws_robomaker_residential_PortraitB_03/materials/textures/aws_PortraitB_01.png\n'}
[0.135946] (bopt_description) StdoutLine: {'line': b'-- Up-to-date symlink: /home/jkw/bopt_ws/install/bopt_description/share/bopt_description/models/aws_robomaker_residential_PortraitB_03/materials/textures/aws_PortraitB_02.png\n'}
[0.135964] (bopt_description) StdoutLine: {'line': b'-- Up-to-date symlink: /home/jkw/bopt_ws/install/bopt_description/share/bopt_description/models/aws_robomaker_residential_PortraitB_03/meshes/aws_PortraitB_01_collision.DAE\n'}
[0.135995] (bopt_description) StdoutLine: {'line': b'-- Up-to-date symlink: /home/jkw/bopt_ws/install/bopt_description/share/bopt_description/models/aws_robomaker_residential_PortraitB_03/meshes/aws_PortraitB_01_visual.DAE\n'}
[0.136034] (bopt_description) StdoutLine: {'line': b'-- Up-to-date symlink: /home/jkw/bopt_ws/install/bopt_description/share/bopt_description/models/aws_robomaker_residential_PortraitB_03/model.config\n'}
[0.136066] (bopt_description) StdoutLine: {'line': b'-- Up-to-date symlink: /home/jkw/bopt_ws/install/bopt_description/share/bopt_description/models/aws_robomaker_residential_PortraitB_03/model.sdf\n'}
[0.136084] (bopt_description) StdoutLine: {'line': b'-- Up-to-date symlink: /home/jkw/bopt_ws/install/bopt_description/share/bopt_description/models/aws_robomaker_residential_PortraitC_01/materials/textures/aws_PortraitC_01.png\n'}
[0.136119] (bopt_description) StdoutLine: {'line': b'-- Up-to-date symlink: /home/jkw/bopt_ws/install/bopt_description/share/bopt_description/models/aws_robomaker_residential_PortraitC_01/materials/textures/aws_PortraitC_02.png\n'}
[0.136137] (bopt_description) StdoutLine: {'line': b'-- Up-to-date symlink: /home/jkw/bopt_ws/install/bopt_description/share/bopt_description/models/aws_robomaker_residential_PortraitC_01/meshes/aws_PortraitC_01_collision.DAE\n'}
[0.136156] (bopt_description) StdoutLine: {'line': b'-- Up-to-date symlink: /home/jkw/bopt_ws/install/bopt_description/share/bopt_description/models/aws_robomaker_residential_PortraitC_01/meshes/aws_PortraitC_01_visual.DAE\n'}
[0.136186] (bopt_description) StdoutLine: {'line': b'-- Up-to-date symlink: /home/jkw/bopt_ws/install/bopt_description/share/bopt_description/models/aws_robomaker_residential_PortraitC_01/model.config\n'}
[0.136226] (bopt_description) StdoutLine: {'line': b'-- Up-to-date symlink: /home/jkw/bopt_ws/install/bopt_description/share/bopt_description/models/aws_robomaker_residential_PortraitC_01/model.sdf\n'}
[0.136247] (bopt_description) StdoutLine: {'line': b'-- Up-to-date symlink: /home/jkw/bopt_ws/install/bopt_description/share/bopt_description/models/aws_robomaker_residential_PortraitD_01/materials/textures/aws_PortraitD_01.png\n'}
[0.136265] (bopt_description) StdoutLine: {'line': b'-- Up-to-date symlink: /home/jkw/bopt_ws/install/bopt_description/share/bopt_description/models/aws_robomaker_residential_PortraitD_01/materials/textures/aws_PortraitD_02.png\n'}
[0.136297] (bopt_description) StdoutLine: {'line': b'-- Up-to-date symlink: /home/jkw/bopt_ws/install/bopt_description/share/bopt_description/models/aws_robomaker_residential_PortraitD_01/meshes/aws_PortraitD_01_collision.DAE\n'}
[0.136343] (bopt_description) StdoutLine: {'line': b'-- Up-to-date symlink: /home/jkw/bopt_ws/install/bopt_description/share/bopt_description/models/aws_robomaker_residential_PortraitD_01/meshes/aws_PortraitD_01_visual.DAE\n'}
[0.136360] (bopt_description) StdoutLine: {'line': b'-- Up-to-date symlink: /home/jkw/bopt_ws/install/bopt_description/share/bopt_description/models/aws_robomaker_residential_PortraitD_01/model.config\n'}
[0.136379] (bopt_description) StdoutLine: {'line': b'-- Up-to-date symlink: /home/jkw/bopt_ws/install/bopt_description/share/bopt_description/models/aws_robomaker_residential_PortraitD_01/model.sdf\n'}
[0.136397] (bopt_description) StdoutLine: {'line': b'-- Up-to-date symlink: /home/jkw/bopt_ws/install/bopt_description/share/bopt_description/models/aws_robomaker_residential_PortraitD_02/materials/textures/aws_PortraitD_01.png\n'}
[0.136428] (bopt_description) StdoutLine: {'line': b'-- Up-to-date symlink: /home/jkw/bopt_ws/install/bopt_description/share/bopt_description/models/aws_robomaker_residential_PortraitD_02/materials/textures/aws_PortraitD_02.png\n'}
[0.136468] (bopt_description) StdoutLine: {'line': b'-- Up-to-date symlink: /home/jkw/bopt_ws/install/bopt_description/share/bopt_description/models/aws_robomaker_residential_PortraitD_02/meshes/aws_PortraitD_01_collision.DAE\n'}
[0.136489] (bopt_description) StdoutLine: {'line': b'-- Up-to-date symlink: /home/jkw/bopt_ws/install/bopt_description/share/bopt_description/models/aws_robomaker_residential_PortraitD_02/meshes/aws_PortraitD_01_visual.DAE\n'}
[0.136506] (bopt_description) StdoutLine: {'line': b'-- Up-to-date symlink: /home/jkw/bopt_ws/install/bopt_description/share/bopt_description/models/aws_robomaker_residential_PortraitD_02/model.config\n'}
[0.136537] (bopt_description) StdoutLine: {'line': b'-- Up-to-date symlink: /home/jkw/bopt_ws/install/bopt_description/share/bopt_description/models/aws_robomaker_residential_PortraitD_02/model.sdf\n'}
[0.136575] (bopt_description) StdoutLine: {'line': b'-- Up-to-date symlink: /home/jkw/bopt_ws/install/bopt_description/share/bopt_description/models/aws_robomaker_residential_PortraitE_01/materials/textures/aws_PortraitE_01.png\n'}
[0.136595] (bopt_description) StdoutLine: {'line': b'-- Up-to-date symlink: /home/jkw/bopt_ws/install/bopt_description/share/bopt_description/models/aws_robomaker_residential_PortraitE_01/materials/textures/aws_PortraitE_02.png\n'}
[0.136613] (bopt_description) StdoutLine: {'line': b'-- Up-to-date symlink: /home/jkw/bopt_ws/install/bopt_description/share/bopt_description/models/aws_robomaker_residential_PortraitE_01/meshes/aws_PortraitE_01_collision.DAE\n'}
[0.136643] (bopt_description) StdoutLine: {'line': b'-- Up-to-date symlink: /home/jkw/bopt_ws/install/bopt_description/share/bopt_description/models/aws_robomaker_residential_PortraitE_01/meshes/aws_PortraitE_01_visual.DAE\n'}
[0.136686] (bopt_description) StdoutLine: {'line': b'-- Up-to-date symlink: /home/jkw/bopt_ws/install/bopt_description/share/bopt_description/models/aws_robomaker_residential_PortraitE_01/model.config\n'}
[0.136703] (bopt_description) StdoutLine: {'line': b'-- Up-to-date symlink: /home/jkw/bopt_ws/install/bopt_description/share/bopt_description/models/aws_robomaker_residential_PortraitE_01/model.sdf\n'}
[0.136720] (bopt_description) StdoutLine: {'line': b'-- Up-to-date symlink: /home/jkw/bopt_ws/install/bopt_description/share/bopt_description/models/aws_robomaker_residential_PortraitE_02/materials/textures/aws_PortraitE_01.png\n'}
[0.136739] (bopt_description) StdoutLine: {'line': b'-- Up-to-date symlink: /home/jkw/bopt_ws/install/bopt_description/share/bopt_description/models/aws_robomaker_residential_PortraitE_02/materials/textures/aws_PortraitE_02.png\n'}
[0.136775] (bopt_description) StdoutLine: {'line': b'-- Up-to-date symlink: /home/jkw/bopt_ws/install/bopt_description/share/bopt_description/models/aws_robomaker_residential_PortraitE_02/meshes/aws_PortraitE_01_collision.DAE\n'}
[0.136792] (bopt_description) StdoutLine: {'line': b'-- Up-to-date symlink: /home/jkw/bopt_ws/install/bopt_description/share/bopt_description/models/aws_robomaker_residential_PortraitE_02/meshes/aws_PortraitE_01_visual.DAE\n'}
[0.136810] (bopt_description) StdoutLine: {'line': b'-- Up-to-date symlink: /home/jkw/bopt_ws/install/bopt_description/share/bopt_description/models/aws_robomaker_residential_PortraitE_02/model.config\n'}
[0.136840] (bopt_description) StdoutLine: {'line': b'-- Up-to-date symlink: /home/jkw/bopt_ws/install/bopt_description/share/bopt_description/models/aws_robomaker_residential_PortraitE_02/model.sdf\n'}
[0.136879] (bopt_description) StdoutLine: {'line': b'-- Up-to-date symlink: /home/jkw/bopt_ws/install/bopt_description/share/bopt_description/models/aws_robomaker_residential_Quilt_01/materials/textures/aws_Quilt_01.png\n'}
[0.136910] (bopt_description) StdoutLine: {'line': b'-- Up-to-date symlink: /home/jkw/bopt_ws/install/bopt_description/share/bopt_description/models/aws_robomaker_residential_Quilt_01/meshes/aws_Quilt_01_collision.DAE\n'}
[0.136929] (bopt_description) StdoutLine: {'line': b'-- Up-to-date symlink: /home/jkw/bopt_ws/install/bopt_description/share/bopt_description/models/aws_robomaker_residential_Quilt_01/meshes/aws_Quilt_01_visual.DAE\n'}
[0.136946] (bopt_description) StdoutLine: {'line': b'-- Up-to-date symlink: /home/jkw/bopt_ws/install/bopt_description/share/bopt_description/models/aws_robomaker_residential_Quilt_01/model.config\n'}
[0.136989] (bopt_description) StdoutLine: {'line': b'-- Up-to-date symlink: /home/jkw/bopt_ws/install/bopt_description/share/bopt_description/models/aws_robomaker_residential_Quilt_01/model.sdf\n'}
[0.137011] (bopt_description) StdoutLine: {'line': b'-- Up-to-date symlink: /home/jkw/bopt_ws/install/bopt_description/share/bopt_description/models/aws_robomaker_residential_Rangehood_01/materials/textures/aws_Rangehood_01.png\n'}
[0.137029] (bopt_description) StdoutLine: {'line': b'-- Up-to-date symlink: /home/jkw/bopt_ws/install/bopt_description/share/bopt_description/models/aws_robomaker_residential_Rangehood_01/meshes/aws_Rangehood_01_collision.DAE\n'}
[0.137066] (bopt_description) StdoutLine: {'line': b'-- Up-to-date symlink: /home/jkw/bopt_ws/install/bopt_description/share/bopt_description/models/aws_robomaker_residential_Rangehood_01/meshes/aws_Rangehood_01_visual.DAE\n'}
[0.137103] (bopt_description) StdoutLine: {'line': b'-- Up-to-date symlink: /home/jkw/bopt_ws/install/bopt_description/share/bopt_description/models/aws_robomaker_residential_Rangehood_01/model.config\n'}
[0.137121] (bopt_description) StdoutLine: {'line': b'-- Up-to-date symlink: /home/jkw/bopt_ws/install/bopt_description/share/bopt_description/models/aws_robomaker_residential_Rangehood_01/model.sdf\n'}
[0.137139] (bopt_description) StdoutLine: {'line': b'-- Up-to-date symlink: /home/jkw/bopt_ws/install/bopt_description/share/bopt_description/models/aws_robomaker_residential_ReadingDesk_01/materials/textures/aws_ReadingDesk_01.png\n'}
[0.137171] (bopt_description) StdoutLine: {'line': b'-- Up-to-date symlink: /home/jkw/bopt_ws/install/bopt_description/share/bopt_description/models/aws_robomaker_residential_ReadingDesk_01/meshes/aws_ReadingDesk_01_collision.DAE\n'}
[0.137212] (bopt_description) StdoutLine: {'line': b'-- Up-to-date symlink: /home/jkw/bopt_ws/install/bopt_description/share/bopt_description/models/aws_robomaker_residential_ReadingDesk_01/meshes/aws_ReadingDesk_01_visual.DAE\n'}
[0.137232] (bopt_description) StdoutLine: {'line': b'-- Up-to-date symlink: /home/jkw/bopt_ws/install/bopt_description/share/bopt_description/models/aws_robomaker_residential_ReadingDesk_01/model.config\n'}
[0.137251] (bopt_description) StdoutLine: {'line': b'-- Up-to-date symlink: /home/jkw/bopt_ws/install/bopt_description/share/bopt_description/models/aws_robomaker_residential_ReadingDesk_01/model.sdf\n'}
[0.137281] (bopt_description) StdoutLine: {'line': b'-- Up-to-date symlink: /home/jkw/bopt_ws/install/bopt_description/share/bopt_description/models/aws_robomaker_residential_Refrigerator_01/materials/textures/aws_Refrigerator_01.png\n'}
[0.137321] (bopt_description) StdoutLine: {'line': b'-- Up-to-date symlink: /home/jkw/bopt_ws/install/bopt_description/share/bopt_description/models/aws_robomaker_residential_Refrigerator_01/materials/textures/aws_Refrigerator_02.png\n'}
[0.137343] (bopt_description) StdoutLine: {'line': b'-- Up-to-date symlink: /home/jkw/bopt_ws/install/bopt_description/share/bopt_description/models/aws_robomaker_residential_Refrigerator_01/meshes/aws_Refrigerator_01.DAE\n'}
[0.137361] (bopt_description) StdoutLine: {'line': b'-- Up-to-date symlink: /home/jkw/bopt_ws/install/bopt_description/share/bopt_description/models/aws_robomaker_residential_Refrigerator_01/meshes/aws_Refrigerator_01_collision.DAE\n'}
[0.137393] (bopt_description) StdoutLine: {'line': b'-- Up-to-date symlink: /home/jkw/bopt_ws/install/bopt_description/share/bopt_description/models/aws_robomaker_residential_Refrigerator_01/meshes/aws_Refrigerator_01_visual.DAE\n'}
[0.137436] (bopt_description) StdoutLine: {'line': b'-- Up-to-date symlink: /home/jkw/bopt_ws/install/bopt_description/share/bopt_description/models/aws_robomaker_residential_Refrigerator_01/model.config\n'}
[0.137458] (bopt_description) StdoutLine: {'line': b'-- Up-to-date symlink: /home/jkw/bopt_ws/install/bopt_description/share/bopt_description/models/aws_robomaker_residential_Refrigerator_01/model.sdf\n'}
[0.137477] (bopt_description) StdoutLine: {'line': b'-- Up-to-date symlink: /home/jkw/bopt_ws/install/bopt_description/share/bopt_description/models/aws_robomaker_residential_RoomCeiling_01/materials/textures/aws_RoomCeiling_01.png\n'}
[0.137504] (bopt_description) StdoutLine: {'line': b'-- Up-to-date symlink: /home/jkw/bopt_ws/install/bopt_description/share/bopt_description/models/aws_robomaker_residential_RoomCeiling_01/meshes/aws_RoomCeiling_01_collision.DAE\n'}
[0.137548] (bopt_description) StdoutLine: {'line': b'-- Up-to-date symlink: /home/jkw/bopt_ws/install/bopt_description/share/bopt_description/models/aws_robomaker_residential_RoomCeiling_01/meshes/aws_RoomCeiling_01_visual.DAE\n'}
[0.137564] (bopt_description) StdoutLine: {'line': b'-- Up-to-date symlink: /home/jkw/bopt_ws/install/bopt_description/share/bopt_description/models/aws_robomaker_residential_RoomCeiling_01/model.config\n'}
[0.137604] (bopt_description) StdoutLine: {'line': b'-- Up-to-date symlink: /home/jkw/bopt_ws/install/bopt_description/share/bopt_description/models/aws_robomaker_residential_RoomCeiling_01/model.sdf\n'}
[0.137633] (bopt_description) StdoutLine: {'line': b'-- Up-to-date symlink: /home/jkw/bopt_ws/install/bopt_description/share/bopt_description/models/aws_robomaker_residential_RoomWall_01/materials/textures/aws_RoomWall_01.png\n'}
[0.137651] (bopt_description) StdoutLine: {'line': b'-- Up-to-date symlink: /home/jkw/bopt_ws/install/bopt_description/share/bopt_description/models/aws_robomaker_residential_RoomWall_01/meshes/aws_RoomWall_01_collision.DAE\n'}
[0.137668] (bopt_description) StdoutLine: {'line': b'-- Up-to-date symlink: /home/jkw/bopt_ws/install/bopt_description/share/bopt_description/models/aws_robomaker_residential_RoomWall_01/meshes/aws_RoomWall_01_visual.DAE\n'}
[0.137686] (bopt_description) StdoutLine: {'line': b'-- Up-to-date symlink: /home/jkw/bopt_ws/install/bopt_description/share/bopt_description/models/aws_robomaker_residential_RoomWall_01/model.config\n'}
[0.137720] (bopt_description) StdoutLine: {'line': b'-- Up-to-date symlink: /home/jkw/bopt_ws/install/bopt_description/share/bopt_description/models/aws_robomaker_residential_RoomWall_01/model.sdf\n'}
[0.137762] (bopt_description) StdoutLine: {'line': b'-- Up-to-date symlink: /home/jkw/bopt_ws/install/bopt_description/share/bopt_description/models/aws_robomaker_residential_RoomWindow_01/materials/textures/aws_RoomWindow_01.png\n'}
[0.137782] (bopt_description) StdoutLine: {'line': b'-- Up-to-date symlink: /home/jkw/bopt_ws/install/bopt_description/share/bopt_description/models/aws_robomaker_residential_RoomWindow_01/meshes/aws_RoomWindow_01_collision.DAE\n'}
[0.137801] (bopt_description) StdoutLine: {'line': b'-- Up-to-date symlink: /home/jkw/bopt_ws/install/bopt_description/share/bopt_description/models/aws_robomaker_residential_RoomWindow_01/meshes/aws_RoomWindow_01_visual.DAE\n'}
[0.137819] (bopt_description) StdoutLine: {'line': b'-- Up-to-date symlink: /home/jkw/bopt_ws/install/bopt_description/share/bopt_description/models/aws_robomaker_residential_RoomWindow_01/model.config\n'}
[0.137851] (bopt_description) StdoutLine: {'line': b'-- Up-to-date symlink: /home/jkw/bopt_ws/install/bopt_description/share/bopt_description/models/aws_robomaker_residential_RoomWindow_01/model.sdf\n'}
[0.137892] (bopt_description) StdoutLine: {'line': b'-- Up-to-date symlink: /home/jkw/bopt_ws/install/bopt_description/share/bopt_description/models/aws_robomaker_residential_SeasoningBox_01/materials/textures/aws_SeasoningBox_01.png\n'}
[0.137923] (bopt_description) StdoutLine: {'line': b'-- Up-to-date symlink: /home/jkw/bopt_ws/install/bopt_description/share/bopt_description/models/aws_robomaker_residential_SeasoningBox_01/meshes/aws_SeasoningBox_01_collision.DAE\n'}
[0.137939] (bopt_description) StdoutLine: {'line': b'-- Up-to-date symlink: /home/jkw/bopt_ws/install/bopt_description/share/bopt_description/models/aws_robomaker_residential_SeasoningBox_01/meshes/aws_SeasoningBox_01_visual.DAE\n'}
[0.137957] (bopt_description) StdoutLine: {'line': b'-- Up-to-date symlink: /home/jkw/bopt_ws/install/bopt_description/share/bopt_description/models/aws_robomaker_residential_SeasoningBox_01/model.config\n'}
[0.137975] (bopt_description) StdoutLine: {'line': b'-- Up-to-date symlink: /home/jkw/bopt_ws/install/bopt_description/share/bopt_description/models/aws_robomaker_residential_SeasoningBox_01/model.sdf\n'}
[0.138006] (bopt_description) StdoutLine: {'line': b'-- Up-to-date symlink: /home/jkw/bopt_ws/install/bopt_description/share/bopt_description/models/aws_robomaker_residential_SecurityCamera_01/materials/textures/aws_SecurityCamera_01.png\n'}
[0.138048] (bopt_description) StdoutLine: {'line': b'-- Up-to-date symlink: /home/jkw/bopt_ws/install/bopt_description/share/bopt_description/models/aws_robomaker_residential_SecurityCamera_01/meshes/aws_SecurityCamera_01_collision.DAE\n'}
[0.138067] (bopt_description) StdoutLine: {'line': b'-- Up-to-date symlink: /home/jkw/bopt_ws/install/bopt_description/share/bopt_description/models/aws_robomaker_residential_SecurityCamera_01/meshes/aws_SecurityCamera_01_visual.DAE\n'}
[0.138097] (bopt_description) StdoutLine: {'line': b'-- Up-to-date symlink: /home/jkw/bopt_ws/install/bopt_description/share/bopt_description/models/aws_robomaker_residential_SecurityCamera_01/model.config\n'}
[0.138116] (bopt_description) StdoutLine: {'line': b'-- Up-to-date symlink: /home/jkw/bopt_ws/install/bopt_description/share/bopt_description/models/aws_robomaker_residential_SecurityCamera_01/model.sdf\n'}
[0.138133] (bopt_description) StdoutLine: {'line': b'-- Up-to-date symlink: /home/jkw/bopt_ws/install/bopt_description/share/bopt_description/models/aws_robomaker_residential_ShoeRack_01/materials/textures/aws_ShoeRack_01.png\n'}
[0.138165] (bopt_description) StdoutLine: {'line': b'-- Up-to-date symlink: /home/jkw/bopt_ws/install/bopt_description/share/bopt_description/models/aws_robomaker_residential_ShoeRack_01/meshes/aws_ShoeRack_01_collision.DAE\n'}
[0.138210] (bopt_description) StdoutLine: {'line': b'-- Up-to-date symlink: /home/jkw/bopt_ws/install/bopt_description/share/bopt_description/models/aws_robomaker_residential_ShoeRack_01/meshes/aws_ShoeRack_01_visual.DAE\n'}
[0.138228] (bopt_description) StdoutLine: {'line': b'-- Up-to-date symlink: /home/jkw/bopt_ws/install/bopt_description/share/bopt_description/models/aws_robomaker_residential_ShoeRack_01/model.config\n'}
[0.138246] (bopt_description) StdoutLine: {'line': b'-- Up-to-date symlink: /home/jkw/bopt_ws/install/bopt_description/share/bopt_description/models/aws_robomaker_residential_ShoeRack_01/model.sdf\n'}
[0.138264] (bopt_description) StdoutLine: {'line': b'-- Up-to-date symlink: /home/jkw/bopt_ws/install/bopt_description/share/bopt_description/models/aws_robomaker_residential_SofaB_01/materials/textures/aws_SofaB_01.png\n'}
[0.138296] (bopt_description) StdoutLine: {'line': b'-- Up-to-date symlink: /home/jkw/bopt_ws/install/bopt_description/share/bopt_description/models/aws_robomaker_residential_SofaB_01/meshes/aws_SofaB_01_collision.DAE\n'}
[0.138340] (bopt_description) StdoutLine: {'line': b'-- Up-to-date symlink: /home/jkw/bopt_ws/install/bopt_description/share/bopt_description/models/aws_robomaker_residential_SofaB_01/meshes/aws_SofaB_01_visual.DAE\n'}
[0.138358] (bopt_description) StdoutLine: {'line': b'-- Up-to-date symlink: /home/jkw/bopt_ws/install/bopt_description/share/bopt_description/models/aws_robomaker_residential_SofaB_01/model.config\n'}
[0.138377] (bopt_description) StdoutLine: {'line': b'-- Up-to-date symlink: /home/jkw/bopt_ws/install/bopt_description/share/bopt_description/models/aws_robomaker_residential_SofaB_01/model.sdf\n'}
[0.138395] (bopt_description) StdoutLine: {'line': b'-- Up-to-date symlink: /home/jkw/bopt_ws/install/bopt_description/share/bopt_description/models/aws_robomaker_residential_SofaC_01/materials/textures/aws_SofaC_01.png\n'}
[0.138426] (bopt_description) StdoutLine: {'line': b'-- Up-to-date symlink: /home/jkw/bopt_ws/install/bopt_description/share/bopt_description/models/aws_robomaker_residential_SofaC_01/meshes/aws_SofaC_01_collision.DAE\n'}
[0.138465] (bopt_description) StdoutLine: {'line': b'-- Up-to-date symlink: /home/jkw/bopt_ws/install/bopt_description/share/bopt_description/models/aws_robomaker_residential_SofaC_01/meshes/aws_SofaC_01_visual.DAE\n'}
[0.138486] (bopt_description) StdoutLine: {'line': b'-- Up-to-date symlink: /home/jkw/bopt_ws/install/bopt_description/share/bopt_description/models/aws_robomaker_residential_SofaC_01/model.config\n'}
[0.138504] (bopt_description) StdoutLine: {'line': b'-- Up-to-date symlink: /home/jkw/bopt_ws/install/bopt_description/share/bopt_description/models/aws_robomaker_residential_SofaC_01/model.sdf\n'}
[0.138535] (bopt_description) StdoutLine: {'line': b'-- Up-to-date symlink: /home/jkw/bopt_ws/install/bopt_description/share/bopt_description/models/aws_robomaker_residential_Sofa_01/materials/textures/aws_Sofa_01.png\n'}
[0.138578] (bopt_description) StdoutLine: {'line': b'-- Up-to-date symlink: /home/jkw/bopt_ws/install/bopt_description/share/bopt_description/models/aws_robomaker_residential_Sofa_01/meshes/aws_Sofa_01.DAE\n'}
[0.138597] (bopt_description) StdoutLine: {'line': b'-- Up-to-date symlink: /home/jkw/bopt_ws/install/bopt_description/share/bopt_description/models/aws_robomaker_residential_Sofa_01/meshes/aws_Sofa_01_collision.DAE\n'}
[0.138616] (bopt_description) StdoutLine: {'line': b'-- Up-to-date symlink: /home/jkw/bopt_ws/install/bopt_description/share/bopt_description/models/aws_robomaker_residential_Sofa_01/meshes/aws_Sofa_01_visual.DAE\n'}
[0.138633] (bopt_description) StdoutLine: {'line': b'-- Up-to-date symlink: /home/jkw/bopt_ws/install/bopt_description/share/bopt_description/models/aws_robomaker_residential_Sofa_01/model.config\n'}
[0.138664] (bopt_description) StdoutLine: {'line': b'-- Up-to-date symlink: /home/jkw/bopt_ws/install/bopt_description/share/bopt_description/models/aws_robomaker_residential_Sofa_01/model.sdf\n'}
[0.138705] (bopt_description) StdoutLine: {'line': b'-- Up-to-date symlink: /home/jkw/bopt_ws/install/bopt_description/share/bopt_description/models/aws_robomaker_residential_TVCabinet_01/materials/textures/aws_TVCabinet_01.png\n'}
[0.138726] (bopt_description) StdoutLine: {'line': b'-- Up-to-date symlink: /home/jkw/bopt_ws/install/bopt_description/share/bopt_description/models/aws_robomaker_residential_TVCabinet_01/meshes/aws_TVCabinet_01_collision.DAE\n'}
[0.138743] (bopt_description) StdoutLine: {'line': b'-- Up-to-date symlink: /home/jkw/bopt_ws/install/bopt_description/share/bopt_description/models/aws_robomaker_residential_TVCabinet_01/meshes/aws_TVCabinet_01_visual.DAE\n'}
[0.138780] (bopt_description) StdoutLine: {'line': b'-- Up-to-date symlink: /home/jkw/bopt_ws/install/bopt_description/share/bopt_description/models/aws_robomaker_residential_TVCabinet_01/model.config\n'}
[0.138811] (bopt_description) StdoutLine: {'line': b'-- Up-to-date symlink: /home/jkw/bopt_ws/install/bopt_description/share/bopt_description/models/aws_robomaker_residential_TVCabinet_01/model.sdf\n'}
[0.138830] (bopt_description) StdoutLine: {'line': b'-- Up-to-date symlink: /home/jkw/bopt_ws/install/bopt_description/share/bopt_description/models/aws_robomaker_residential_TV_01/materials/textures/aws_TV_01.png\n'}
[0.138848] (bopt_description) StdoutLine: {'line': b'-- Up-to-date symlink: /home/jkw/bopt_ws/install/bopt_description/share/bopt_description/models/aws_robomaker_residential_TV_01/meshes/aws_TV_01_collision.DAE\n'}
[0.138878] (bopt_description) StdoutLine: {'line': b'-- Up-to-date symlink: /home/jkw/bopt_ws/install/bopt_description/share/bopt_description/models/aws_robomaker_residential_TV_01/meshes/aws_TV_01_visual.DAE\n'}
[0.138918] (bopt_description) StdoutLine: {'line': b'-- Up-to-date symlink: /home/jkw/bopt_ws/install/bopt_description/share/bopt_description/models/aws_robomaker_residential_TV_01/model.config\n'}
[0.138938] (bopt_description) StdoutLine: {'line': b'-- Up-to-date symlink: /home/jkw/bopt_ws/install/bopt_description/share/bopt_description/models/aws_robomaker_residential_TV_01/model.sdf\n'}
[0.138955] (bopt_description) StdoutLine: {'line': b'-- Up-to-date symlink: /home/jkw/bopt_ws/install/bopt_description/share/bopt_description/models/aws_robomaker_residential_TV_02/materials/textures/aws_TV_01.png\n'}
[0.138986] (bopt_description) StdoutLine: {'line': b'-- Up-to-date symlink: /home/jkw/bopt_ws/install/bopt_description/share/bopt_description/models/aws_robomaker_residential_TV_02/meshes/aws_TV_01_collision.DAE\n'}
[0.139027] (bopt_description) StdoutLine: {'line': b'-- Up-to-date symlink: /home/jkw/bopt_ws/install/bopt_description/share/bopt_description/models/aws_robomaker_residential_TV_02/meshes/aws_TV_01_visual.DAE\n'}
[0.139045] (bopt_description) StdoutLine: {'line': b'-- Up-to-date symlink: /home/jkw/bopt_ws/install/bopt_description/share/bopt_description/models/aws_robomaker_residential_TV_02/model.config\n'}
[0.139097] (bopt_description) StdoutLine: {'line': b'-- Up-to-date symlink: /home/jkw/bopt_ws/install/bopt_description/share/bopt_description/models/aws_robomaker_residential_TV_02/model.sdf\n'}
[0.139136] (bopt_description) StdoutLine: {'line': b'-- Up-to-date symlink: /home/jkw/bopt_ws/install/bopt_description/share/bopt_description/models/aws_robomaker_residential_Tablet_01/materials/textures/aws_Tablet_01_nologo.png\n'}
[0.139154] (bopt_description) StdoutLine: {'line': b'-- Up-to-date symlink: /home/jkw/bopt_ws/install/bopt_description/share/bopt_description/models/aws_robomaker_residential_Tablet_01/meshes/aws_Tablet_01_collision.DAE\n'}
[0.139172] (bopt_description) StdoutLine: {'line': b'-- Up-to-date symlink: /home/jkw/bopt_ws/install/bopt_description/share/bopt_description/models/aws_robomaker_residential_Tablet_01/meshes/aws_Tablet_01_visual.DAE\n'}
[0.139190] (bopt_description) StdoutLine: {'line': b'-- Up-to-date symlink: /home/jkw/bopt_ws/install/bopt_description/share/bopt_description/models/aws_robomaker_residential_Tablet_01/model.config\n'}
[0.139221] (bopt_description) StdoutLine: {'line': b'-- Up-to-date symlink: /home/jkw/bopt_ws/install/bopt_description/share/bopt_description/models/aws_robomaker_residential_Tablet_01/model.sdf\n'}
[0.139265] (bopt_description) StdoutLine: {'line': b'-- Up-to-date symlink: /home/jkw/bopt_ws/install/bopt_description/share/bopt_description/models/aws_robomaker_residential_Tableware_01/materials/textures/aws_Tableware_01.png\n'}
[0.139282] (bopt_description) StdoutLine: {'line': b'-- Up-to-date symlink: /home/jkw/bopt_ws/install/bopt_description/share/bopt_description/models/aws_robomaker_residential_Tableware_01/meshes/aws_Tableware_01_collision.DAE\n'}
[0.139299] (bopt_description) StdoutLine: {'line': b'-- Up-to-date symlink: /home/jkw/bopt_ws/install/bopt_description/share/bopt_description/models/aws_robomaker_residential_Tableware_01/meshes/aws_Tableware_01_visual.DAE\n'}
[0.139317] (bopt_description) StdoutLine: {'line': b'-- Up-to-date symlink: /home/jkw/bopt_ws/install/bopt_description/share/bopt_description/models/aws_robomaker_residential_Tableware_01/model.config\n'}
[0.139334] (bopt_description) StdoutLine: {'line': b'-- Up-to-date symlink: /home/jkw/bopt_ws/install/bopt_description/share/bopt_description/models/aws_robomaker_residential_Tableware_01/model.sdf\n'}
[0.139366] (bopt_description) StdoutLine: {'line': b'-- Up-to-date symlink: /home/jkw/bopt_ws/install/bopt_description/share/bopt_description/models/aws_robomaker_residential_Trash_01/materials/textures/aws_Trash_01.png\n'}
[0.139408] (bopt_description) StdoutLine: {'line': b'-- Up-to-date symlink: /home/jkw/bopt_ws/install/bopt_description/share/bopt_description/models/aws_robomaker_residential_Trash_01/meshes/aws_Trash_01_collision.DAE\n'}
[0.139428] (bopt_description) StdoutLine: {'line': b'-- Up-to-date symlink: /home/jkw/bopt_ws/install/bopt_description/share/bopt_description/models/aws_robomaker_residential_Trash_01/meshes/aws_Trash_01_visual.DAE\n'}
[0.139446] (bopt_description) StdoutLine: {'line': b'-- Up-to-date symlink: /home/jkw/bopt_ws/install/bopt_description/share/bopt_description/models/aws_robomaker_residential_Trash_01/model.config\n'}
[0.139465] (bopt_description) StdoutLine: {'line': b'-- Up-to-date symlink: /home/jkw/bopt_ws/install/bopt_description/share/bopt_description/models/aws_robomaker_residential_Trash_01/model.sdf\n'}
[0.139499] (bopt_description) StdoutLine: {'line': b'-- Up-to-date symlink: /home/jkw/bopt_ws/install/bopt_description/share/bopt_description/models/aws_robomaker_residential_Vase_01/materials/textures/aws_Vase_01.png\n'}
[0.139541] (bopt_description) StdoutLine: {'line': b'-- Up-to-date symlink: /home/jkw/bopt_ws/install/bopt_description/share/bopt_description/models/aws_robomaker_residential_Vase_01/meshes/aws_Vase_01_collision.DAE\n'}
[0.139561] (bopt_description) StdoutLine: {'line': b'-- Up-to-date symlink: /home/jkw/bopt_ws/install/bopt_description/share/bopt_description/models/aws_robomaker_residential_Vase_01/meshes/aws_Vase_01_visual.DAE\n'}
[0.139579] (bopt_description) StdoutLine: {'line': b'-- Up-to-date symlink: /home/jkw/bopt_ws/install/bopt_description/share/bopt_description/models/aws_robomaker_residential_Vase_01/model.config\n'}
[0.139598] (bopt_description) StdoutLine: {'line': b'-- Up-to-date symlink: /home/jkw/bopt_ws/install/bopt_description/share/bopt_description/models/aws_robomaker_residential_Vase_01/model.sdf\n'}
[0.139630] (bopt_description) StdoutLine: {'line': b'-- Up-to-date symlink: /home/jkw/bopt_ws/install/bopt_description/share/bopt_description/models/aws_robomaker_residential_Wardrobe_01/materials/textures/aws_Wardrobe_01.png\n'}
[0.139672] (bopt_description) StdoutLine: {'line': b'-- Up-to-date symlink: /home/jkw/bopt_ws/install/bopt_description/share/bopt_description/models/aws_robomaker_residential_Wardrobe_01/meshes/aws_Wardrobe_01_collision.DAE\n'}
[0.139692] (bopt_description) StdoutLine: {'line': b'-- Up-to-date symlink: /home/jkw/bopt_ws/install/bopt_description/share/bopt_description/models/aws_robomaker_residential_Wardrobe_01/meshes/aws_Wardrobe_01_visual.DAE\n'}
[0.139710] (bopt_description) StdoutLine: {'line': b'-- Up-to-date symlink: /home/jkw/bopt_ws/install/bopt_description/share/bopt_description/models/aws_robomaker_residential_Wardrobe_01/model.config\n'}
[0.139727] (bopt_description) StdoutLine: {'line': b'-- Up-to-date symlink: /home/jkw/bopt_ws/install/bopt_description/share/bopt_description/models/aws_robomaker_residential_Wardrobe_01/model.sdf\n'}
[0.139759] (bopt_description) StdoutLine: {'line': b'-- Up-to-date symlink: /home/jkw/bopt_ws/install/bopt_description/share/bopt_description/models/aws_robomaker_warehouse_Bucket_01/.DS_Store\n'}
[0.139799] (bopt_description) StdoutLine: {'line': b'-- Up-to-date symlink: /home/jkw/bopt_ws/install/bopt_description/share/bopt_description/models/aws_robomaker_warehouse_Bucket_01/materials/.DS_Store\n'}
[0.139816] (bopt_description) StdoutLine: {'line': b'-- Up-to-date symlink: /home/jkw/bopt_ws/install/bopt_description/share/bopt_description/models/aws_robomaker_warehouse_Bucket_01/materials/textures/aws_robomaker_warehouse_Bucket_01.png\n'}
[0.139835] (bopt_description) StdoutLine: {'line': b'-- Up-to-date symlink: /home/jkw/bopt_ws/install/bopt_description/share/bopt_description/models/aws_robomaker_warehouse_Bucket_01/meshes/aws_robomaker_warehouse_Bucket_01_collision.DAE\n'}
[0.139852] (bopt_description) StdoutLine: {'line': b'-- Up-to-date symlink: /home/jkw/bopt_ws/install/bopt_description/share/bopt_description/models/aws_robomaker_warehouse_Bucket_01/meshes/aws_robomaker_warehouse_Bucket_01_visual.DAE\n'}
[0.139885] (bopt_description) StdoutLine: {'line': b'-- Up-to-date symlink: /home/jkw/bopt_ws/install/bopt_description/share/bopt_description/models/aws_robomaker_warehouse_Bucket_01/model.config\n'}
[0.139928] (bopt_description) StdoutLine: {'line': b'-- Up-to-date symlink: /home/jkw/bopt_ws/install/bopt_description/share/bopt_description/models/aws_robomaker_warehouse_Bucket_01/model.sdf\n'}
[0.139945] (bopt_description) StdoutLine: {'line': b'-- Up-to-date symlink: /home/jkw/bopt_ws/install/bopt_description/share/bopt_description/models/aws_robomaker_warehouse_ClutteringA_01/.DS_Store\n'}
[0.139963] (bopt_description) StdoutLine: {'line': b'-- Up-to-date symlink: /home/jkw/bopt_ws/install/bopt_description/share/bopt_description/models/aws_robomaker_warehouse_ClutteringA_01/materials/.DS_Store\n'}
[0.139980] (bopt_description) StdoutLine: {'line': b'-- Up-to-date symlink: /home/jkw/bopt_ws/install/bopt_description/share/bopt_description/models/aws_robomaker_warehouse_ClutteringA_01/materials/textures/.DS_Store\n'}
[0.140013] (bopt_description) StdoutLine: {'line': b'-- Up-to-date symlink: /home/jkw/bopt_ws/install/bopt_description/share/bopt_description/models/aws_robomaker_warehouse_ClutteringA_01/materials/textures/aws_robomaker_warehouse_ClutteringA_01.png\n'}
[0.140057] (bopt_description) StdoutLine: {'line': b'-- Up-to-date symlink: /home/jkw/bopt_ws/install/bopt_description/share/bopt_description/models/aws_robomaker_warehouse_ClutteringA_01/materials/textures/aws_robomaker_warehouse_ClutteringA_02.png\n'}
[0.140099] (bopt_description) StdoutLine: {'line': b'-- Up-to-date symlink: /home/jkw/bopt_ws/install/bopt_description/share/bopt_description/models/aws_robomaker_warehouse_ClutteringA_01/materials/textures/aws_robomaker_warehouse_ClutteringA_03.png\n'}
[0.140130] (bopt_description) StdoutLine: {'line': b'-- Up-to-date symlink: /home/jkw/bopt_ws/install/bopt_description/share/bopt_description/models/aws_robomaker_warehouse_ClutteringA_01/meshes/aws_robomaker_warehouse_ClutteringA_01_collision.DAE\n'}
[0.140148] (bopt_description) StdoutLine: {'line': b'-- Up-to-date symlink: /home/jkw/bopt_ws/install/bopt_description/share/bopt_description/models/aws_robomaker_warehouse_ClutteringA_01/meshes/aws_robomaker_warehouse_ClutteringA_01_visual.DAE\n'}
[0.140167] (bopt_description) StdoutLine: {'line': b'-- Up-to-date symlink: /home/jkw/bopt_ws/install/bopt_description/share/bopt_description/models/aws_robomaker_warehouse_ClutteringA_01/model.config\n'}
[0.140185] (bopt_description) StdoutLine: {'line': b'-- Up-to-date symlink: /home/jkw/bopt_ws/install/bopt_description/share/bopt_description/models/aws_robomaker_warehouse_ClutteringA_01/model.sdf\n'}
[0.140215] (bopt_description) StdoutLine: {'line': b'-- Up-to-date symlink: /home/jkw/bopt_ws/install/bopt_description/share/bopt_description/models/aws_robomaker_warehouse_ClutteringC_01/materials/textures/aws_robomaker_warehouse_ClutteringC_01.png\n'}
[0.140256] (bopt_description) StdoutLine: {'line': b'-- Up-to-date symlink: /home/jkw/bopt_ws/install/bopt_description/share/bopt_description/models/aws_robomaker_warehouse_ClutteringC_01/materials/textures/aws_robomaker_warehouse_ClutteringC_02.png\n'}
[0.140273] (bopt_description) StdoutLine: {'line': b'-- Up-to-date symlink: /home/jkw/bopt_ws/install/bopt_description/share/bopt_description/models/aws_robomaker_warehouse_ClutteringC_01/meshes/aws_robomaker_warehouse_ClutteringC_01_collision.DAE\n'}
[0.140291] (bopt_description) StdoutLine: {'line': b'-- Up-to-date symlink: /home/jkw/bopt_ws/install/bopt_description/share/bopt_description/models/aws_robomaker_warehouse_ClutteringC_01/meshes/aws_robomaker_warehouse_ClutteringC_01_visual.DAE\n'}
[0.140309] (bopt_description) StdoutLine: {'line': b'-- Up-to-date symlink: /home/jkw/bopt_ws/install/bopt_description/share/bopt_description/models/aws_robomaker_warehouse_ClutteringC_01/model.config\n'}
[0.140340] (bopt_description) StdoutLine: {'line': b'-- Up-to-date symlink: /home/jkw/bopt_ws/install/bopt_description/share/bopt_description/models/aws_robomaker_warehouse_ClutteringC_01/model.sdf\n'}
[0.140382] (bopt_description) StdoutLine: {'line': b'-- Up-to-date symlink: /home/jkw/bopt_ws/install/bopt_description/share/bopt_description/models/aws_robomaker_warehouse_ClutteringD_01/materials/textures/aws_robomaker_warehouse_ClutteringD_01.png\n'}
[0.140402] (bopt_description) StdoutLine: {'line': b'-- Up-to-date symlink: /home/jkw/bopt_ws/install/bopt_description/share/bopt_description/models/aws_robomaker_warehouse_ClutteringD_01/materials/textures/aws_robomaker_warehouse_ClutteringD_02.png\n'}
[0.140420] (bopt_description) StdoutLine: {'line': b'-- Up-to-date symlink: /home/jkw/bopt_ws/install/bopt_description/share/bopt_description/models/aws_robomaker_warehouse_ClutteringD_01/meshes/aws_robomaker_warehouse_ClutteringD_01_collision.DAE\n'}
[0.140451] (bopt_description) StdoutLine: {'line': b'-- Up-to-date symlink: /home/jkw/bopt_ws/install/bopt_description/share/bopt_description/models/aws_robomaker_warehouse_ClutteringD_01/meshes/aws_robomaker_warehouse_ClutteringD_01_visual.DAE\n'}
[0.140492] (bopt_description) StdoutLine: {'line': b'-- Up-to-date symlink: /home/jkw/bopt_ws/install/bopt_description/share/bopt_description/models/aws_robomaker_warehouse_ClutteringD_01/model.config\n'}
[0.140511] (bopt_description) StdoutLine: {'line': b'-- Up-to-date symlink: /home/jkw/bopt_ws/install/bopt_description/share/bopt_description/models/aws_robomaker_warehouse_ClutteringD_01/model.sdf\n'}
[0.140528] (bopt_description) StdoutLine: {'line': b'-- Up-to-date symlink: /home/jkw/bopt_ws/install/bopt_description/share/bopt_description/models/aws_robomaker_warehouse_DeskC_01/materials/.DS_Store\n'}
[0.140547] (bopt_description) StdoutLine: {'line': b'-- Up-to-date symlink: /home/jkw/bopt_ws/install/bopt_description/share/bopt_description/models/aws_robomaker_warehouse_DeskC_01/materials/textures/aws_robomaker_warehouse_DeskC_01.png\n'}
[0.140581] (bopt_description) StdoutLine: {'line': b'-- Up-to-date symlink: /home/jkw/bopt_ws/install/bopt_description/share/bopt_description/models/aws_robomaker_warehouse_DeskC_01/materials/textures/aws_robomaker_warehouse_DeskC_02.png\n'}
[0.140620] (bopt_description) StdoutLine: {'line': b'-- Up-to-date symlink: /home/jkw/bopt_ws/install/bopt_description/share/bopt_description/models/aws_robomaker_warehouse_DeskC_01/materials/textures/aws_robomaker_warehouse_DeskC_03.png\n'}
[0.140640] (bopt_description) StdoutLine: {'line': b'-- Up-to-date symlink: /home/jkw/bopt_ws/install/bopt_description/share/bopt_description/models/aws_robomaker_warehouse_DeskC_01/materials/textures/aws_robomaker_warehouse_DeskC_03.psd\n'}
[0.140658] (bopt_description) StdoutLine: {'line': b'-- Up-to-date symlink: /home/jkw/bopt_ws/install/bopt_description/share/bopt_description/models/aws_robomaker_warehouse_DeskC_01/materials/textures/aws_robomaker_warehouse_DeskC_04.png\n'}
[0.140690] (bopt_description) StdoutLine: {'line': b'-- Up-to-date symlink: /home/jkw/bopt_ws/install/bopt_description/share/bopt_description/models/aws_robomaker_warehouse_DeskC_01/meshes/aws_robomaker_warehouse_DeskC_01_collision.DAE\n'}
[0.140734] (bopt_description) StdoutLine: {'line': b'-- Up-to-date symlink: /home/jkw/bopt_ws/install/bopt_description/share/bopt_description/models/aws_robomaker_warehouse_DeskC_01/meshes/aws_robomaker_warehouse_DeskC_01_visual.DAE\n'}
[0.140752] (bopt_description) StdoutLine: {'line': b'-- Up-to-date symlink: /home/jkw/bopt_ws/install/bopt_description/share/bopt_description/models/aws_robomaker_warehouse_DeskC_01/model.config\n'}
[0.140785] (bopt_description) StdoutLine: {'line': b'-- Up-to-date symlink: /home/jkw/bopt_ws/install/bopt_description/share/bopt_description/models/aws_robomaker_warehouse_DeskC_01/model.sdf\n'}
[0.140804] (bopt_description) StdoutLine: {'line': b'-- Up-to-date symlink: /home/jkw/bopt_ws/install/bopt_description/share/bopt_description/models/aws_robomaker_warehouse_GroundB_01/materials/textures/aws_robomaker_warehouse_GroundB_01.png\n'}
[0.140822] (bopt_description) StdoutLine: {'line': b'-- Up-to-date symlink: /home/jkw/bopt_ws/install/bopt_description/share/bopt_description/models/aws_robomaker_warehouse_GroundB_01/materials/textures/aws_robomaker_warehouse_GroundB_02.png\n'}
[0.140854] (bopt_description) StdoutLine: {'line': b'-- Up-to-date symlink: /home/jkw/bopt_ws/install/bopt_description/share/bopt_description/models/aws_robomaker_warehouse_GroundB_01/meshes/aws_robomaker_warehouse_GroundB_01_collision.DAE\n'}
[0.140896] (bopt_description) StdoutLine: {'line': b'-- Up-to-date symlink: /home/jkw/bopt_ws/install/bopt_description/share/bopt_description/models/aws_robomaker_warehouse_GroundB_01/meshes/aws_robomaker_warehouse_GroundB_01_visual.DAE\n'}
[0.140914] (bopt_description) StdoutLine: {'line': b'-- Up-to-date symlink: /home/jkw/bopt_ws/install/bopt_description/share/bopt_description/models/aws_robomaker_warehouse_GroundB_01/model.config\n'}
[0.140933] (bopt_description) StdoutLine: {'line': b'-- Up-to-date symlink: /home/jkw/bopt_ws/install/bopt_description/share/bopt_description/models/aws_robomaker_warehouse_GroundB_01/model.sdf\n'}
[0.140950] (bopt_description) StdoutLine: {'line': b'-- Up-to-date symlink: /home/jkw/bopt_ws/install/bopt_description/share/bopt_description/models/aws_robomaker_warehouse_Lamp_01/materials/textures/aws_robomaker_warehouse_Lamp_01.png\n'}
[0.140987] (bopt_description) StdoutLine: {'line': b'-- Up-to-date symlink: /home/jkw/bopt_ws/install/bopt_description/share/bopt_description/models/aws_robomaker_warehouse_Lamp_01/meshes/aws_robomaker_warehouse_Lamp_01_collision.DAE\n'}
[0.141007] (bopt_description) StdoutLine: {'line': b'-- Up-to-date symlink: /home/jkw/bopt_ws/install/bopt_description/share/bopt_description/models/aws_robomaker_warehouse_Lamp_01/meshes/aws_robomaker_warehouse_Lamp_01_visual.DAE\n'}
[0.141040] (bopt_description) StdoutLine: {'line': b'-- Up-to-date symlink: /home/jkw/bopt_ws/install/bopt_description/share/bopt_description/models/aws_robomaker_warehouse_Lamp_01/model.config\n'}
[0.141061] (bopt_description) StdoutLine: {'line': b'-- Up-to-date symlink: /home/jkw/bopt_ws/install/bopt_description/share/bopt_description/models/aws_robomaker_warehouse_Lamp_01/model.sdf\n'}
[0.141079] (bopt_description) StdoutLine: {'line': b'-- Up-to-date symlink: /home/jkw/bopt_ws/install/bopt_description/share/bopt_description/models/aws_robomaker_warehouse_PalletJackB_01/.DS_Store\n'}
[0.141111] (bopt_description) StdoutLine: {'line': b'-- Up-to-date symlink: /home/jkw/bopt_ws/install/bopt_description/share/bopt_description/models/aws_robomaker_warehouse_PalletJackB_01/materials/.DS_Store\n'}
[0.141151] (bopt_description) StdoutLine: {'line': b'-- Up-to-date symlink: /home/jkw/bopt_ws/install/bopt_description/share/bopt_description/models/aws_robomaker_warehouse_PalletJackB_01/materials/textures/aws_robomaker_warehouse_PalletJackB_01.png\n'}
[0.141173] (bopt_description) StdoutLine: {'line': b'-- Up-to-date symlink: /home/jkw/bopt_ws/install/bopt_description/share/bopt_description/models/aws_robomaker_warehouse_PalletJackB_01/materials/textures/aws_robomaker_warehouse_PalletJackB_02.png\n'}
[0.141191] (bopt_description) StdoutLine: {'line': b'-- Up-to-date symlink: /home/jkw/bopt_ws/install/bopt_description/share/bopt_description/models/aws_robomaker_warehouse_PalletJackB_01/meshes/aws_robomaker_warehouse_PalletJackB_01_collision.DAE\n'}
[0.141222] (bopt_description) StdoutLine: {'line': b'-- Up-to-date symlink: /home/jkw/bopt_ws/install/bopt_description/share/bopt_description/models/aws_robomaker_warehouse_PalletJackB_01/meshes/aws_robomaker_warehouse_PalletJackB_01_visual.DAE\n'}
[0.141262] (bopt_description) StdoutLine: {'line': b'-- Up-to-date symlink: /home/jkw/bopt_ws/install/bopt_description/share/bopt_description/models/aws_robomaker_warehouse_PalletJackB_01/model.config\n'}
[0.141283] (bopt_description) StdoutLine: {'line': b'-- Up-to-date symlink: /home/jkw/bopt_ws/install/bopt_description/share/bopt_description/models/aws_robomaker_warehouse_PalletJackB_01/model.sdf\n'}
[0.141301] (bopt_description) StdoutLine: {'line': b'-- Up-to-date symlink: /home/jkw/bopt_ws/install/bopt_description/share/bopt_description/models/aws_robomaker_warehouse_RoofB_01/materials/textures/aws_robomaker_warehouse_RoofB_01.png\n'}
[0.141333] (bopt_description) StdoutLine: {'line': b'-- Up-to-date symlink: /home/jkw/bopt_ws/install/bopt_description/share/bopt_description/models/aws_robomaker_warehouse_RoofB_01/meshes/aws_robomaker_warehouse_RoofB_01_collision.DAE\n'}
[0.141373] (bopt_description) StdoutLine: {'line': b'-- Up-to-date symlink: /home/jkw/bopt_ws/install/bopt_description/share/bopt_description/models/aws_robomaker_warehouse_RoofB_01/meshes/aws_robomaker_warehouse_RoofB_01_visual.DAE\n'}
[0.141393] (bopt_description) StdoutLine: {'line': b'-- Up-to-date symlink: /home/jkw/bopt_ws/install/bopt_description/share/bopt_description/models/aws_robomaker_warehouse_RoofB_01/model.config\n'}
[0.141414] (bopt_description) StdoutLine: {'line': b'-- Up-to-date symlink: /home/jkw/bopt_ws/install/bopt_description/share/bopt_description/models/aws_robomaker_warehouse_RoofB_01/model.sdf\n'}
[0.141446] (bopt_description) StdoutLine: {'line': b'-- Up-to-date symlink: /home/jkw/bopt_ws/install/bopt_description/share/bopt_description/models/aws_robomaker_warehouse_ShelfD_01/materials/textures/aws_robomaker_warehouse_ShelfD_01.png\n'}
[0.141483] (bopt_description) StdoutLine: {'line': b'-- Up-to-date symlink: /home/jkw/bopt_ws/install/bopt_description/share/bopt_description/models/aws_robomaker_warehouse_ShelfD_01/materials/textures/aws_robomaker_warehouse_ShelfD_02.png\n'}
[0.141504] (bopt_description) StdoutLine: {'line': b'-- Up-to-date symlink: /home/jkw/bopt_ws/install/bopt_description/share/bopt_description/models/aws_robomaker_warehouse_ShelfD_01/materials/textures/aws_robomaker_warehouse_ShelfD_03.png\n'}
[0.141543] (bopt_description) StdoutLine: {'line': b'-- Up-to-date symlink: /home/jkw/bopt_ws/install/bopt_description/share/bopt_description/models/aws_robomaker_warehouse_ShelfD_01/materials/textures/aws_robomaker_warehouse_ShelfD_04.png\n'}
[0.141561] (bopt_description) StdoutLine: {'line': b'-- Up-to-date symlink: /home/jkw/bopt_ws/install/bopt_description/share/bopt_description/models/aws_robomaker_warehouse_ShelfD_01/meshes/aws_robomaker_warehouse_ShelfD_01_collision.DAE\n'}
[0.141579] (bopt_description) StdoutLine: {'line': b'-- Up-to-date symlink: /home/jkw/bopt_ws/install/bopt_description/share/bopt_description/models/aws_robomaker_warehouse_ShelfD_01/meshes/aws_robomaker_warehouse_ShelfD_01_visual.DAE\n'}
[0.141597] (bopt_description) StdoutLine: {'line': b'-- Up-to-date symlink: /home/jkw/bopt_ws/install/bopt_description/share/bopt_description/models/aws_robomaker_warehouse_ShelfD_01/model.config\n'}
[0.141628] (bopt_description) StdoutLine: {'line': b'-- Up-to-date symlink: /home/jkw/bopt_ws/install/bopt_description/share/bopt_description/models/aws_robomaker_warehouse_ShelfD_01/model.sdf\n'}
[0.141672] (bopt_description) StdoutLine: {'line': b'-- Up-to-date symlink: /home/jkw/bopt_ws/install/bopt_description/share/bopt_description/models/aws_robomaker_warehouse_ShelfE_01/.DS_Store\n'}
[0.141690] (bopt_description) StdoutLine: {'line': b'-- Up-to-date symlink: /home/jkw/bopt_ws/install/bopt_description/share/bopt_description/models/aws_robomaker_warehouse_ShelfE_01/materials/.DS_Store\n'}
[0.141708] (bopt_description) StdoutLine: {'line': b'-- Up-to-date symlink: /home/jkw/bopt_ws/install/bopt_description/share/bopt_description/models/aws_robomaker_warehouse_ShelfE_01/materials/textures/aws_robomaker_warehouse_ShelfE_01.png\n'}
[0.141726] (bopt_description) StdoutLine: {'line': b'-- Up-to-date symlink: /home/jkw/bopt_ws/install/bopt_description/share/bopt_description/models/aws_robomaker_warehouse_ShelfE_01/materials/textures/aws_robomaker_warehouse_ShelfE_02.png\n'}
[0.141764] (bopt_description) StdoutLine: {'line': b'-- Up-to-date symlink: /home/jkw/bopt_ws/install/bopt_description/share/bopt_description/models/aws_robomaker_warehouse_ShelfE_01/materials/textures/aws_robomaker_warehouse_ShelfE_03.png\n'}
[0.141795] (bopt_description) StdoutLine: {'line': b'-- Up-to-date symlink: /home/jkw/bopt_ws/install/bopt_description/share/bopt_description/models/aws_robomaker_warehouse_ShelfE_01/materials/textures/aws_robomaker_warehouse_ShelfE_04.png\n'}
[0.141813] (bopt_description) StdoutLine: {'line': b'-- Up-to-date symlink: /home/jkw/bopt_ws/install/bopt_description/share/bopt_description/models/aws_robomaker_warehouse_ShelfE_01/meshes/aws_robomaker_warehouse_ShelfE_01_collision.DAE\n'}
[0.141830] (bopt_description) StdoutLine: {'line': b'-- Up-to-date symlink: /home/jkw/bopt_ws/install/bopt_description/share/bopt_description/models/aws_robomaker_warehouse_ShelfE_01/meshes/aws_robomaker_warehouse_ShelfE_01_visual.DAE\n'}
[0.141862] (bopt_description) StdoutLine: {'line': b'-- Up-to-date symlink: /home/jkw/bopt_ws/install/bopt_description/share/bopt_description/models/aws_robomaker_warehouse_ShelfE_01/model.config\n'}
[0.141903] (bopt_description) StdoutLine: {'line': b'-- Up-to-date symlink: /home/jkw/bopt_ws/install/bopt_description/share/bopt_description/models/aws_robomaker_warehouse_ShelfE_01/model.sdf\n'}
[0.141936] (bopt_description) StdoutLine: {'line': b'-- Up-to-date symlink: /home/jkw/bopt_ws/install/bopt_description/share/bopt_description/models/aws_robomaker_warehouse_ShelfF_01/materials/textures/aws_robomaker_warehouse_ShelfF_01.png\n'}
[0.141956] (bopt_description) StdoutLine: {'line': b'-- Up-to-date symlink: /home/jkw/bopt_ws/install/bopt_description/share/bopt_description/models/aws_robomaker_warehouse_ShelfF_01/materials/textures/aws_robomaker_warehouse_ShelfF_02.png\n'}
[0.141973] (bopt_description) StdoutLine: {'line': b'-- Up-to-date symlink: /home/jkw/bopt_ws/install/bopt_description/share/bopt_description/models/aws_robomaker_warehouse_ShelfF_01/materials/textures/aws_robomaker_warehouse_ShelfF_03.png\n'}
[0.142008] (bopt_description) StdoutLine: {'line': b'-- Up-to-date symlink: /home/jkw/bopt_ws/install/bopt_description/share/bopt_description/models/aws_robomaker_warehouse_ShelfF_01/meshes/aws_robomaker_warehouse_ShelfF_01_collision.DAE\n'}
[0.142038] (bopt_description) StdoutLine: {'line': b'-- Up-to-date symlink: /home/jkw/bopt_ws/install/bopt_description/share/bopt_description/models/aws_robomaker_warehouse_ShelfF_01/meshes/aws_robomaker_warehouse_ShelfF_01_visual.DAE\n'}
[0.142072] (bopt_description) StdoutLine: {'line': b'-- Up-to-date symlink: /home/jkw/bopt_ws/install/bopt_description/share/bopt_description/models/aws_robomaker_warehouse_ShelfF_01/model.config\n'}
[0.142091] (bopt_description) StdoutLine: {'line': b'-- Up-to-date symlink: /home/jkw/bopt_ws/install/bopt_description/share/bopt_description/models/aws_robomaker_warehouse_ShelfF_01/model.sdf\n'}
[0.142109] (bopt_description) StdoutLine: {'line': b'-- Up-to-date symlink: /home/jkw/bopt_ws/install/bopt_description/share/bopt_description/models/aws_robomaker_warehouse_TrashCanC_01/materials/textures/aws_robomaker_warehouse_TrashCanC_01.png\n'}
[0.142142] (bopt_description) StdoutLine: {'line': b'-- Up-to-date symlink: /home/jkw/bopt_ws/install/bopt_description/share/bopt_description/models/aws_robomaker_warehouse_TrashCanC_01/meshes/aws_robomaker_warehouse_TrashCanC_01_collision.DAE\n'}
[0.142182] (bopt_description) StdoutLine: {'line': b'-- Up-to-date symlink: /home/jkw/bopt_ws/install/bopt_description/share/bopt_description/models/aws_robomaker_warehouse_TrashCanC_01/meshes/aws_robomaker_warehouse_TrashCanC_01_visual.DAE\n'}
[0.142200] (bopt_description) StdoutLine: {'line': b'-- Up-to-date symlink: /home/jkw/bopt_ws/install/bopt_description/share/bopt_description/models/aws_robomaker_warehouse_TrashCanC_01/model.config\n'}
[0.142232] (bopt_description) StdoutLine: {'line': b'-- Up-to-date symlink: /home/jkw/bopt_ws/install/bopt_description/share/bopt_description/models/aws_robomaker_warehouse_TrashCanC_01/model.sdf\n'}
[0.142250] (bopt_description) StdoutLine: {'line': b'-- Up-to-date symlink: /home/jkw/bopt_ws/install/bopt_description/share/bopt_description/models/aws_robomaker_warehouse_WallB_01/materials/textures/aws_robomaker_warehouse_WallB_01.png\n'}
[0.142268] (bopt_description) StdoutLine: {'line': b'-- Up-to-date symlink: /home/jkw/bopt_ws/install/bopt_description/share/bopt_description/models/aws_robomaker_warehouse_WallB_01/meshes/aws_robomaker_warehouse_WallB_01_collision.DAE\n'}
[0.142300] (bopt_description) StdoutLine: {'line': b'-- Up-to-date symlink: /home/jkw/bopt_ws/install/bopt_description/share/bopt_description/models/aws_robomaker_warehouse_WallB_01/meshes/aws_robomaker_warehouse_WallB_01_visual.DAE\n'}
[0.142341] (bopt_description) StdoutLine: {'line': b'-- Up-to-date symlink: /home/jkw/bopt_ws/install/bopt_description/share/bopt_description/models/aws_robomaker_warehouse_WallB_01/model.config\n'}
[0.142359] (bopt_description) StdoutLine: {'line': b'-- Up-to-date symlink: /home/jkw/bopt_ws/install/bopt_description/share/bopt_description/models/aws_robomaker_warehouse_WallB_01/model.sdf\n'}
[0.142377] (bopt_description) StdoutLine: {'line': b'-- Up-to-date symlink: /home/jkw/bopt_ws/install/bopt_description/share/bopt_description/models/heightmap/.model.sdf.swp\n'}
[0.142395] (bopt_description) StdoutLine: {'line': b'-- Up-to-date symlink: /home/jkw/bopt_ws/install/bopt_description/share/bopt_description/models/heightmap/MSEL_ign.png\n'}
[0.142426] (bopt_description) StdoutLine: {'line': b'-- Up-to-date symlink: /home/jkw/bopt_ws/install/bopt_description/share/bopt_description/models/heightmap/materials/textures/MSEL - WORLD.dae\n'}
[0.142467] (bopt_description) StdoutLine: {'line': b'-- Up-to-date symlink: /home/jkw/bopt_ws/install/bopt_description/share/bopt_description/models/heightmap/materials/textures/MSEL-e.png\n'}
[0.142486] (bopt_description) StdoutLine: {'line': b'-- Up-to-date symlink: /home/jkw/bopt_ws/install/bopt_description/share/bopt_description/models/heightmap/materials/textures/MSEL-e1.png\n'}
[0.142505] (bopt_description) StdoutLine: {'line': b'-- Up-to-date symlink: /home/jkw/bopt_ws/install/bopt_description/share/bopt_description/models/heightmap/materials/textures/MSEL-e2.png\n'}
[0.142536] (bopt_description) StdoutLine: {'line': b'-- Up-to-date symlink: /home/jkw/bopt_ws/install/bopt_description/share/bopt_description/models/heightmap/materials/textures/MSEL-e3.png\n'}
[0.142576] (bopt_description) StdoutLine: {'line': b'-- Up-to-date symlink: /home/jkw/bopt_ws/install/bopt_description/share/bopt_description/models/heightmap/materials/textures/MSEL-e4.png\n'}
[0.142598] (bopt_description) StdoutLine: {'line': b'-- Up-to-date symlink: /home/jkw/bopt_ws/install/bopt_description/share/bopt_description/models/heightmap/materials/textures/MSEL.png\n'}
[0.142624] (bopt_description) StdoutLine: {'line': b'-- Up-to-date symlink: /home/jkw/bopt_ws/install/bopt_description/share/bopt_description/models/heightmap/materials/textures/MSEL_World_01.png\n'}
[0.142656] (bopt_description) StdoutLine: {'line': b'-- Up-to-date symlink: /home/jkw/bopt_ws/install/bopt_description/share/bopt_description/models/heightmap/materials/textures/MSEL_color.jpg\n'}
[0.142696] (bopt_description) StdoutLine: {'line': b'-- Up-to-date symlink: /home/jkw/bopt_ws/install/bopt_description/share/bopt_description/models/heightmap/materials/textures/MSEL_gz.png\n'}
[0.142713] (bopt_description) StdoutLine: {'line': b'-- Up-to-date symlink: /home/jkw/bopt_ws/install/bopt_description/share/bopt_description/models/heightmap/materials/textures/MSEL_ign.png\n'}
[0.142730] (bopt_description) StdoutLine: {'line': b'-- Up-to-date symlink: /home/jkw/bopt_ws/install/bopt_description/share/bopt_description/models/heightmap/materials/textures/MSEL_ign_fixed.png\n'}
[0.142749] (bopt_description) StdoutLine: {'line': b'-- Up-to-date symlink: /home/jkw/bopt_ws/install/bopt_description/share/bopt_description/models/heightmap/materials/textures/MSEL_world.dae\n'}
[0.142784] (bopt_description) StdoutLine: {'line': b'-- Up-to-date symlink: /home/jkw/bopt_ws/install/bopt_description/share/bopt_description/models/heightmap/materials/textures/back_01.jpg\n'}
[0.142802] (bopt_description) StdoutLine: {'line': b'-- Up-to-date symlink: /home/jkw/bopt_ws/install/bopt_description/share/bopt_description/models/heightmap/materials/textures/empty.dae\n'}
[0.142820] (bopt_description) StdoutLine: {'line': b'-- Up-to-date symlink: /home/jkw/bopt_ws/install/bopt_description/share/bopt_description/models/heightmap/materials/textures/heightmap.png\n'}
[0.142852] (bopt_description) StdoutLine: {'line': b'-- Up-to-date symlink: /home/jkw/bopt_ws/install/bopt_description/share/bopt_description/models/heightmap/materials/textures/workshop_speed.bak.png\n'}
[0.142892] (bopt_description) StdoutLine: {'line': b'-- Up-to-date symlink: /home/jkw/bopt_ws/install/bopt_description/share/bopt_description/models/heightmap/materials/textures/workshop_speed.png\n'}
[0.142913] (bopt_description) StdoutLine: {'line': b'-- Up-to-date symlink: /home/jkw/bopt_ws/install/bopt_description/share/bopt_description/models/heightmap/model-1_2.sdf\n'}
[0.142931] (bopt_description) StdoutLine: {'line': b'-- Up-to-date symlink: /home/jkw/bopt_ws/install/bopt_description/share/bopt_description/models/heightmap/model-1_3.sdf\n'}
[0.142962] (bopt_description) StdoutLine: {'line': b'-- Up-to-date symlink: /home/jkw/bopt_ws/install/bopt_description/share/bopt_description/models/heightmap/model-1_4.sdf\n'}
[0.143003] (bopt_description) StdoutLine: {'line': b'-- Up-to-date symlink: /home/jkw/bopt_ws/install/bopt_description/share/bopt_description/models/heightmap/model.config\n'}
[0.143020] (bopt_description) StdoutLine: {'line': b'-- Up-to-date symlink: /home/jkw/bopt_ws/install/bopt_description/share/bopt_description/models/heightmap/model.sdf\n'}
[0.143040] (bopt_description) StdoutLine: {'line': b'-- Up-to-date symlink: /home/jkw/bopt_ws/install/bopt_description/share/bopt_description/models/heightmap/model2.sdf\n'}
[0.143075] (bopt_description) StdoutLine: {'line': b'-- Up-to-date symlink: /home/jkw/bopt_ws/install/bopt_description/share/bopt_description/models/safety_box/model.config\n'}
[0.143091] (bopt_description) StdoutLine: {'line': b'-- Up-to-date symlink: /home/jkw/bopt_ws/install/bopt_description/share/bopt_description/models/safety_box/model.sdf\n'}
[0.143106] (bopt_description) StdoutLine: {'line': b'-- Up-to-date symlink: /home/jkw/bopt_ws/install/bopt_description/share/bopt_description/models/testing_ground_amcl.stl\n'}
[0.143153] (bopt_description) StdoutLine: {'line': b'-- Up-to-date symlink: /home/jkw/bopt_ws/install/bopt_description/share/ament_index/resource_index/package_run_dependencies/bopt_description\n'}
[0.143201] (bopt_description) StdoutLine: {'line': b'-- Up-to-date symlink: /home/jkw/bopt_ws/install/bopt_description/share/ament_index/resource_index/parent_prefix_path/bopt_description\n'}
[0.143244] (bopt_description) StdoutLine: {'line': b'-- Up-to-date symlink: /home/jkw/bopt_ws/install/bopt_description/share/bopt_description/environment/ament_prefix_path.sh\n'}
[0.143280] (bopt_description) StdoutLine: {'line': b'-- Up-to-date symlink: /home/jkw/bopt_ws/install/bopt_description/share/bopt_description/environment/ament_prefix_path.dsv\n'}
[0.143322] (bopt_description) StdoutLine: {'line': b'-- Up-to-date symlink: /home/jkw/bopt_ws/install/bopt_description/share/bopt_description/environment/path.sh\n'}
[0.143356] (bopt_description) StdoutLine: {'line': b'-- Up-to-date symlink: /home/jkw/bopt_ws/install/bopt_description/share/bopt_description/environment/path.dsv\n'}
[0.143395] (bopt_description) StdoutLine: {'line': b'-- Up-to-date symlink: /home/jkw/bopt_ws/install/bopt_description/share/bopt_description/local_setup.bash\n'}
[0.143432] (bopt_description) StdoutLine: {'line': b'-- Up-to-date symlink: /home/jkw/bopt_ws/install/bopt_description/share/bopt_description/local_setup.sh\n'}
[0.143469] (bopt_description) StdoutLine: {'line': b'-- Up-to-date symlink: /home/jkw/bopt_ws/install/bopt_description/share/bopt_description/local_setup.zsh\n'}
[0.143508] (bopt_description) StdoutLine: {'line': b'-- Up-to-date symlink: /home/jkw/bopt_ws/install/bopt_description/share/bopt_description/local_setup.dsv\n'}
[0.143542] (bopt_description) StdoutLine: {'line': b'-- Symlinking: /home/jkw/bopt_ws/install/bopt_description/share/bopt_description/package.dsv\n'}
[0.146512] (bopt_description) StdoutLine: {'line': b'-- Up-to-date symlink: /home/jkw/bopt_ws/install/bopt_description/share/ament_index/resource_index/packages/bopt_description\n'}
[0.146593] (bopt_description) StdoutLine: {'line': b'-- Up-to-date symlink: /home/jkw/bopt_ws/install/bopt_description/share/bopt_description/cmake/bopt_descriptionConfig.cmake\n'}
[0.146617] (bopt_description) StdoutLine: {'line': b'-- Up-to-date symlink: /home/jkw/bopt_ws/install/bopt_description/share/bopt_description/cmake/bopt_descriptionConfig-version.cmake\n'}
[0.146637] (bopt_description) StdoutLine: {'line': b'-- Up-to-date symlink: /home/jkw/bopt_ws/install/bopt_description/share/bopt_description/package.xml\n'}
[0.147588] (bopt_description) CommandEnded: {'returncode': 0}
[0.153668] (bopt_description) JobEnded: {'identifier': 'bopt_description', 'rc': 0}
[0.199952] (-) TimerEvent: {}
[0.239500] (bopt_controller) Command: {'cmd': ['/usr/bin/python3', '-W', 'ignore:setup.py install is deprecated', '-W', 'ignore:easy_install command is deprecated', 'setup.py', 'egg_info', '--egg-base', '../../build/bopt_controller', 'build', '--build-base', '/home/jkw/bopt_ws/build/bopt_controller/build', 'install', '--record', '/home/jkw/bopt_ws/build/bopt_controller/install.log', '--install-scripts', '$base/lib/bopt_controller', '--single-version-externally-managed', 'install_data'], 'cwd': '/home/jkw/bopt_ws/src/bopt_controller', 'env': {'PYENV_VIRTUALENV_INIT': '1', 'GJS_DEBUG_TOPICS': 'JS ERROR;JS LOG', 'PYTHON_BASIC_REPL': '1', 'LESSOPEN': '| /usr/bin/lesspipe %s', 'LANGUAGE': 'en_IN:en', 'USER': 'jkw', 'XDG_SESSION_TYPE': 'x11', 'GIT_ASKPASS': '/home/jkw/Downloads/Antigravity IDE/resources/app/extensions/git/dist/askpass.sh', 'SHLVL': '2', 'LD_LIBRARY_PATH': '/usr/lib/x86_64-linux-gnu/gazebo-11/plugins:/opt/ros/humble/opt/rviz_ogre_vendor/lib:/opt/ros/humble/lib/x86_64-linux-gnu:/opt/ros/humble/lib', 'ANTIGRAVITY_CLI_ALIAS': 'agy-ide', 'HOME': '/home/jkw', 'CHROME_DESKTOP': 'antigravity-ide.desktop', 'OLDPWD': '/home/jkw/Downloads', 'TERM_PROGRAM_VERSION': '1.107.0', 'DESKTOP_SESSION': 'ubuntu', 'PYENV_SHELL': 'bash', 'GIO_LAUNCHED_DESKTOP_FILE': '/usr/share/applications/terminator.desktop', 'ROS_PYTHON_VERSION': '3', 'GNOME_SHELL_SESSION_MODE': 'ubuntu', 'GTK_MODULES': 'gail:atk-bridge', 'VSCODE_GIT_ASKPASS_MAIN': '/home/jkw/Downloads/Antigravity IDE/resources/app/extensions/git/dist/askpass-main.js', 'VSCODE_GIT_ASKPASS_NODE': '/home/jkw/Downloads/Antigravity IDE/antigravity-ide', 'MANAGERPID': '2197', 'PYDEVD_DISABLE_FILE_VALIDATION': '1', 'SYSTEMD_EXEC_PID': '2463', 'BUNDLED_DEBUGPY_PATH': '/home/jkw/.antigravity-ide/extensions/ms-python.debugpy-2026.6.0-linux-x64/bundled/libs/debugpy', 'VSCODE_PYTHON_AUTOACTIVATE_GUARD': '1', 'DBUS_SESSION_BUS_ADDRESS': 'unix:path=/run/user/1000/bus', 'COLORTERM': 'truecolor', 'TERMINATOR_DBUS_NAME': 'net.tenshu.Terminator23558193cd9818af7fe4d2c2f5bd9d00f', 'GIO_LAUNCHED_DESKTOP_FILE_PID': '4104', 'COLCON_PREFIX_PATH': '/home/jkw/bopt_ws/install', 'ROS_DISTRO': 'humble', 'GTK_IM_MODULE': 'ibus', 'LOGNAME': 'jkw', 'JOURNAL_STREAM': '8:19740', '_': '/usr/bin/colcon', 'ROS_VERSION': '2', 'XDG_SESSION_CLASS': 'user', 'USERNAME': 'jkw', 'TERM': 'xterm-256color', 'GNOME_DESKTOP_SESSION_ID': 'this-is-deprecated', 'FC_FONTATIONS': '1', 'ROS_LOCALHOST_ONLY': '0', 'WINDOWPATH': '2', 'PATH': '/home/jkw/.local/bin:/home/jkw/.pyenv/plugins/pyenv-virtualenv/shims:/home/jkw/.pyenv/shims:/home/jkw/.pyenv/bin:/home/jkw/.local/kitty.app/bin:/home/jkw/.local/bin:/home/jkw/.local/bin:/home/jkw/.local/bin:/home/jkw/.pyenv/plugins/pyenv-virtualenv/shims:/home/jkw/.pyenv/bin:/home/jkw/.local/kitty.app/bin:/home/jkw/.local/bin:/home/jkw/.pyenv/plugins/pyenv-virtualenv/shims:/home/jkw/.pyenv/bin:/home/jkw/.local/kitty.app/bin:/opt/ros/humble/bin:/home/jkw/.local/bin:/home/jkw/.local/bin:/usr/local/sbin:/usr/local/bin:/usr/sbin:/usr/bin:/sbin:/bin:/usr/games:/usr/local/games:/snap/bin:/snap/bin:/home/jkw/.antigravity-ide/extensions/ms-python.debugpy-2026.6.0-linux-x64/bundled/scripts/noConfigScripts', 'SESSION_MANAGER': 'local/jkw-MS-7E59:@/tmp/.ICE-unix/2440,unix/jkw-MS-7E59:/tmp/.ICE-unix/2440', 'INVOCATION_ID': '8c30bf8d52a146b180b60456610a3415', 'XDG_MENU_PREFIX': 'gnome-', 'XDG_RUNTIME_DIR': '/run/user/1000', 'GDK_BACKEND': 'x11', 'DISPLAY': ':1', 'VSCODE_DEBUGPY_ADAPTER_ENDPOINTS': '/home/jkw/.antigravity-ide/extensions/ms-python.debugpy-2026.6.0-linux-x64/.noConfigDebugAdapterEndpoints/endpoint-a434eef8644a7ac9.txt', 'TERMINATOR_DBUS_PATH': '/net/tenshu/Terminator2', 'LANG': 'en_US.UTF-8', 'XDG_CURRENT_DESKTOP': 'ubuntu:GNOME', 'PYTHONSTARTUP': '/home/jkw/.config/Antigravity IDE/User/workspaceStorage/41f3336bc77ddcef4ec35eb017ffa178/ms-python.python/pythonrc.py', 'IBUS_DISABLE_SNOOPER': '1', 'XMODIFIERS': '@im=ibus', 'XDG_SESSION_DESKTOP': 'ubuntu', 'XAUTHORITY': '/run/user/1000/gdm/Xauthority', 'LS_COLORS': 'rs=0:di=01;34:ln=01;36:mh=00:pi=40;33:so=01;35:do=01;35:bd=40;33;01:cd=40;33;01:or=40;31;01:mi=00:su=37;41:sg=30;43:ca=30;41:tw=30;42:ow=34;42:st=37;44:ex=01;32:*.tar=01;31:*.tgz=01;31:*.arc=01;31:*.arj=01;31:*.taz=01;31:*.lha=01;31:*.lz4=01;31:*.lzh=01;31:*.lzma=01;31:*.tlz=01;31:*.txz=01;31:*.tzo=01;31:*.t7z=01;31:*.zip=01;31:*.z=01;31:*.dz=01;31:*.gz=01;31:*.lrz=01;31:*.lz=01;31:*.lzo=01;31:*.xz=01;31:*.zst=01;31:*.tzst=01;31:*.bz2=01;31:*.bz=01;31:*.tbz=01;31:*.tbz2=01;31:*.tz=01;31:*.deb=01;31:*.rpm=01;31:*.jar=01;31:*.war=01;31:*.ear=01;31:*.sar=01;31:*.rar=01;31:*.alz=01;31:*.ace=01;31:*.zoo=01;31:*.cpio=01;31:*.7z=01;31:*.rz=01;31:*.cab=01;31:*.wim=01;31:*.swm=01;31:*.dwm=01;31:*.esd=01;31:*.jpg=01;35:*.jpeg=01;35:*.mjpg=01;35:*.mjpeg=01;35:*.gif=01;35:*.bmp=01;35:*.pbm=01;35:*.pgm=01;35:*.ppm=01;35:*.tga=01;35:*.xbm=01;35:*.xpm=01;35:*.tif=01;35:*.tiff=01;35:*.png=01;35:*.svg=01;35:*.svgz=01;35:*.mng=01;35:*.pcx=01;35:*.mov=01;35:*.mpg=01;35:*.mpeg=01;35:*.m2v=01;35:*.mkv=01;35:*.webm=01;35:*.webp=01;35:*.ogm=01;35:*.mp4=01;35:*.m4v=01;35:*.mp4v=01;35:*.vob=01;35:*.qt=01;35:*.nuv=01;35:*.wmv=01;35:*.asf=01;35:*.rm=01;35:*.rmvb=01;35:*.flc=01;35:*.avi=01;35:*.fli=01;35:*.flv=01;35:*.gl=01;35:*.dl=01;35:*.xcf=01;35:*.xwd=01;35:*.yuv=01;35:*.cgm=01;35:*.emf=01;35:*.ogv=01;35:*.ogx=01;35:*.aac=00;36:*.au=00;36:*.flac=00;36:*.m4a=00;36:*.mid=00;36:*.midi=00;36:*.mka=00;36:*.mp3=00;36:*.mpc=00;36:*.ogg=00;36:*.ra=00;36:*.wav=00;36:*.oga=00;36:*.opus=00;36:*.spx=00;36:*.xspf=00;36:', 'VSCODE_GIT_IPC_HANDLE': '/run/user/1000/vscode-git-2b1d280fd0.sock', 'TERM_PROGRAM': 'vscode', 'SSH_AGENT_LAUNCHER': 'gnome-keyring', 'SSH_AUTH_SOCK': '/run/user/1000/keyring/ssh', 'AMENT_PREFIX_PATH': '/home/jkw/bopt_ws/install/bopt_description:/home/jkw/bopt_ws/install/bopt_controller:/opt/ros/humble', 'SHELL': '/bin/bash', 'TERMINATOR_UUID': 'urn:uuid:c85302b2-0b68-4259-8c68-1fbd02900cfe', 'QT_ACCESSIBILITY': '1', 'GDMSESSION': 'ubuntu', 'LESSCLOSE': '/usr/bin/lesspipe %s %s', 'GPG_AGENT_INFO': '/run/user/1000/gnupg/S.gpg-agent:0:1', 'GJS_DEBUG_OUTPUT': 'stderr', 'VSCODE_GIT_ASKPASS_EXTRA_ARGS': '', 'QT_IM_MODULE': 'ibus', 'PWD': '/home/jkw/bopt_ws/build/bopt_controller', 'LC_ALL': 'en_US.UTF-8', 'XDG_CONFIG_DIRS': '/etc/xdg/xdg-ubuntu:/etc/xdg', 'PYENV_ROOT': '/home/jkw/.pyenv', 'XDG_DATA_DIRS': '/usr/share/ubuntu:/usr/share/gnome:/usr/local/share/:/usr/share/:/var/lib/snapd/desktop', 'PYTHONPATH': '/home/jkw/bopt_ws/build/bopt_controller/prefix_override:/usr/lib/python3/dist-packages/colcon_core/task/python/colcon_distutils_commands:/home/jkw/bopt_ws/install/bopt_controller/lib/python3.10/site-packages:/home/jkw/bopt_ws/install/bopt_controller/lib/python3.10/site-packages:/opt/ros/humble/lib/python3.10/site-packages:/opt/ros/humble/local/lib/python3.10/dist-packages', 'COLCON': '1', 'VTE_VERSION': '6800', 'CMAKE_PREFIX_PATH': '/home/jkw/bopt_ws/install/bopt_description'}, 'shell': False}
[0.300024] (-) TimerEvent: {}
[0.327804] (bopt_controller) StdoutLine: {'line': b'running egg_info\n'}
[0.328050] (bopt_controller) StdoutLine: {'line': b'writing ../../build/bopt_controller/bopt_controller.egg-info/PKG-INFO\n'}
[0.328140] (bopt_controller) StdoutLine: {'line': b'writing dependency_links to ../../build/bopt_controller/bopt_controller.egg-info/dependency_links.txt\n'}
[0.328194] (bopt_controller) StdoutLine: {'line': b'writing entry points to ../../build/bopt_controller/bopt_controller.egg-info/entry_points.txt\n'}
[0.328245] (bopt_controller) StdoutLine: {'line': b'writing requirements to ../../build/bopt_controller/bopt_controller.egg-info/requires.txt\n'}
[0.328295] (bopt_controller) StdoutLine: {'line': b'writing top-level names to ../../build/bopt_controller/bopt_controller.egg-info/top_level.txt\n'}
[0.328887] (bopt_controller) StdoutLine: {'line': b"reading manifest file '../../build/bopt_controller/bopt_controller.egg-info/SOURCES.txt'\n"}
[0.329258] (bopt_controller) StdoutLine: {'line': b"writing manifest file '../../build/bopt_controller/bopt_controller.egg-info/SOURCES.txt'\n"}
[0.329299] (bopt_controller) StdoutLine: {'line': b'running build\n'}
[0.329318] (bopt_controller) StdoutLine: {'line': b'running build_py\n'}
[0.329425] (bopt_controller) StdoutLine: {'line': b'running install\n'}
[0.329550] (bopt_controller) StdoutLine: {'line': b'running install_lib\n'}
[0.329979] (bopt_controller) StdoutLine: {'line': b'running install_data\n'}
[0.330021] (bopt_controller) StdoutLine: {'line': b'running install_egg_info\n'}
[0.330695] (bopt_controller) StdoutLine: {'line': b"removing '/home/jkw/bopt_ws/install/bopt_controller/lib/python3.10/site-packages/bopt_controller-0.0.0-py3.10.egg-info' (and everything under it)\n"}
[0.330828] (bopt_controller) StdoutLine: {'line': b'Copying ../../build/bopt_controller/bopt_controller.egg-info to /home/jkw/bopt_ws/install/bopt_controller/lib/python3.10/site-packages/bopt_controller-0.0.0-py3.10.egg-info\n'}
[0.331065] (bopt_controller) StdoutLine: {'line': b'running install_scripts\n'}
[0.339063] (bopt_controller) StdoutLine: {'line': b'Installing bopt_controller script to /home/jkw/bopt_ws/install/bopt_controller/lib/bopt_controller\n'}
[0.339135] (bopt_controller) StdoutLine: {'line': b'Installing bopt_keyboard script to /home/jkw/bopt_ws/install/bopt_controller/lib/bopt_controller\n'}
[0.339244] (bopt_controller) StdoutLine: {'line': b"writing list of installed files to '/home/jkw/bopt_ws/build/bopt_controller/install.log'\n"}
[0.349148] (bopt_controller) CommandEnded: {'returncode': 0}
[0.351735] (bopt_controller) JobEnded: {'identifier': 'bopt_controller', 'rc': 0}
[0.352028] (-) EventReactorShutdown: {}
