[0.000000] (-) TimerEvent: {}
[0.000319] (bopt_controller) JobQueued: {'identifier': 'bopt_controller', 'dependencies': OrderedDict()}
[0.000394] (bopt_description) JobQueued: {'identifier': 'bopt_description', 'dependencies': OrderedDict()}
[0.000411] (bopt_controller) JobStarted: {'identifier': 'bopt_controller'}
[0.003431] (bopt_description) JobStarted: {'identifier': 'bopt_description'}
[0.099849] (-) TimerEvent: {}
[0.106608] (bopt_description) JobProgress: {'identifier': 'bopt_description', 'progress': 'cmake'}
[0.106842] (bopt_description) JobProgress: {'identifier': 'bopt_description', 'progress': 'build'}
[0.107190] (bopt_description) Command: {'cmd': ['/usr/bin/cmake', '--build', '/home/jkw/bopt_ws/build/bopt_description', '--', '-j32', '-l32'], 'cwd': '/home/jkw/bopt_ws/build/bopt_description', 'env': OrderedDict([('PYENV_VIRTUALENV_INIT', '1'), ('GJS_DEBUG_TOPICS', 'JS ERROR;JS LOG'), ('PYTHON_BASIC_REPL', '1'), ('LESSOPEN', '| /usr/bin/lesspipe %s'), ('LANGUAGE', 'en_IN:en'), ('USER', 'jkw'), ('XDG_SESSION_TYPE', 'x11'), ('GIT_ASKPASS', '/home/jkw/Downloads/Antigravity IDE/resources/app/extensions/git/dist/askpass.sh'), ('SHLVL', '2'), ('LD_LIBRARY_PATH', '/usr/lib/x86_64-linux-gnu/gazebo-11/plugins:/opt/ros/humble/opt/rviz_ogre_vendor/lib:/opt/ros/humble/lib/x86_64-linux-gnu:/opt/ros/humble/lib'), ('ANTIGRAVITY_CLI_ALIAS', 'agy-ide'), ('HOME', '/home/jkw'), ('CHROME_DESKTOP', 'antigravity-ide.desktop'), ('OLDPWD', '/home/jkw/Downloads'), ('TERM_PROGRAM_VERSION', '1.107.0'), ('DESKTOP_SESSION', 'ubuntu'), ('PYENV_SHELL', 'bash'), ('GIO_LAUNCHED_DESKTOP_FILE', '/usr/share/applications/terminator.desktop'), ('ROS_PYTHON_VERSION', '3'), ('GNOME_SHELL_SESSION_MODE', 'ubuntu'), ('GTK_MODULES', 'gail:atk-bridge'), ('VSCODE_GIT_ASKPASS_MAIN', '/home/jkw/Downloads/Antigravity IDE/resources/app/extensions/git/dist/askpass-main.js'), ('VSCODE_GIT_ASKPASS_NODE', '/home/jkw/Downloads/Antigravity IDE/antigravity-ide'), ('MANAGERPID', '2197'), ('PYDEVD_DISABLE_FILE_VALIDATION', '1'), ('SYSTEMD_EXEC_PID', '2463'), ('BUNDLED_DEBUGPY_PATH', '/home/jkw/.antigravity-ide/extensions/ms-python.debugpy-2026.6.0-linux-x64/bundled/libs/debugpy'), ('VSCODE_PYTHON_AUTOACTIVATE_GUARD', '1'), ('DBUS_SESSION_BUS_ADDRESS', 'unix:path=/run/user/1000/bus'), ('COLORTERM', 'truecolor'), ('TERMINATOR_DBUS_NAME', 'net.tenshu.Terminator23558193cd9818af7fe4d2c2f5bd9d00f'), ('GIO_LAUNCHED_DESKTOP_FILE_PID', '4104'), ('COLCON_PREFIX_PATH', '/home/jkw/bopt_ws/install'), ('ROS_DISTRO', 'humble'), ('GTK_IM_MODULE', 'ibus'), ('LOGNAME', 'jkw'), ('JOURNAL_STREAM', '8:19740'), ('_', '/usr/bin/colcon'), ('ROS_VERSION', '2'), ('XDG_SESSION_CLASS', 'user'), ('USERNAME', 'jkw'), ('TERM', 'xterm-256color'), ('GNOME_DESKTOP_SESSION_ID', 'this-is-deprecated'), ('FC_FONTATIONS', '1'), ('ROS_LOCALHOST_ONLY', '0'), ('WINDOWPATH', '2'), ('PATH', '/home/jkw/.local/bin:/home/jkw/.pyenv/plugins/pyenv-virtualenv/shims:/home/jkw/.pyenv/shims:/home/jkw/.pyenv/bin:/home/jkw/.local/kitty.app/bin:/home/jkw/.local/bin:/home/jkw/.local/bin:/home/jkw/.local/bin:/home/jkw/.pyenv/plugins/pyenv-virtualenv/shims:/home/jkw/.pyenv/bin:/home/jkw/.local/kitty.app/bin:/home/jkw/.local/bin:/home/jkw/.pyenv/plugins/pyenv-virtualenv/shims:/home/jkw/.pyenv/bin:/home/jkw/.local/kitty.app/bin:/opt/ros/humble/bin:/home/jkw/.local/bin:/home/jkw/.local/bin:/usr/local/sbin:/usr/local/bin:/usr/sbin:/usr/bin:/sbin:/bin:/usr/games:/usr/local/games:/snap/bin:/snap/bin:/home/jkw/.antigravity-ide/extensions/ms-python.debugpy-2026.6.0-linux-x64/bundled/scripts/noConfigScripts'), ('SESSION_MANAGER', 'local/jkw-MS-7E59:@/tmp/.ICE-unix/2440,unix/jkw-MS-7E59:/tmp/.ICE-unix/2440'), ('INVOCATION_ID', '8c30bf8d52a146b180b60456610a3415'), ('XDG_MENU_PREFIX', 'gnome-'), ('XDG_RUNTIME_DIR', '/run/user/1000'), ('GDK_BACKEND', 'x11'), ('DISPLAY', ':1'), ('VSCODE_DEBUGPY_ADAPTER_ENDPOINTS', '/home/jkw/.antigravity-ide/extensions/ms-python.debugpy-2026.6.0-linux-x64/.noConfigDebugAdapterEndpoints/endpoint-17e956a7c0874d9d.txt'), ('TERMINATOR_DBUS_PATH', '/net/tenshu/Terminator2'), ('LANG', 'en_US.UTF-8'), ('XDG_CURRENT_DESKTOP', 'ubuntu:GNOME'), ('PYTHONSTARTUP', '/home/jkw/.config/Antigravity IDE/User/workspaceStorage/41f3336bc77ddcef4ec35eb017ffa178/ms-python.python/pythonrc.py'), ('IBUS_DISABLE_SNOOPER', '1'), ('XMODIFIERS', '@im=ibus'), ('XDG_SESSION_DESKTOP', 'ubuntu'), ('XAUTHORITY', '/run/user/1000/gdm/Xauthority'), ('LS_COLORS', 'rs=0:di=01;34:ln=01;36:mh=00:pi=40;33:so=01;35:do=01;35:bd=40;33;01:cd=40;33;01:or=40;31;01:mi=00:su=37;41:sg=30;43:ca=30;41:tw=30;42:ow=34;42:st=37;44:ex=01;32:*.tar=01;31:*.tgz=01;31:*.arc=01;31:*.arj=01;31:*.taz=01;31:*.lha=01;31:*.lz4=01;31:*.lzh=01;31:*.lzma=01;31:*.tlz=01;31:*.txz=01;31:*.tzo=01;31:*.t7z=01;31:*.zip=01;31:*.z=01;31:*.dz=01;31:*.gz=01;31:*.lrz=01;31:*.lz=01;31:*.lzo=01;31:*.xz=01;31:*.zst=01;31:*.tzst=01;31:*.bz2=01;31:*.bz=01;31:*.tbz=01;31:*.tbz2=01;31:*.tz=01;31:*.deb=01;31:*.rpm=01;31:*.jar=01;31:*.war=01;31:*.ear=01;31:*.sar=01;31:*.rar=01;31:*.alz=01;31:*.ace=01;31:*.zoo=01;31:*.cpio=01;31:*.7z=01;31:*.rz=01;31:*.cab=01;31:*.wim=01;31:*.swm=01;31:*.dwm=01;31:*.esd=01;31:*.jpg=01;35:*.jpeg=01;35:*.mjpg=01;35:*.mjpeg=01;35:*.gif=01;35:*.bmp=01;35:*.pbm=01;35:*.pgm=01;35:*.ppm=01;35:*.tga=01;35:*.xbm=01;35:*.xpm=01;35:*.tif=01;35:*.tiff=01;35:*.png=01;35:*.svg=01;35:*.svgz=01;35:*.mng=01;35:*.pcx=01;35:*.mov=01;35:*.mpg=01;35:*.mpeg=01;35:*.m2v=01;35:*.mkv=01;35:*.webm=01;35:*.webp=01;35:*.ogm=01;35:*.mp4=01;35:*.m4v=01;35:*.mp4v=01;35:*.vob=01;35:*.qt=01;35:*.nuv=01;35:*.wmv=01;35:*.asf=01;35:*.rm=01;35:*.rmvb=01;35:*.flc=01;35:*.avi=01;35:*.fli=01;35:*.flv=01;35:*.gl=01;35:*.dl=01;35:*.xcf=01;35:*.xwd=01;35:*.yuv=01;35:*.cgm=01;35:*.emf=01;35:*.ogv=01;35:*.ogx=01;35:*.aac=00;36:*.au=00;36:*.flac=00;36:*.m4a=00;36:*.mid=00;36:*.midi=00;36:*.mka=00;36:*.mp3=00;36:*.mpc=00;36:*.ogg=00;36:*.ra=00;36:*.wav=00;36:*.oga=00;36:*.opus=00;36:*.spx=00;36:*.xspf=00;36:'), ('VSCODE_GIT_IPC_HANDLE', '/run/user/1000/vscode-git-2b1d280fd0.sock'), ('TERM_PROGRAM', 'vscode'), ('SSH_AGENT_LAUNCHER', 'gnome-keyring'), ('SSH_AUTH_SOCK', '/run/user/1000/keyring/ssh'), ('AMENT_PREFIX_PATH', '/home/jkw/bopt_ws/install/bopt_description:/home/jkw/bopt_ws/install/bopt_controller:/opt/ros/humble'), ('SHELL', '/bin/bash'), ('TERMINATOR_UUID', 'urn:uuid:c85302b2-0b68-4259-8c68-1fbd02900cfe'), ('QT_ACCESSIBILITY', '1'), ('GDMSESSION', 'ubuntu'), ('LESSCLOSE', '/usr/bin/lesspipe %s %s'), ('GPG_AGENT_INFO', '/run/user/1000/gnupg/S.gpg-agent:0:1'), ('GJS_DEBUG_OUTPUT', 'stderr'), ('VSCODE_GIT_ASKPASS_EXTRA_ARGS', ''), ('QT_IM_MODULE', 'ibus'), ('PWD', '/home/jkw/bopt_ws/build/bopt_description'), ('LC_ALL', 'en_US.UTF-8'), ('XDG_CONFIG_DIRS', '/etc/xdg/xdg-ubuntu:/etc/xdg'), ('PYENV_ROOT', '/home/jkw/.pyenv'), ('XDG_DATA_DIRS', '/usr/share/ubuntu:/usr/share/gnome:/usr/local/share/:/usr/share/:/var/lib/snapd/desktop'), ('PYTHONPATH', '/home/jkw/bopt_ws/install/bopt_controller/lib/python3.10/site-packages:/opt/ros/humble/lib/python3.10/site-packages:/opt/ros/humble/local/lib/python3.10/dist-packages'), ('COLCON', '1'), ('VTE_VERSION', '6800'), ('CMAKE_PREFIX_PATH', '/home/jkw/bopt_ws/install/bopt_description:/home/jkw/bopt_ws/install/bopt_controller:/opt/ros/humble')]), 'shell': False}
[0.123668] (bopt_description) CommandEnded: {'returncode': 0}
[0.123990] (bopt_description) JobProgress: {'identifier': 'bopt_description', 'progress': 'install'}
[0.127042] (bopt_description) Command: {'cmd': ['/usr/bin/cmake', '--install', '/home/jkw/bopt_ws/build/bopt_description'], 'cwd': '/home/jkw/bopt_ws/build/bopt_description', 'env': OrderedDict([('PYENV_VIRTUALENV_INIT', '1'), ('GJS_DEBUG_TOPICS', 'JS ERROR;JS LOG'), ('PYTHON_BASIC_REPL', '1'), ('LESSOPEN', '| /usr/bin/lesspipe %s'), ('LANGUAGE', 'en_IN:en'), ('USER', 'jkw'), ('XDG_SESSION_TYPE', 'x11'), ('GIT_ASKPASS', '/home/jkw/Downloads/Antigravity IDE/resources/app/extensions/git/dist/askpass.sh'), ('SHLVL', '2'), ('LD_LIBRARY_PATH', '/usr/lib/x86_64-linux-gnu/gazebo-11/plugins:/opt/ros/humble/opt/rviz_ogre_vendor/lib:/opt/ros/humble/lib/x86_64-linux-gnu:/opt/ros/humble/lib'), ('ANTIGRAVITY_CLI_ALIAS', 'agy-ide'), ('HOME', '/home/jkw'), ('CHROME_DESKTOP', 'antigravity-ide.desktop'), ('OLDPWD', '/home/jkw/Downloads'), ('TERM_PROGRAM_VERSION', '1.107.0'), ('DESKTOP_SESSION', 'ubuntu'), ('PYENV_SHELL', 'bash'), ('GIO_LAUNCHED_DESKTOP_FILE', '/usr/share/applications/terminator.desktop'), ('ROS_PYTHON_VERSION', '3'), ('GNOME_SHELL_SESSION_MODE', 'ubuntu'), ('GTK_MODULES', 'gail:atk-bridge'), ('VSCODE_GIT_ASKPASS_MAIN', '/home/jkw/Downloads/Antigravity IDE/resources/app/extensions/git/dist/askpass-main.js'), ('VSCODE_GIT_ASKPASS_NODE', '/home/jkw/Downloads/Antigravity IDE/antigravity-ide'), ('MANAGERPID', '2197'), ('PYDEVD_DISABLE_FILE_VALIDATION', '1'), ('SYSTEMD_EXEC_PID', '2463'), ('BUNDLED_DEBUGPY_PATH', '/home/jkw/.antigravity-ide/extensions/ms-python.debugpy-2026.6.0-linux-x64/bundled/libs/debugpy'), ('VSCODE_PYTHON_AUTOACTIVATE_GUARD', '1'), ('DBUS_SESSION_BUS_ADDRESS', 'unix:path=/run/user/1000/bus'), ('COLORTERM', 'truecolor'), ('TERMINATOR_DBUS_NAME', 'net.tenshu.Terminator23558193cd9818af7fe4d2c2f5bd9d00f'), ('GIO_LAUNCHED_DESKTOP_FILE_PID', '4104'), ('COLCON_PREFIX_PATH', '/home/jkw/bopt_ws/install'), ('ROS_DISTRO', 'humble'), ('GTK_IM_MODULE', 'ibus'), ('LOGNAME', 'jkw'), ('JOURNAL_STREAM', '8:19740'), ('_', '/usr/bin/colcon'), ('ROS_VERSION', '2'), ('XDG_SESSION_CLASS', 'user'), ('USERNAME', 'jkw'), ('TERM', 'xterm-256color'), ('GNOME_DESKTOP_SESSION_ID', 'this-is-deprecated'), ('FC_FONTATIONS', '1'), ('ROS_LOCALHOST_ONLY', '0'), ('WINDOWPATH', '2'), ('PATH', '/home/jkw/.local/bin:/home/jkw/.pyenv/plugins/pyenv-virtualenv/shims:/home/jkw/.pyenv/shims:/home/jkw/.pyenv/bin:/home/jkw/.local/kitty.app/bin:/home/jkw/.local/bin:/home/jkw/.local/bin:/home/jkw/.local/bin:/home/jkw/.pyenv/plugins/pyenv-virtualenv/shims:/home/jkw/.pyenv/bin:/home/jkw/.local/kitty.app/bin:/home/jkw/.local/bin:/home/jkw/.pyenv/plugins/pyenv-virtualenv/shims:/home/jkw/.pyenv/bin:/home/jkw/.local/kitty.app/bin:/opt/ros/humble/bin:/home/jkw/.local/bin:/home/jkw/.local/bin:/usr/local/sbin:/usr/local/bin:/usr/sbin:/usr/bin:/sbin:/bin:/usr/games:/usr/local/games:/snap/bin:/snap/bin:/home/jkw/.antigravity-ide/extensions/ms-python.debugpy-2026.6.0-linux-x64/bundled/scripts/noConfigScripts'), ('SESSION_MANAGER', 'local/jkw-MS-7E59:@/tmp/.ICE-unix/2440,unix/jkw-MS-7E59:/tmp/.ICE-unix/2440'), ('INVOCATION_ID', '8c30bf8d52a146b180b60456610a3415'), ('XDG_MENU_PREFIX', 'gnome-'), ('XDG_RUNTIME_DIR', '/run/user/1000'), ('GDK_BACKEND', 'x11'), ('DISPLAY', ':1'), ('VSCODE_DEBUGPY_ADAPTER_ENDPOINTS', '/home/jkw/.antigravity-ide/extensions/ms-python.debugpy-2026.6.0-linux-x64/.noConfigDebugAdapterEndpoints/endpoint-17e956a7c0874d9d.txt'), ('TERMINATOR_DBUS_PATH', '/net/tenshu/Terminator2'), ('LANG', 'en_US.UTF-8'), ('XDG_CURRENT_DESKTOP', 'ubuntu:GNOME'), ('PYTHONSTARTUP', '/home/jkw/.config/Antigravity IDE/User/workspaceStorage/41f3336bc77ddcef4ec35eb017ffa178/ms-python.python/pythonrc.py'), ('IBUS_DISABLE_SNOOPER', '1'), ('XMODIFIERS', '@im=ibus'), ('XDG_SESSION_DESKTOP', 'ubuntu'), ('XAUTHORITY', '/run/user/1000/gdm/Xauthority'), ('LS_COLORS', 'rs=0:di=01;34:ln=01;36:mh=00:pi=40;33:so=01;35:do=01;35:bd=40;33;01:cd=40;33;01:or=40;31;01:mi=00:su=37;41:sg=30;43:ca=30;41:tw=30;42:ow=34;42:st=37;44:ex=01;32:*.tar=01;31:*.tgz=01;31:*.arc=01;31:*.arj=01;31:*.taz=01;31:*.lha=01;31:*.lz4=01;31:*.lzh=01;31:*.lzma=01;31:*.tlz=01;31:*.txz=01;31:*.tzo=01;31:*.t7z=01;31:*.zip=01;31:*.z=01;31:*.dz=01;31:*.gz=01;31:*.lrz=01;31:*.lz=01;31:*.lzo=01;31:*.xz=01;31:*.zst=01;31:*.tzst=01;31:*.bz2=01;31:*.bz=01;31:*.tbz=01;31:*.tbz2=01;31:*.tz=01;31:*.deb=01;31:*.rpm=01;31:*.jar=01;31:*.war=01;31:*.ear=01;31:*.sar=01;31:*.rar=01;31:*.alz=01;31:*.ace=01;31:*.zoo=01;31:*.cpio=01;31:*.7z=01;31:*.rz=01;31:*.cab=01;31:*.wim=01;31:*.swm=01;31:*.dwm=01;31:*.esd=01;31:*.jpg=01;35:*.jpeg=01;35:*.mjpg=01;35:*.mjpeg=01;35:*.gif=01;35:*.bmp=01;35:*.pbm=01;35:*.pgm=01;35:*.ppm=01;35:*.tga=01;35:*.xbm=01;35:*.xpm=01;35:*.tif=01;35:*.tiff=01;35:*.png=01;35:*.svg=01;35:*.svgz=01;35:*.mng=01;35:*.pcx=01;35:*.mov=01;35:*.mpg=01;35:*.mpeg=01;35:*.m2v=01;35:*.mkv=01;35:*.webm=01;35:*.webp=01;35:*.ogm=01;35:*.mp4=01;35:*.m4v=01;35:*.mp4v=01;35:*.vob=01;35:*.qt=01;35:*.nuv=01;35:*.wmv=01;35:*.asf=01;35:*.rm=01;35:*.rmvb=01;35:*.flc=01;35:*.avi=01;35:*.fli=01;35:*.flv=01;35:*.gl=01;35:*.dl=01;35:*.xcf=01;35:*.xwd=01;35:*.yuv=01;35:*.cgm=01;35:*.emf=01;35:*.ogv=01;35:*.ogx=01;35:*.aac=00;36:*.au=00;36:*.flac=00;36:*.m4a=00;36:*.mid=00;36:*.midi=00;36:*.mka=00;36:*.mp3=00;36:*.mpc=00;36:*.ogg=00;36:*.ra=00;36:*.wav=00;36:*.oga=00;36:*.opus=00;36:*.spx=00;36:*.xspf=00;36:'), ('VSCODE_GIT_IPC_HANDLE', '/run/user/1000/vscode-git-2b1d280fd0.sock'), ('TERM_PROGRAM', 'vscode'), ('SSH_AGENT_LAUNCHER', 'gnome-keyring'), ('SSH_AUTH_SOCK', '/run/user/1000/keyring/ssh'), ('AMENT_PREFIX_PATH', '/home/jkw/bopt_ws/install/bopt_description:/home/jkw/bopt_ws/install/bopt_controller:/opt/ros/humble'), ('SHELL', '/bin/bash'), ('TERMINATOR_UUID', 'urn:uuid:c85302b2-0b68-4259-8c68-1fbd02900cfe'), ('QT_ACCESSIBILITY', '1'), ('GDMSESSION', 'ubuntu'), ('LESSCLOSE', '/usr/bin/lesspipe %s %s'), ('GPG_AGENT_INFO', '/run/user/1000/gnupg/S.gpg-agent:0:1'), ('GJS_DEBUG_OUTPUT', 'stderr'), ('VSCODE_GIT_ASKPASS_EXTRA_ARGS', ''), ('QT_IM_MODULE', 'ibus'), ('PWD', '/home/jkw/bopt_ws/build/bopt_description'), ('LC_ALL', 'en_US.UTF-8'), ('XDG_CONFIG_DIRS', '/etc/xdg/xdg-ubuntu:/etc/xdg'), ('PYENV_ROOT', '/home/jkw/.pyenv'), ('XDG_DATA_DIRS', '/usr/share/ubuntu:/usr/share/gnome:/usr/local/share/:/usr/share/:/var/lib/snapd/desktop'), ('PYTHONPATH', '/home/jkw/bopt_ws/install/bopt_controller/lib/python3.10/site-packages:/opt/ros/humble/lib/python3.10/site-packages:/opt/ros/humble/local/lib/python3.10/dist-packages'), ('COLCON', '1'), ('VTE_VERSION', '6800'), ('CMAKE_PREFIX_PATH', '/home/jkw/bopt_ws/install/bopt_description:/home/jkw/bopt_ws/install/bopt_controller:/opt/ros/humble')]), 'shell': False}
[0.130068] (bopt_description) StdoutLine: {'line': b'-- Install configuration: ""\n'}
[0.130294] (bopt_description) StdoutLine: {'line': b'-- Execute custom install script\n'}
[0.130435] (bopt_description) StdoutLine: {'line': b'-- Up-to-date symlink: /home/jkw/bopt_ws/install/bopt_description/share/bopt_description/launch/display.launch.py\n'}
[0.130507] (bopt_description) StdoutLine: {'line': b'-- Up-to-date symlink: /home/jkw/bopt_ws/install/bopt_description/share/bopt_description/launch/gazebo.launch copy.py\n'}
[0.130566] (bopt_description) StdoutLine: {'line': b'-- Up-to-date symlink: /home/jkw/bopt_ws/install/bopt_description/share/bopt_description/launch/gazebo.launch.py\n'}
[0.130603] (bopt_description) StdoutLine: {'line': b'-- Up-to-date symlink: /home/jkw/bopt_ws/install/bopt_description/share/bopt_description/launch/simulation.launch.py\n'}
[0.130677] (bopt_description) StdoutLine: {'line': b'-- Up-to-date symlink: /home/jkw/bopt_ws/install/bopt_description/share/bopt_description/urdf/gazebo.xacro\n'}
[0.130709] (bopt_description) StdoutLine: {'line': b'-- Up-to-date symlink: /home/jkw/bopt_ws/install/bopt_description/share/bopt_description/urdf/materials.xacro\n'}
[0.130740] (bopt_description) StdoutLine: {'line': b'-- Up-to-date symlink: /home/jkw/bopt_ws/install/bopt_description/share/bopt_description/urdf/robot.urdf.xacro\n'}
[0.130779] (bopt_description) StdoutLine: {'line': b'-- Up-to-date symlink: /home/jkw/bopt_ws/install/bopt_description/share/bopt_description/urdf/ros2_control.xacro\n'}
[0.130822] (bopt_description) StdoutLine: {'line': b'-- Up-to-date symlink: /home/jkw/bopt_ws/install/bopt_description/share/bopt_description/meshes/visual/3Dlidar.stl\n'}
[0.130867] (bopt_description) StdoutLine: {'line': b'-- Up-to-date symlink: /home/jkw/bopt_ws/install/bopt_description/share/bopt_description/meshes/visual/Base.stl\n'}
[0.130906] (bopt_description) StdoutLine: {'line': b'-- Up-to-date symlink: /home/jkw/bopt_ws/install/bopt_description/share/bopt_description/meshes/visual/Fork_with_base.STL\n'}
[0.130952] (bopt_description) StdoutLine: {'line': b'-- Up-to-date symlink: /home/jkw/bopt_ws/install/bopt_description/share/bopt_description/meshes/visual/casster_wheel.stl\n'}
[0.130993] (bopt_description) StdoutLine: {'line': b'-- Up-to-date symlink: /home/jkw/bopt_ws/install/bopt_description/share/bopt_description/meshes/visual/caster_wheel_ass.stl\n'}
[0.131017] (bopt_description) StdoutLine: {'line': b'-- Up-to-date symlink: /home/jkw/bopt_ws/install/bopt_description/share/bopt_description/meshes/visual/drive_wheel.stl\n'}
[0.131033] (bopt_description) StdoutLine: {'line': b'-- Up-to-date symlink: /home/jkw/bopt_ws/install/bopt_description/share/bopt_description/meshes/visual/drive_wheel_ass.stl\n'}
[0.131051] (bopt_description) StdoutLine: {'line': b'-- Up-to-date symlink: /home/jkw/bopt_ws/install/bopt_description/share/bopt_description/meshes/visual/front.stl\n'}
[0.131070] (bopt_description) StdoutLine: {'line': b'-- Up-to-date symlink: /home/jkw/bopt_ws/install/bopt_description/share/bopt_description/meshes/visual/front_socket.stl\n'}
[0.131095] (bopt_description) StdoutLine: {'line': b'-- Up-to-date symlink: /home/jkw/bopt_ws/install/bopt_description/share/bopt_description/meshes/visual/front_wheel.stl\n'}
[0.131112] (bopt_description) StdoutLine: {'line': b'-- Up-to-date symlink: /home/jkw/bopt_ws/install/bopt_description/share/bopt_description/meshes/visual/front_wheel_shaft.stl\n'}
[0.131128] (bopt_description) StdoutLine: {'line': b'-- Up-to-date symlink: /home/jkw/bopt_ws/install/bopt_description/share/bopt_description/meshes/visual/lidar19.stl\n'}
[0.131145] (bopt_description) StdoutLine: {'line': b'-- Up-to-date symlink: /home/jkw/bopt_ws/install/bopt_description/share/bopt_description/rviz/display.rviz\n'}
[0.131172] (bopt_description) StdoutLine: {'line': b'-- Up-to-date symlink: /home/jkw/bopt_ws/install/bopt_description/share/bopt_description/config/controller.yaml\n'}
[0.131199] (bopt_description) StdoutLine: {'line': b'-- Up-to-date symlink: /home/jkw/bopt_ws/install/bopt_description/share/bopt_description/worlds/empty.world\n'}
[0.133692] (bopt_description) StdoutLine: {'line': b'-- Up-to-date symlink: /home/jkw/bopt_ws/install/bopt_description/share/bopt_description/models/aws_robomaker_residential_AirconditionerA_01/materials/textures/aws_AirconditionerA_01.png\n'}
[0.133731] (bopt_description) StdoutLine: {'line': b'-- Up-to-date symlink: /home/jkw/bopt_ws/install/bopt_description/share/bopt_description/models/aws_robomaker_residential_AirconditionerA_01/meshes/aws_AirconditionerA_01_collision.DAE\n'}
[0.133763] (bopt_description) StdoutLine: {'line': b'-- Up-to-date symlink: /home/jkw/bopt_ws/install/bopt_description/share/bopt_description/models/aws_robomaker_residential_AirconditionerA_01/meshes/aws_AirconditionerA_01_visual.DAE\n'}
[0.133790] (bopt_description) StdoutLine: {'line': b'-- Up-to-date symlink: /home/jkw/bopt_ws/install/bopt_description/share/bopt_description/models/aws_robomaker_residential_AirconditionerA_01/meshes/aws__Air conditioner_01.DAE\n'}
[0.133813] (bopt_description) StdoutLine: {'line': b'-- Up-to-date symlink: /home/jkw/bopt_ws/install/bopt_description/share/bopt_description/models/aws_robomaker_residential_AirconditionerA_01/model.config\n'}
[0.133839] (bopt_description) StdoutLine: {'line': b'-- Up-to-date symlink: /home/jkw/bopt_ws/install/bopt_description/share/bopt_description/models/aws_robomaker_residential_AirconditionerA_01/model.sdf\n'}
[0.133862] (bopt_description) StdoutLine: {'line': b'-- Up-to-date symlink: /home/jkw/bopt_ws/install/bopt_description/share/bopt_description/models/aws_robomaker_residential_AirconditionerB_01/materials/textures/aws_AirconditionerB_01.png\n'}
[0.133884] (bopt_description) StdoutLine: {'line': b'-- Up-to-date symlink: /home/jkw/bopt_ws/install/bopt_description/share/bopt_description/models/aws_robomaker_residential_AirconditionerB_01/meshes/aws_AirconditionerB_01_collision.DAE\n'}
[0.133909] (bopt_description) StdoutLine: {'line': b'-- Up-to-date symlink: /home/jkw/bopt_ws/install/bopt_description/share/bopt_description/models/aws_robomaker_residential_AirconditionerB_01/meshes/aws_AirconditionerB_01_visual.DAE\n'}
[0.133935] (bopt_description) StdoutLine: {'line': b'-- Up-to-date symlink: /home/jkw/bopt_ws/install/bopt_description/share/bopt_description/models/aws_robomaker_residential_AirconditionerB_01/model.config\n'}
[0.133961] (bopt_description) StdoutLine: {'line': b'-- Up-to-date symlink: /home/jkw/bopt_ws/install/bopt_description/share/bopt_description/models/aws_robomaker_residential_AirconditionerB_01/model.sdf\n'}
[0.133993] (bopt_description) StdoutLine: {'line': b'-- Up-to-date symlink: /home/jkw/bopt_ws/install/bopt_description/share/bopt_description/models/aws_robomaker_residential_BalconyTable_01/materials/textures/aws_BalconyTable_01.png\n'}
[0.134017] (bopt_description) StdoutLine: {'line': b'-- Up-to-date symlink: /home/jkw/bopt_ws/install/bopt_description/share/bopt_description/models/aws_robomaker_residential_BalconyTable_01/meshes/aws_BalconyTable_01_collision.DAE\n'}
[0.134046] (bopt_description) StdoutLine: {'line': b'-- Up-to-date symlink: /home/jkw/bopt_ws/install/bopt_description/share/bopt_description/models/aws_robomaker_residential_BalconyTable_01/meshes/aws_BalconyTable_01_visual.DAE\n'}
[0.134072] (bopt_description) StdoutLine: {'line': b'-- Up-to-date symlink: /home/jkw/bopt_ws/install/bopt_description/share/bopt_description/models/aws_robomaker_residential_BalconyTable_01/model.config\n'}
[0.134097] (bopt_description) StdoutLine: {'line': b'-- Up-to-date symlink: /home/jkw/bopt_ws/install/bopt_description/share/bopt_description/models/aws_robomaker_residential_BalconyTable_01/model.sdf\n'}
[0.134126] (bopt_description) StdoutLine: {'line': b'-- Up-to-date symlink: /home/jkw/bopt_ws/install/bopt_description/share/bopt_description/models/aws_robomaker_residential_Ball_01/materials/textures/aws_Ball_01.png\n'}
[0.134154] (bopt_description) StdoutLine: {'line': b'-- Up-to-date symlink: /home/jkw/bopt_ws/install/bopt_description/share/bopt_description/models/aws_robomaker_residential_Ball_01/meshes/aws_Ball_01_collision.DAE\n'}
[0.134181] (bopt_description) StdoutLine: {'line': b'-- Up-to-date symlink: /home/jkw/bopt_ws/install/bopt_description/share/bopt_description/models/aws_robomaker_residential_Ball_01/meshes/aws_Ball_01_visual.DAE\n'}
[0.134208] (bopt_description) StdoutLine: {'line': b'-- Up-to-date symlink: /home/jkw/bopt_ws/install/bopt_description/share/bopt_description/models/aws_robomaker_residential_Ball_01/model.config\n'}
[0.134234] (bopt_description) StdoutLine: {'line': b'-- Up-to-date symlink: /home/jkw/bopt_ws/install/bopt_description/share/bopt_description/models/aws_robomaker_residential_Ball_01/model.sdf\n'}
[0.134263] (bopt_description) StdoutLine: {'line': b'-- Up-to-date symlink: /home/jkw/bopt_ws/install/bopt_description/share/bopt_description/models/aws_robomaker_residential_Bed_01/materials/textures/aws_BedA_01.png\n'}
[0.134295] (bopt_description) StdoutLine: {'line': b'-- Up-to-date symlink: /home/jkw/bopt_ws/install/bopt_description/share/bopt_description/models/aws_robomaker_residential_Bed_01/materials/textures/aws_BedB_01.png\n'}
[0.134324] (bopt_description) StdoutLine: {'line': b'-- Up-to-date symlink: /home/jkw/bopt_ws/install/bopt_description/share/bopt_description/models/aws_robomaker_residential_Bed_01/materials/textures/aws_BedC_01.png\n'}
[0.134352] (bopt_description) StdoutLine: {'line': b'-- Up-to-date symlink: /home/jkw/bopt_ws/install/bopt_description/share/bopt_description/models/aws_robomaker_residential_Bed_01/materials/textures/aws_Bed_01.png\n'}
[0.134379] (bopt_description) StdoutLine: {'line': b'-- Up-to-date symlink: /home/jkw/bopt_ws/install/bopt_description/share/bopt_description/models/aws_robomaker_residential_Bed_01/meshes/aws_Bed_01_collision.DAE\n'}
[0.134406] (bopt_description) StdoutLine: {'line': b'-- Up-to-date symlink: /home/jkw/bopt_ws/install/bopt_description/share/bopt_description/models/aws_robomaker_residential_Bed_01/meshes/aws_Bed_01_visual.DAE\n'}
[0.134432] (bopt_description) StdoutLine: {'line': b'-- Up-to-date symlink: /home/jkw/bopt_ws/install/bopt_description/share/bopt_description/models/aws_robomaker_residential_Bed_01/model.config\n'}
[0.134457] (bopt_description) StdoutLine: {'line': b'-- Up-to-date symlink: /home/jkw/bopt_ws/install/bopt_description/share/bopt_description/models/aws_robomaker_residential_Bed_01/model.sdf\n'}
[0.134486] (bopt_description) StdoutLine: {'line': b'-- Up-to-date symlink: /home/jkw/bopt_ws/install/bopt_description/share/bopt_description/models/aws_robomaker_residential_Board_01/materials/textures/aws_Board_01.png\n'}
[0.134513] (bopt_description) StdoutLine: {'line': b'-- Up-to-date symlink: /home/jkw/bopt_ws/install/bopt_description/share/bopt_description/models/aws_robomaker_residential_Board_01/meshes/aws_Board_01_collision.DAE\n'}
[0.134540] (bopt_description) StdoutLine: {'line': b'-- Up-to-date symlink: /home/jkw/bopt_ws/install/bopt_description/share/bopt_description/models/aws_robomaker_residential_Board_01/meshes/aws_Board_01_visual.DAE\n'}
[0.134566] (bopt_description) StdoutLine: {'line': b'-- Up-to-date symlink: /home/jkw/bopt_ws/install/bopt_description/share/bopt_description/models/aws_robomaker_residential_Board_01/model.config\n'}
[0.134591] (bopt_description) StdoutLine: {'line': b'-- Up-to-date symlink: /home/jkw/bopt_ws/install/bopt_description/share/bopt_description/models/aws_robomaker_residential_Board_01/model.sdf\n'}
[0.134620] (bopt_description) StdoutLine: {'line': b'-- Up-to-date symlink: /home/jkw/bopt_ws/install/bopt_description/share/bopt_description/models/aws_robomaker_residential_Carpet_01/materials/textures/aws_Carpet_01.png\n'}
[0.134647] (bopt_description) StdoutLine: {'line': b'-- Up-to-date symlink: /home/jkw/bopt_ws/install/bopt_description/share/bopt_description/models/aws_robomaker_residential_Carpet_01/meshes/aws_Carpet_01_collision.DAE\n'}
[0.134673] (bopt_description) StdoutLine: {'line': b'-- Up-to-date symlink: /home/jkw/bopt_ws/install/bopt_description/share/bopt_description/models/aws_robomaker_residential_Carpet_01/meshes/aws_Carpet_01_visual.DAE\n'}
[0.134703] (bopt_description) StdoutLine: {'line': b'-- Up-to-date symlink: /home/jkw/bopt_ws/install/bopt_description/share/bopt_description/models/aws_robomaker_residential_Carpet_01/model.config\n'}
[0.134740] (bopt_description) StdoutLine: {'line': b'-- Up-to-date symlink: /home/jkw/bopt_ws/install/bopt_description/share/bopt_description/models/aws_robomaker_residential_Carpet_01/model.sdf\n'}
[0.134767] (bopt_description) StdoutLine: {'line': b'-- Up-to-date symlink: /home/jkw/bopt_ws/install/bopt_description/share/bopt_description/models/aws_robomaker_residential_ChairA_01/materials/textures/aws_ChairA_01.png\n'}
[0.134792] (bopt_description) StdoutLine: {'line': b'-- Up-to-date symlink: /home/jkw/bopt_ws/install/bopt_description/share/bopt_description/models/aws_robomaker_residential_ChairA_01/meshes/aws_ChairA_01_collision.DAE\n'}
[0.134815] (bopt_description) StdoutLine: {'line': b'-- Up-to-date symlink: /home/jkw/bopt_ws/install/bopt_description/share/bopt_description/models/aws_robomaker_residential_ChairA_01/meshes/aws_ChairA_01_visual.DAE\n'}
[0.134838] (bopt_description) StdoutLine: {'line': b'-- Up-to-date symlink: /home/jkw/bopt_ws/install/bopt_description/share/bopt_description/models/aws_robomaker_residential_ChairA_01/model.config\n'}
[0.134863] (bopt_description) StdoutLine: {'line': b'-- Up-to-date symlink: /home/jkw/bopt_ws/install/bopt_description/share/bopt_description/models/aws_robomaker_residential_ChairA_01/model.sdf\n'}
[0.134891] (bopt_description) StdoutLine: {'line': b'-- Up-to-date symlink: /home/jkw/bopt_ws/install/bopt_description/share/bopt_description/models/aws_robomaker_residential_ChairD_01/materials/textures/aws_ChairD_01.png\n'}
[0.134917] (bopt_description) StdoutLine: {'line': b'-- Up-to-date symlink: /home/jkw/bopt_ws/install/bopt_description/share/bopt_description/models/aws_robomaker_residential_ChairD_01/meshes/aws_ChairD_01_collision.DAE\n'}
[0.134944] (bopt_description) StdoutLine: {'line': b'-- Up-to-date symlink: /home/jkw/bopt_ws/install/bopt_description/share/bopt_description/models/aws_robomaker_residential_ChairD_01/meshes/aws_ChairD_01_visual.DAE\n'}
[0.134974] (bopt_description) StdoutLine: {'line': b'-- Up-to-date symlink: /home/jkw/bopt_ws/install/bopt_description/share/bopt_description/models/aws_robomaker_residential_ChairD_01/model.config\n'}
[0.135002] (bopt_description) StdoutLine: {'line': b'-- Up-to-date symlink: /home/jkw/bopt_ws/install/bopt_description/share/bopt_description/models/aws_robomaker_residential_ChairD_01/model.sdf\n'}
[0.135039] (bopt_description) StdoutLine: {'line': b'-- Up-to-date symlink: /home/jkw/bopt_ws/install/bopt_description/share/bopt_description/models/aws_robomaker_residential_Chandelier_01/materials/textures/aws_Chandelier_01.png\n'}
[0.135074] (bopt_description) StdoutLine: {'line': b'-- Up-to-date symlink: /home/jkw/bopt_ws/install/bopt_description/share/bopt_description/models/aws_robomaker_residential_Chandelier_01/meshes/aws_Chandelier_01.DAE\n'}
[0.135107] (bopt_description) StdoutLine: {'line': b'-- Up-to-date symlink: /home/jkw/bopt_ws/install/bopt_description/share/bopt_description/models/aws_robomaker_residential_Chandelier_01/meshes/aws_Chandelier_01_collision.DAE\n'}
[0.135142] (bopt_description) StdoutLine: {'line': b'-- Up-to-date symlink: /home/jkw/bopt_ws/install/bopt_description/share/bopt_description/models/aws_robomaker_residential_Chandelier_01/meshes/aws_Chandelier_01_visual.DAE\n'}
[0.135175] (bopt_description) StdoutLine: {'line': b'-- Up-to-date symlink: /home/jkw/bopt_ws/install/bopt_description/share/bopt_description/models/aws_robomaker_residential_Chandelier_01/model.config\n'}
[0.135203] (bopt_description) StdoutLine: {'line': b'-- Up-to-date symlink: /home/jkw/bopt_ws/install/bopt_description/share/bopt_description/models/aws_robomaker_residential_Chandelier_01/model.sdf\n'}
[0.135233] (bopt_description) StdoutLine: {'line': b'-- Up-to-date symlink: /home/jkw/bopt_ws/install/bopt_description/share/bopt_description/models/aws_robomaker_residential_CoffeeTable_01/materials/textures/aws_CoffeeTable_01.png\n'}
[0.135261] (bopt_description) StdoutLine: {'line': b'-- Up-to-date symlink: /home/jkw/bopt_ws/install/bopt_description/share/bopt_description/models/aws_robomaker_residential_CoffeeTable_01/meshes/aws_CoffeeTable_01_collision.DAE\n'}
[0.135311] (bopt_description) StdoutLine: {'line': b'-- Up-to-date symlink: /home/jkw/bopt_ws/install/bopt_description/share/bopt_description/models/aws_robomaker_residential_CoffeeTable_01/meshes/aws_CoffeeTable_01_visual.DAE\n'}
[0.135335] (bopt_description) StdoutLine: {'line': b'-- Up-to-date symlink: /home/jkw/bopt_ws/install/bopt_description/share/bopt_description/models/aws_robomaker_residential_CoffeeTable_01/model.config\n'}
[0.135360] (bopt_description) StdoutLine: {'line': b'-- Up-to-date symlink: /home/jkw/bopt_ws/install/bopt_description/share/bopt_description/models/aws_robomaker_residential_CoffeeTable_01/model.sdf\n'}
[0.135390] (bopt_description) StdoutLine: {'line': b'-- Up-to-date symlink: /home/jkw/bopt_ws/install/bopt_description/share/bopt_description/models/aws_robomaker_residential_CookingBench_01/materials/textures/aws_CookingBench_01.png\n'}
[0.135418] (bopt_description) StdoutLine: {'line': b'-- Up-to-date symlink: /home/jkw/bopt_ws/install/bopt_description/share/bopt_description/models/aws_robomaker_residential_CookingBench_01/meshes/aws_CookingBench_01.DAE\n'}
[0.135447] (bopt_description) StdoutLine: {'line': b'-- Up-to-date symlink: /home/jkw/bopt_ws/install/bopt_description/share/bopt_description/models/aws_robomaker_residential_CookingBench_01/meshes/aws_CookingBench_01_collision.DAE\n'}
[0.135474] (bopt_description) StdoutLine: {'line': b'-- Up-to-date symlink: /home/jkw/bopt_ws/install/bopt_description/share/bopt_description/models/aws_robomaker_residential_CookingBench_01/meshes/aws_CookingBench_01_visual.DAE\n'}
[0.135500] (bopt_description) StdoutLine: {'line': b'-- Up-to-date symlink: /home/jkw/bopt_ws/install/bopt_description/share/bopt_description/models/aws_robomaker_residential_CookingBench_01/model.config\n'}
[0.135528] (bopt_description) StdoutLine: {'line': b'-- Up-to-date symlink: /home/jkw/bopt_ws/install/bopt_description/share/bopt_description/models/aws_robomaker_residential_CookingBench_01/model.sdf\n'}
[0.135557] (bopt_description) StdoutLine: {'line': b'-- Up-to-date symlink: /home/jkw/bopt_ws/install/bopt_description/share/bopt_description/models/aws_robomaker_residential_Curtain_01/materials/textures/aws_Curtain_01.png\n'}
[0.135585] (bopt_description) StdoutLine: {'line': b'-- Up-to-date symlink: /home/jkw/bopt_ws/install/bopt_description/share/bopt_description/models/aws_robomaker_residential_Curtain_01/meshes/aws_Curtain_01_collision.DAE\n'}
[0.135613] (bopt_description) StdoutLine: {'line': b'-- Up-to-date symlink: /home/jkw/bopt_ws/install/bopt_description/share/bopt_description/models/aws_robomaker_residential_Curtain_01/meshes/aws_Curtain_01_visual.DAE\n'}
[0.135640] (bopt_description) StdoutLine: {'line': b'-- Up-to-date symlink: /home/jkw/bopt_ws/install/bopt_description/share/bopt_description/models/aws_robomaker_residential_Curtain_01/model.config\n'}
[0.135667] (bopt_description) StdoutLine: {'line': b'-- Up-to-date symlink: /home/jkw/bopt_ws/install/bopt_description/share/bopt_description/models/aws_robomaker_residential_Curtain_01/model.sdf\n'}
[0.135697] (bopt_description) StdoutLine: {'line': b'-- Up-to-date symlink: /home/jkw/bopt_ws/install/bopt_description/share/bopt_description/models/aws_robomaker_residential_DeskPortraitA_01/materials/textures/aws_DeskPortraitA_01.png\n'}
[0.135727] (bopt_description) StdoutLine: {'line': b'-- Up-to-date symlink: /home/jkw/bopt_ws/install/bopt_description/share/bopt_description/models/aws_robomaker_residential_DeskPortraitA_01/materials/textures/aws_DeskPortraitA_02.png\n'}
[0.135755] (bopt_description) StdoutLine: {'line': b'-- Up-to-date symlink: /home/jkw/bopt_ws/install/bopt_description/share/bopt_description/models/aws_robomaker_residential_DeskPortraitA_01/meshes/aws_DeskPortraitA_01_collision.DAE\n'}
[0.135783] (bopt_description) StdoutLine: {'line': b'-- Up-to-date symlink: /home/jkw/bopt_ws/install/bopt_description/share/bopt_description/models/aws_robomaker_residential_DeskPortraitA_01/meshes/aws_DeskPortraitA_01_visual.DAE\n'}
[0.135810] (bopt_description) StdoutLine: {'line': b'-- Up-to-date symlink: /home/jkw/bopt_ws/install/bopt_description/share/bopt_description/models/aws_robomaker_residential_DeskPortraitA_01/model.config\n'}
[0.135836] (bopt_description) StdoutLine: {'line': b'-- Up-to-date symlink: /home/jkw/bopt_ws/install/bopt_description/share/bopt_description/models/aws_robomaker_residential_DeskPortraitA_01/model.sdf\n'}
[0.135865] (bopt_description) StdoutLine: {'line': b'-- Up-to-date symlink: /home/jkw/bopt_ws/install/bopt_description/share/bopt_description/models/aws_robomaker_residential_DeskPortraitA_02/materials/textures/aws_DeskPortraitA_01.png\n'}
[0.135894] (bopt_description) StdoutLine: {'line': b'-- Up-to-date symlink: /home/jkw/bopt_ws/install/bopt_description/share/bopt_description/models/aws_robomaker_residential_DeskPortraitA_02/materials/textures/aws_DeskPortraitA_02.png\n'}
[0.135921] (bopt_description) StdoutLine: {'line': b'-- Up-to-date symlink: /home/jkw/bopt_ws/install/bopt_description/share/bopt_description/models/aws_robomaker_residential_DeskPortraitA_02/meshes/aws_DeskPortraitA_01_collision.DAE\n'}
[0.135949] (bopt_description) StdoutLine: {'line': b'-- Up-to-date symlink: /home/jkw/bopt_ws/install/bopt_description/share/bopt_description/models/aws_robomaker_residential_DeskPortraitA_02/meshes/aws_DeskPortraitA_01_visual.DAE\n'}
[0.135976] (bopt_description) StdoutLine: {'line': b'-- Up-to-date symlink: /home/jkw/bopt_ws/install/bopt_description/share/bopt_description/models/aws_robomaker_residential_DeskPortraitA_02/model.config\n'}
[0.136002] (bopt_description) StdoutLine: {'line': b'-- Up-to-date symlink: /home/jkw/bopt_ws/install/bopt_description/share/bopt_description/models/aws_robomaker_residential_DeskPortraitA_02/model.sdf\n'}
[0.136031] (bopt_description) StdoutLine: {'line': b'-- Up-to-date symlink: /home/jkw/bopt_ws/install/bopt_description/share/bopt_description/models/aws_robomaker_residential_DeskPortraitB_01/materials/textures/aws_DeskPortraitB_01.png\n'}
[0.136061] (bopt_description) StdoutLine: {'line': b'-- Up-to-date symlink: /home/jkw/bopt_ws/install/bopt_description/share/bopt_description/models/aws_robomaker_residential_DeskPortraitB_01/materials/textures/aws_DeskPortraitB_02.png\n'}
[0.136088] (bopt_description) StdoutLine: {'line': b'-- Up-to-date symlink: /home/jkw/bopt_ws/install/bopt_description/share/bopt_description/models/aws_robomaker_residential_DeskPortraitB_01/meshes/aws_DeskPortraitB_01_collision.DAE\n'}
[0.136116] (bopt_description) StdoutLine: {'line': b'-- Up-to-date symlink: /home/jkw/bopt_ws/install/bopt_description/share/bopt_description/models/aws_robomaker_residential_DeskPortraitB_01/meshes/aws_DeskPortraitB_01_visual.DAE\n'}
[0.136143] (bopt_description) StdoutLine: {'line': b'-- Up-to-date symlink: /home/jkw/bopt_ws/install/bopt_description/share/bopt_description/models/aws_robomaker_residential_DeskPortraitB_01/model.config\n'}
[0.136170] (bopt_description) StdoutLine: {'line': b'-- Up-to-date symlink: /home/jkw/bopt_ws/install/bopt_description/share/bopt_description/models/aws_robomaker_residential_DeskPortraitB_01/model.sdf\n'}
[0.136198] (bopt_description) StdoutLine: {'line': b'-- Up-to-date symlink: /home/jkw/bopt_ws/install/bopt_description/share/bopt_description/models/aws_robomaker_residential_DeskPortraitB_02/materials/textures/aws_DeskPortraitB_01.png\n'}
[0.136227] (bopt_description) StdoutLine: {'line': b'-- Up-to-date symlink: /home/jkw/bopt_ws/install/bopt_description/share/bopt_description/models/aws_robomaker_residential_DeskPortraitB_02/materials/textures/aws_DeskPortraitB_02.png\n'}
[0.136254] (bopt_description) StdoutLine: {'line': b'-- Up-to-date symlink: /home/jkw/bopt_ws/install/bopt_description/share/bopt_description/models/aws_robomaker_residential_DeskPortraitB_02/meshes/aws_DeskPortraitB_01_collision.DAE\n'}
[0.136290] (bopt_description) StdoutLine: {'line': b'-- Up-to-date symlink: /home/jkw/bopt_ws/install/bopt_description/share/bopt_description/models/aws_robomaker_residential_DeskPortraitB_02/meshes/aws_DeskPortraitB_01_visual.DAE\n'}
[0.136317] (bopt_description) StdoutLine: {'line': b'-- Up-to-date symlink: /home/jkw/bopt_ws/install/bopt_description/share/bopt_description/models/aws_robomaker_residential_DeskPortraitB_02/model.config\n'}
[0.136344] (bopt_description) StdoutLine: {'line': b'-- Up-to-date symlink: /home/jkw/bopt_ws/install/bopt_description/share/bopt_description/models/aws_robomaker_residential_DeskPortraitB_02/model.sdf\n'}
[0.136374] (bopt_description) StdoutLine: {'line': b'-- Up-to-date symlink: /home/jkw/bopt_ws/install/bopt_description/share/bopt_description/models/aws_robomaker_residential_DeskPortraitC_01/materials/textures/aws_DeskPortraitC_01.png\n'}
[0.136403] (bopt_description) StdoutLine: {'line': b'-- Up-to-date symlink: /home/jkw/bopt_ws/install/bopt_description/share/bopt_description/models/aws_robomaker_residential_DeskPortraitC_01/materials/textures/aws_DeskPortraitC_02.png\n'}
[0.136431] (bopt_description) StdoutLine: {'line': b'-- Up-to-date symlink: /home/jkw/bopt_ws/install/bopt_description/share/bopt_description/models/aws_robomaker_residential_DeskPortraitC_01/meshes/aws_DeskPortraitC_01_collision.DAE\n'}
[0.136460] (bopt_description) StdoutLine: {'line': b'-- Up-to-date symlink: /home/jkw/bopt_ws/install/bopt_description/share/bopt_description/models/aws_robomaker_residential_DeskPortraitC_01/meshes/aws_DeskPortraitC_01_visual.DAE\n'}
[0.136488] (bopt_description) StdoutLine: {'line': b'-- Up-to-date symlink: /home/jkw/bopt_ws/install/bopt_description/share/bopt_description/models/aws_robomaker_residential_DeskPortraitC_01/model.config\n'}
[0.136517] (bopt_description) StdoutLine: {'line': b'-- Up-to-date symlink: /home/jkw/bopt_ws/install/bopt_description/share/bopt_description/models/aws_robomaker_residential_DeskPortraitC_01/model.sdf\n'}
[0.136547] (bopt_description) StdoutLine: {'line': b'-- Up-to-date symlink: /home/jkw/bopt_ws/install/bopt_description/share/bopt_description/models/aws_robomaker_residential_DeskPortraitC_02/materials/textures/aws_DeskPortraitC_01.png\n'}
[0.136576] (bopt_description) StdoutLine: {'line': b'-- Up-to-date symlink: /home/jkw/bopt_ws/install/bopt_description/share/bopt_description/models/aws_robomaker_residential_DeskPortraitC_02/materials/textures/aws_DeskPortraitC_02.png\n'}
[0.136605] (bopt_description) StdoutLine: {'line': b'-- Up-to-date symlink: /home/jkw/bopt_ws/install/bopt_description/share/bopt_description/models/aws_robomaker_residential_DeskPortraitC_02/meshes/aws_DeskPortraitC_01_collision.DAE\n'}
[0.136634] (bopt_description) StdoutLine: {'line': b'-- Up-to-date symlink: /home/jkw/bopt_ws/install/bopt_description/share/bopt_description/models/aws_robomaker_residential_DeskPortraitC_02/meshes/aws_DeskPortraitC_01_visual.DAE\n'}
[0.136662] (bopt_description) StdoutLine: {'line': b'-- Up-to-date symlink: /home/jkw/bopt_ws/install/bopt_description/share/bopt_description/models/aws_robomaker_residential_DeskPortraitC_02/model.config\n'}
[0.136690] (bopt_description) StdoutLine: {'line': b'-- Up-to-date symlink: /home/jkw/bopt_ws/install/bopt_description/share/bopt_description/models/aws_robomaker_residential_DeskPortraitC_02/model.sdf\n'}
[0.136720] (bopt_description) StdoutLine: {'line': b'-- Up-to-date symlink: /home/jkw/bopt_ws/install/bopt_description/share/bopt_description/models/aws_robomaker_residential_DeskPortraitD_01/materials/textures/aws_DeskPortraitD_01.png\n'}
[0.136749] (bopt_description) StdoutLine: {'line': b'-- Up-to-date symlink: /home/jkw/bopt_ws/install/bopt_description/share/bopt_description/models/aws_robomaker_residential_DeskPortraitD_01/materials/textures/aws_DeskPortraitD_02.png\n'}
[0.136778] (bopt_description) StdoutLine: {'line': b'-- Up-to-date symlink: /home/jkw/bopt_ws/install/bopt_description/share/bopt_description/models/aws_robomaker_residential_DeskPortraitD_01/meshes/aws_DeskPortraitD_01_collision.DAE\n'}
[0.136806] (bopt_description) StdoutLine: {'line': b'-- Up-to-date symlink: /home/jkw/bopt_ws/install/bopt_description/share/bopt_description/models/aws_robomaker_residential_DeskPortraitD_01/meshes/aws_DeskPortraitD_01_visual.DAE\n'}
[0.136834] (bopt_description) StdoutLine: {'line': b'-- Up-to-date symlink: /home/jkw/bopt_ws/install/bopt_description/share/bopt_description/models/aws_robomaker_residential_DeskPortraitD_01/model.config\n'}
[0.136861] (bopt_description) StdoutLine: {'line': b'-- Up-to-date symlink: /home/jkw/bopt_ws/install/bopt_description/share/bopt_description/models/aws_robomaker_residential_DeskPortraitD_01/model.sdf\n'}
[0.136892] (bopt_description) StdoutLine: {'line': b'-- Up-to-date symlink: /home/jkw/bopt_ws/install/bopt_description/share/bopt_description/models/aws_robomaker_residential_DeskPortraitD_02/materials/textures/aws_DeskPortraitD_01.png\n'}
[0.136921] (bopt_description) StdoutLine: {'line': b'-- Up-to-date symlink: /home/jkw/bopt_ws/install/bopt_description/share/bopt_description/models/aws_robomaker_residential_DeskPortraitD_02/materials/textures/aws_DeskPortraitD_02.png\n'}
[0.136949] (bopt_description) StdoutLine: {'line': b'-- Up-to-date symlink: /home/jkw/bopt_ws/install/bopt_description/share/bopt_description/models/aws_robomaker_residential_DeskPortraitD_02/meshes/aws_DeskPortraitD_01_collision.DAE\n'}
[0.136977] (bopt_description) StdoutLine: {'line': b'-- Up-to-date symlink: /home/jkw/bopt_ws/install/bopt_description/share/bopt_description/models/aws_robomaker_residential_DeskPortraitD_02/meshes/aws_DeskPortraitD_01_visual.DAE\n'}
[0.137004] (bopt_description) StdoutLine: {'line': b'-- Up-to-date symlink: /home/jkw/bopt_ws/install/bopt_description/share/bopt_description/models/aws_robomaker_residential_DeskPortraitD_02/model.config\n'}
[0.137030] (bopt_description) StdoutLine: {'line': b'-- Up-to-date symlink: /home/jkw/bopt_ws/install/bopt_description/share/bopt_description/models/aws_robomaker_residential_DeskPortraitD_02/model.sdf\n'}
[0.137061] (bopt_description) StdoutLine: {'line': b'-- Up-to-date symlink: /home/jkw/bopt_ws/install/bopt_description/share/bopt_description/models/aws_robomaker_residential_DeskPortraitD_03/materials/textures/aws_DeskPortraitD_01.png\n'}
[0.137088] (bopt_description) StdoutLine: {'line': b'-- Up-to-date symlink: /home/jkw/bopt_ws/install/bopt_description/share/bopt_description/models/aws_robomaker_residential_DeskPortraitD_03/materials/textures/aws_DeskPortraitD_02.png\n'}
[0.137129] (bopt_description) StdoutLine: {'line': b'-- Up-to-date symlink: /home/jkw/bopt_ws/install/bopt_description/share/bopt_description/models/aws_robomaker_residential_DeskPortraitD_03/meshes/aws_DeskPortraitD_01_collision.DAE\n'}
[0.137153] (bopt_description) StdoutLine: {'line': b'-- Up-to-date symlink: /home/jkw/bopt_ws/install/bopt_description/share/bopt_description/models/aws_robomaker_residential_DeskPortraitD_03/meshes/aws_DeskPortraitD_01_visual.DAE\n'}
[0.137173] (bopt_description) StdoutLine: {'line': b'-- Up-to-date symlink: /home/jkw/bopt_ws/install/bopt_description/share/bopt_description/models/aws_robomaker_residential_DeskPortraitD_03/model.config\n'}
[0.137198] (bopt_description) StdoutLine: {'line': b'-- Up-to-date symlink: /home/jkw/bopt_ws/install/bopt_description/share/bopt_description/models/aws_robomaker_residential_DeskPortraitD_03/model.sdf\n'}
[0.137227] (bopt_description) StdoutLine: {'line': b'-- Up-to-date symlink: /home/jkw/bopt_ws/install/bopt_description/share/bopt_description/models/aws_robomaker_residential_DeskPortraitD_04/materials/textures/aws_DeskPortraitD_01.png\n'}
[0.137255] (bopt_description) StdoutLine: {'line': b'-- Up-to-date symlink: /home/jkw/bopt_ws/install/bopt_description/share/bopt_description/models/aws_robomaker_residential_DeskPortraitD_04/materials/textures/aws_DeskPortraitD_02.png\n'}
[0.137286] (bopt_description) StdoutLine: {'line': b'-- Up-to-date symlink: /home/jkw/bopt_ws/install/bopt_description/share/bopt_description/models/aws_robomaker_residential_DeskPortraitD_04/meshes/aws_DeskPortraitD_01_collision.DAE\n'}
[0.137326] (bopt_description) StdoutLine: {'line': b'-- Up-to-date symlink: /home/jkw/bopt_ws/install/bopt_description/share/bopt_description/models/aws_robomaker_residential_DeskPortraitD_04/meshes/aws_DeskPortraitD_01_visual.DAE\n'}
[0.137353] (bopt_description) StdoutLine: {'line': b'-- Up-to-date symlink: /home/jkw/bopt_ws/install/bopt_description/share/bopt_description/models/aws_robomaker_residential_DeskPortraitD_04/model.config\n'}
[0.137380] (bopt_description) StdoutLine: {'line': b'-- Up-to-date symlink: /home/jkw/bopt_ws/install/bopt_description/share/bopt_description/models/aws_robomaker_residential_DeskPortraitD_04/model.sdf\n'}
[0.137410] (bopt_description) StdoutLine: {'line': b'-- Up-to-date symlink: /home/jkw/bopt_ws/install/bopt_description/share/bopt_description/models/aws_robomaker_residential_Door_01/materials/textures/aws_Door_01.png\n'}
[0.137438] (bopt_description) StdoutLine: {'line': b'-- Up-to-date symlink: /home/jkw/bopt_ws/install/bopt_description/share/bopt_description/models/aws_robomaker_residential_Door_01/meshes/aws_Door_01_collision.DAE\n'}
[0.137465] (bopt_description) StdoutLine: {'line': b'-- Up-to-date symlink: /home/jkw/bopt_ws/install/bopt_description/share/bopt_description/models/aws_robomaker_residential_Door_01/meshes/aws_Door_01_visual.DAE\n'}
[0.137493] (bopt_description) StdoutLine: {'line': b'-- Up-to-date symlink: /home/jkw/bopt_ws/install/bopt_description/share/bopt_description/models/aws_robomaker_residential_Door_01/model.config\n'}
[0.137519] (bopt_description) StdoutLine: {'line': b'-- Up-to-date symlink: /home/jkw/bopt_ws/install/bopt_description/share/bopt_description/models/aws_robomaker_residential_Door_01/model.sdf\n'}
[0.137549] (bopt_description) StdoutLine: {'line': b'-- Up-to-date symlink: /home/jkw/bopt_ws/install/bopt_description/share/bopt_description/models/aws_robomaker_residential_Dumbbell_01/materials/textures/aws_Dumbbell_01.png\n'}
[0.137578] (bopt_description) StdoutLine: {'line': b'-- Up-to-date symlink: /home/jkw/bopt_ws/install/bopt_description/share/bopt_description/models/aws_robomaker_residential_Dumbbell_01/meshes/aws_Dumbbell_01_collision.DAE\n'}
[0.137606] (bopt_description) StdoutLine: {'line': b'-- Up-to-date symlink: /home/jkw/bopt_ws/install/bopt_description/share/bopt_description/models/aws_robomaker_residential_Dumbbell_01/meshes/aws_Dumbbell_01_visual.DAE\n'}
[0.137633] (bopt_description) StdoutLine: {'line': b'-- Up-to-date symlink: /home/jkw/bopt_ws/install/bopt_description/share/bopt_description/models/aws_robomaker_residential_Dumbbell_01/model.config\n'}
[0.137660] (bopt_description) StdoutLine: {'line': b'-- Up-to-date symlink: /home/jkw/bopt_ws/install/bopt_description/share/bopt_description/models/aws_robomaker_residential_Dumbbell_01/model.sdf\n'}
[0.137690] (bopt_description) StdoutLine: {'line': b'-- Up-to-date symlink: /home/jkw/bopt_ws/install/bopt_description/share/bopt_description/models/aws_robomaker_residential_FitnessEquipment_01/materials/textures/aws_FitnessEquipment_01.png\n'}
[0.137719] (bopt_description) StdoutLine: {'line': b'-- Up-to-date symlink: /home/jkw/bopt_ws/install/bopt_description/share/bopt_description/models/aws_robomaker_residential_FitnessEquipment_01/meshes/aws_FitnessEquipment_01_collision.DAE\n'}
[0.137747] (bopt_description) StdoutLine: {'line': b'-- Up-to-date symlink: /home/jkw/bopt_ws/install/bopt_description/share/bopt_description/models/aws_robomaker_residential_FitnessEquipment_01/meshes/aws_FitnessEquipment_01_visual.DAE\n'}
[0.137774] (bopt_description) StdoutLine: {'line': b'-- Up-to-date symlink: /home/jkw/bopt_ws/install/bopt_description/share/bopt_description/models/aws_robomaker_residential_FitnessEquipment_01/model.config\n'}
[0.137801] (bopt_description) StdoutLine: {'line': b'-- Up-to-date symlink: /home/jkw/bopt_ws/install/bopt_description/share/bopt_description/models/aws_robomaker_residential_FitnessEquipment_01/model.sdf\n'}
[0.137830] (bopt_description) StdoutLine: {'line': b'-- Up-to-date symlink: /home/jkw/bopt_ws/install/bopt_description/share/bopt_description/models/aws_robomaker_residential_FloorB_01/materials/textures/aws_FloorB_01.png\n'}
[0.137858] (bopt_description) StdoutLine: {'line': b'-- Up-to-date symlink: /home/jkw/bopt_ws/install/bopt_description/share/bopt_description/models/aws_robomaker_residential_FloorB_01/meshes/aws_FloorB_01_collision.DAE\n'}
[0.137885] (bopt_description) StdoutLine: {'line': b'-- Up-to-date symlink: /home/jkw/bopt_ws/install/bopt_description/share/bopt_description/models/aws_robomaker_residential_FloorB_01/meshes/aws_FloorB_01_visual.DAE\n'}
[0.137913] (bopt_description) StdoutLine: {'line': b'-- Up-to-date symlink: /home/jkw/bopt_ws/install/bopt_description/share/bopt_description/models/aws_robomaker_residential_FloorB_01/model.config\n'}
[0.137940] (bopt_description) StdoutLine: {'line': b'-- Up-to-date symlink: /home/jkw/bopt_ws/install/bopt_description/share/bopt_description/models/aws_robomaker_residential_FloorB_01/model.sdf\n'}
[0.137970] (bopt_description) StdoutLine: {'line': b'-- Up-to-date symlink: /home/jkw/bopt_ws/install/bopt_description/share/bopt_description/models/aws_robomaker_residential_FoldingDoor_01/materials/textures/aws_FoldingDoor_01.png\n'}
[0.137998] (bopt_description) StdoutLine: {'line': b'-- Up-to-date symlink: /home/jkw/bopt_ws/install/bopt_description/share/bopt_description/models/aws_robomaker_residential_FoldingDoor_01/meshes/aws_FoldingDoor_01_collision.DAE\n'}
[0.138026] (bopt_description) StdoutLine: {'line': b'-- Up-to-date symlink: /home/jkw/bopt_ws/install/bopt_description/share/bopt_description/models/aws_robomaker_residential_FoldingDoor_01/meshes/aws_FoldingDoor_01_visual.DAE\n'}
[0.138053] (bopt_description) StdoutLine: {'line': b'-- Up-to-date symlink: /home/jkw/bopt_ws/install/bopt_description/share/bopt_description/models/aws_robomaker_residential_FoldingDoor_01/model.config\n'}
[0.138080] (bopt_description) StdoutLine: {'line': b'-- Up-to-date symlink: /home/jkw/bopt_ws/install/bopt_description/share/bopt_description/models/aws_robomaker_residential_FoldingDoor_01/model.sdf\n'}
[0.138109] (bopt_description) StdoutLine: {'line': b'-- Up-to-date symlink: /home/jkw/bopt_ws/install/bopt_description/share/bopt_description/models/aws_robomaker_residential_FoldingDoor_02/materials/textures/aws_FoldingDoor_02.png\n'}
[0.138138] (bopt_description) StdoutLine: {'line': b'-- Up-to-date symlink: /home/jkw/bopt_ws/install/bopt_description/share/bopt_description/models/aws_robomaker_residential_FoldingDoor_02/meshes/aws_FoldingDoor_02_collision.DAE\n'}
[0.138166] (bopt_description) StdoutLine: {'line': b'-- Up-to-date symlink: /home/jkw/bopt_ws/install/bopt_description/share/bopt_description/models/aws_robomaker_residential_FoldingDoor_02/meshes/aws_FoldingDoor_02_visual.DAE\n'}
[0.138193] (bopt_description) StdoutLine: {'line': b'-- Up-to-date symlink: /home/jkw/bopt_ws/install/bopt_description/share/bopt_description/models/aws_robomaker_residential_FoldingDoor_02/model.config\n'}
[0.138219] (bopt_description) StdoutLine: {'line': b'-- Up-to-date symlink: /home/jkw/bopt_ws/install/bopt_description/share/bopt_description/models/aws_robomaker_residential_FoldingDoor_02/model.sdf\n'}
[0.138248] (bopt_description) StdoutLine: {'line': b'-- Up-to-date symlink: /home/jkw/bopt_ws/install/bopt_description/share/bopt_description/models/aws_robomaker_residential_Handle_01/materials/textures/aws_Handle_01.png\n'}
[0.138277] (bopt_description) StdoutLine: {'line': b'-- Up-to-date symlink: /home/jkw/bopt_ws/install/bopt_description/share/bopt_description/models/aws_robomaker_residential_Handle_01/meshes/aws_ handle_01_collision.DAE\n'}
[0.138316] (bopt_description) StdoutLine: {'line': b'-- Up-to-date symlink: /home/jkw/bopt_ws/install/bopt_description/share/bopt_description/models/aws_robomaker_residential_Handle_01/meshes/aws_Handle_01_collision.DAE\n'}
[0.138345] (bopt_description) StdoutLine: {'line': b'-- Up-to-date symlink: /home/jkw/bopt_ws/install/bopt_description/share/bopt_description/models/aws_robomaker_residential_Handle_01/meshes/aws_Handle_01_visual.DAE\n'}
[0.138372] (bopt_description) StdoutLine: {'line': b'-- Up-to-date symlink: /home/jkw/bopt_ws/install/bopt_description/share/bopt_description/models/aws_robomaker_residential_Handle_01/model.config\n'}
[0.138397] (bopt_description) StdoutLine: {'line': b'-- Up-to-date symlink: /home/jkw/bopt_ws/install/bopt_description/share/bopt_description/models/aws_robomaker_residential_Handle_01/model.sdf\n'}
[0.138427] (bopt_description) StdoutLine: {'line': b'-- Up-to-date symlink: /home/jkw/bopt_ws/install/bopt_description/share/bopt_description/models/aws_robomaker_residential_HouseWallB_01/materials/textures/aws_HouseWallB_01.png\n'}
[0.138455] (bopt_description) StdoutLine: {'line': b'-- Up-to-date symlink: /home/jkw/bopt_ws/install/bopt_description/share/bopt_description/models/aws_robomaker_residential_HouseWallB_01/meshes/aws_HouseWallB_01_collision.DAE\n'}
[0.138483] (bopt_description) StdoutLine: {'line': b'-- Up-to-date symlink: /home/jkw/bopt_ws/install/bopt_description/share/bopt_description/models/aws_robomaker_residential_HouseWallB_01/meshes/aws_HouseWallB_01_visual.DAE\n'}
[0.138510] (bopt_description) StdoutLine: {'line': b'-- Up-to-date symlink: /home/jkw/bopt_ws/install/bopt_description/share/bopt_description/models/aws_robomaker_residential_HouseWallB_01/model.config\n'}
[0.138536] (bopt_description) StdoutLine: {'line': b'-- Up-to-date symlink: /home/jkw/bopt_ws/install/bopt_description/share/bopt_description/models/aws_robomaker_residential_HouseWallB_01/model.sdf\n'}
[0.138566] (bopt_description) StdoutLine: {'line': b'-- Up-to-date symlink: /home/jkw/bopt_ws/install/bopt_description/share/bopt_description/models/aws_robomaker_residential_KitchenCabinet_01/materials/textures/aws_KitchenCabinet_01.png\n'}
[0.138595] (bopt_description) StdoutLine: {'line': b'-- Up-to-date symlink: /home/jkw/bopt_ws/install/bopt_description/share/bopt_description/models/aws_robomaker_residential_KitchenCabinet_01/meshes/aws_KitchenCabinet_01_collision.DAE\n'}
[0.138623] (bopt_description) StdoutLine: {'line': b'-- Up-to-date symlink: /home/jkw/bopt_ws/install/bopt_description/share/bopt_description/models/aws_robomaker_residential_KitchenCabinet_01/meshes/aws_KitchenCabinet_01_visual.DAE\n'}
[0.138650] (bopt_description) StdoutLine: {'line': b'-- Up-to-date symlink: /home/jkw/bopt_ws/install/bopt_description/share/bopt_description/models/aws_robomaker_residential_KitchenCabinet_01/model.config\n'}
[0.138676] (bopt_description) StdoutLine: {'line': b'-- Up-to-date symlink: /home/jkw/bopt_ws/install/bopt_description/share/bopt_description/models/aws_robomaker_residential_KitchenCabinet_01/model.sdf\n'}
[0.138706] (bopt_description) StdoutLine: {'line': b'-- Up-to-date symlink: /home/jkw/bopt_ws/install/bopt_description/share/bopt_description/models/aws_robomaker_residential_KitchenTable_01/materials/textures/aws_KitchenTable_01.png\n'}
[0.138734] (bopt_description) StdoutLine: {'line': b'-- Up-to-date symlink: /home/jkw/bopt_ws/install/bopt_description/share/bopt_description/models/aws_robomaker_residential_KitchenTable_01/meshes/aws_KitchenTable_01_collision.DAE\n'}
[0.138762] (bopt_description) StdoutLine: {'line': b'-- Up-to-date symlink: /home/jkw/bopt_ws/install/bopt_description/share/bopt_description/models/aws_robomaker_residential_KitchenTable_01/meshes/aws_KitchenTable_01_visual.DAE\n'}
[0.138789] (bopt_description) StdoutLine: {'line': b'-- Up-to-date symlink: /home/jkw/bopt_ws/install/bopt_description/share/bopt_description/models/aws_robomaker_residential_KitchenTable_01/model.config\n'}
[0.138816] (bopt_description) StdoutLine: {'line': b'-- Up-to-date symlink: /home/jkw/bopt_ws/install/bopt_description/share/bopt_description/models/aws_robomaker_residential_KitchenTable_01/model.sdf\n'}
[0.138846] (bopt_description) StdoutLine: {'line': b'-- Up-to-date symlink: /home/jkw/bopt_ws/install/bopt_description/share/bopt_description/models/aws_robomaker_residential_KitchenUtensils_01/materials/textures/aws_KitchenUtensils_01.png\n'}
[0.138875] (bopt_description) StdoutLine: {'line': b'-- Up-to-date symlink: /home/jkw/bopt_ws/install/bopt_description/share/bopt_description/models/aws_robomaker_residential_KitchenUtensils_01/meshes/aws_KitchenUtensils_01_collision.DAE\n'}
[0.138903] (bopt_description) StdoutLine: {'line': b'-- Up-to-date symlink: /home/jkw/bopt_ws/install/bopt_description/share/bopt_description/models/aws_robomaker_residential_KitchenUtensils_01/meshes/aws_KitchenUtensils_01_visual.DAE\n'}
[0.138930] (bopt_description) StdoutLine: {'line': b'-- Up-to-date symlink: /home/jkw/bopt_ws/install/bopt_description/share/bopt_description/models/aws_robomaker_residential_KitchenUtensils_01/model.config\n'}
[0.138958] (bopt_description) StdoutLine: {'line': b'-- Up-to-date symlink: /home/jkw/bopt_ws/install/bopt_description/share/bopt_description/models/aws_robomaker_residential_KitchenUtensils_01/model.sdf\n'}
[0.138988] (bopt_description) StdoutLine: {'line': b'-- Up-to-date symlink: /home/jkw/bopt_ws/install/bopt_description/share/bopt_description/models/aws_robomaker_residential_LightC_01/materials/textures/aws_LightC_01.png\n'}
[0.139016] (bopt_description) StdoutLine: {'line': b'-- Up-to-date symlink: /home/jkw/bopt_ws/install/bopt_description/share/bopt_description/models/aws_robomaker_residential_LightC_01/meshes/aws_LightC_01_collision.DAE\n'}
[0.139044] (bopt_description) StdoutLine: {'line': b'-- Up-to-date symlink: /home/jkw/bopt_ws/install/bopt_description/share/bopt_description/models/aws_robomaker_residential_LightC_01/meshes/aws_LightC_01_visual.DAE\n'}
[0.139071] (bopt_description) StdoutLine: {'line': b'-- Up-to-date symlink: /home/jkw/bopt_ws/install/bopt_description/share/bopt_description/models/aws_robomaker_residential_LightC_01/model.config\n'}
[0.139098] (bopt_description) StdoutLine: {'line': b'-- Up-to-date symlink: /home/jkw/bopt_ws/install/bopt_description/share/bopt_description/models/aws_robomaker_residential_LightC_01/model.sdf\n'}
[0.139127] (bopt_description) StdoutLine: {'line': b'-- Up-to-date symlink: /home/jkw/bopt_ws/install/bopt_description/share/bopt_description/models/aws_robomaker_residential_NightStand_01/materials/textures/aws_NightStand_01.png\n'}
[0.139155] (bopt_description) StdoutLine: {'line': b'-- Up-to-date symlink: /home/jkw/bopt_ws/install/bopt_description/share/bopt_description/models/aws_robomaker_residential_NightStand_01/meshes/aws_NightStand_01_collision.DAE\n'}
[0.139182] (bopt_description) StdoutLine: {'line': b'-- Up-to-date symlink: /home/jkw/bopt_ws/install/bopt_description/share/bopt_description/models/aws_robomaker_residential_NightStand_01/meshes/aws_NightStand_01_visual.DAE\n'}
[0.139209] (bopt_description) StdoutLine: {'line': b'-- Up-to-date symlink: /home/jkw/bopt_ws/install/bopt_description/share/bopt_description/models/aws_robomaker_residential_NightStand_01/model.config\n'}
[0.139236] (bopt_description) StdoutLine: {'line': b'-- Up-to-date symlink: /home/jkw/bopt_ws/install/bopt_description/share/bopt_description/models/aws_robomaker_residential_NightStand_01/model.sdf\n'}
[0.139264] (bopt_description) StdoutLine: {'line': b'-- Up-to-date symlink: /home/jkw/bopt_ws/install/bopt_description/share/bopt_description/models/aws_robomaker_residential_Pillow_01/materials/textures/aws_Pillow_01.png\n'}
[0.139297] (bopt_description) StdoutLine: {'line': b'-- Up-to-date symlink: /home/jkw/bopt_ws/install/bopt_description/share/bopt_description/models/aws_robomaker_residential_Pillow_01/meshes/aws_Pillow_01_collision.DAE\n'}
[0.139325] (bopt_description) StdoutLine: {'line': b'-- Up-to-date symlink: /home/jkw/bopt_ws/install/bopt_description/share/bopt_description/models/aws_robomaker_residential_Pillow_01/meshes/aws_Pillow_01_visual.DAE\n'}
[0.139351] (bopt_description) StdoutLine: {'line': b'-- Up-to-date symlink: /home/jkw/bopt_ws/install/bopt_description/share/bopt_description/models/aws_robomaker_residential_Pillow_01/model.config\n'}
[0.139378] (bopt_description) StdoutLine: {'line': b'-- Up-to-date symlink: /home/jkw/bopt_ws/install/bopt_description/share/bopt_description/models/aws_robomaker_residential_Pillow_01/model.sdf\n'}
[0.139408] (bopt_description) StdoutLine: {'line': b'-- Up-to-date symlink: /home/jkw/bopt_ws/install/bopt_description/share/bopt_description/models/aws_robomaker_residential_PortraitA_01/materials/textures/aws_PortraitA_01.png\n'}
[0.139436] (bopt_description) StdoutLine: {'line': b'-- Up-to-date symlink: /home/jkw/bopt_ws/install/bopt_description/share/bopt_description/models/aws_robomaker_residential_PortraitA_01/materials/textures/aws_PortraitA_02.png\n'}
[0.139465] (bopt_description) StdoutLine: {'line': b'-- Up-to-date symlink: /home/jkw/bopt_ws/install/bopt_description/share/bopt_description/models/aws_robomaker_residential_PortraitA_01/meshes/aws_PortraitA_01_collision.DAE\n'}
[0.139493] (bopt_description) StdoutLine: {'line': b'-- Up-to-date symlink: /home/jkw/bopt_ws/install/bopt_description/share/bopt_description/models/aws_robomaker_residential_PortraitA_01/meshes/aws_PortraitA_01_visual.DAE\n'}
[0.139519] (bopt_description) StdoutLine: {'line': b'-- Up-to-date symlink: /home/jkw/bopt_ws/install/bopt_description/share/bopt_description/models/aws_robomaker_residential_PortraitA_01/model.config\n'}
[0.139545] (bopt_description) StdoutLine: {'line': b'-- Up-to-date symlink: /home/jkw/bopt_ws/install/bopt_description/share/bopt_description/models/aws_robomaker_residential_PortraitA_01/model.sdf\n'}
[0.139575] (bopt_description) StdoutLine: {'line': b'-- Up-to-date symlink: /home/jkw/bopt_ws/install/bopt_description/share/bopt_description/models/aws_robomaker_residential_PortraitA_02/materials/textures/aws_PortraitA_01.png\n'}
[0.139603] (bopt_description) StdoutLine: {'line': b'-- Up-to-date symlink: /home/jkw/bopt_ws/install/bopt_description/share/bopt_description/models/aws_robomaker_residential_PortraitA_02/materials/textures/aws_PortraitA_02.png\n'}
[0.139631] (bopt_description) StdoutLine: {'line': b'-- Up-to-date symlink: /home/jkw/bopt_ws/install/bopt_description/share/bopt_description/models/aws_robomaker_residential_PortraitA_02/meshes/aws_PortraitA_01_collision.DAE\n'}
[0.139660] (bopt_description) StdoutLine: {'line': b'-- Up-to-date symlink: /home/jkw/bopt_ws/install/bopt_description/share/bopt_description/models/aws_robomaker_residential_PortraitA_02/meshes/aws_PortraitA_01_visual.DAE\n'}
[0.139687] (bopt_description) StdoutLine: {'line': b'-- Up-to-date symlink: /home/jkw/bopt_ws/install/bopt_description/share/bopt_description/models/aws_robomaker_residential_PortraitA_02/model.config\n'}
[0.139714] (bopt_description) StdoutLine: {'line': b'-- Up-to-date symlink: /home/jkw/bopt_ws/install/bopt_description/share/bopt_description/models/aws_robomaker_residential_PortraitA_02/model.sdf\n'}
[0.139743] (bopt_description) StdoutLine: {'line': b'-- Up-to-date symlink: /home/jkw/bopt_ws/install/bopt_description/share/bopt_description/models/aws_robomaker_residential_PortraitB_01/materials/textures/aws_PortraitB_01.png\n'}
[0.139773] (bopt_description) StdoutLine: {'line': b'-- Up-to-date symlink: /home/jkw/bopt_ws/install/bopt_description/share/bopt_description/models/aws_robomaker_residential_PortraitB_01/materials/textures/aws_PortraitB_02.png\n'}
[0.139800] (bopt_description) StdoutLine: {'line': b'-- Up-to-date symlink: /home/jkw/bopt_ws/install/bopt_description/share/bopt_description/models/aws_robomaker_residential_PortraitB_01/meshes/aws_PortraitB_01_collision.DAE\n'}
[0.139828] (bopt_description) StdoutLine: {'line': b'-- Up-to-date symlink: /home/jkw/bopt_ws/install/bopt_description/share/bopt_description/models/aws_robomaker_residential_PortraitB_01/meshes/aws_PortraitB_01_visual.DAE\n'}
[0.139854] (bopt_description) StdoutLine: {'line': b'-- Up-to-date symlink: /home/jkw/bopt_ws/install/bopt_description/share/bopt_description/models/aws_robomaker_residential_PortraitB_01/model.config\n'}
[0.139880] (bopt_description) StdoutLine: {'line': b'-- Up-to-date symlink: /home/jkw/bopt_ws/install/bopt_description/share/bopt_description/models/aws_robomaker_residential_PortraitB_01/model.sdf\n'}
[0.139910] (bopt_description) StdoutLine: {'line': b'-- Up-to-date symlink: /home/jkw/bopt_ws/install/bopt_description/share/bopt_description/models/aws_robomaker_residential_PortraitB_02/materials/textures/aws_PortraitB_01.png\n'}
[0.139938] (bopt_description) StdoutLine: {'line': b'-- Up-to-date symlink: /home/jkw/bopt_ws/install/bopt_description/share/bopt_description/models/aws_robomaker_residential_PortraitB_02/materials/textures/aws_PortraitB_02.png\n'}
[0.139965] (bopt_description) StdoutLine: {'line': b'-- Up-to-date symlink: /home/jkw/bopt_ws/install/bopt_description/share/bopt_description/models/aws_robomaker_residential_PortraitB_02/meshes/aws_PortraitB_01_collision.DAE\n'}
[0.139993] (bopt_description) StdoutLine: {'line': b'-- Up-to-date symlink: /home/jkw/bopt_ws/install/bopt_description/share/bopt_description/models/aws_robomaker_residential_PortraitB_02/meshes/aws_PortraitB_01_visual.DAE\n'}
[0.140020] (bopt_description) StdoutLine: {'line': b'-- Up-to-date symlink: /home/jkw/bopt_ws/install/bopt_description/share/bopt_description/models/aws_robomaker_residential_PortraitB_02/model.config\n'}
[0.140047] (bopt_description) StdoutLine: {'line': b'-- Up-to-date symlink: /home/jkw/bopt_ws/install/bopt_description/share/bopt_description/models/aws_robomaker_residential_PortraitB_02/model.sdf\n'}
[0.140076] (bopt_description) StdoutLine: {'line': b'-- Up-to-date symlink: /home/jkw/bopt_ws/install/bopt_description/share/bopt_description/models/aws_robomaker_residential_PortraitB_03/materials/textures/aws_PortraitB_01.png\n'}
[0.140105] (bopt_description) StdoutLine: {'line': b'-- Up-to-date symlink: /home/jkw/bopt_ws/install/bopt_description/share/bopt_description/models/aws_robomaker_residential_PortraitB_03/materials/textures/aws_PortraitB_02.png\n'}
[0.140133] (bopt_description) StdoutLine: {'line': b'-- Up-to-date symlink: /home/jkw/bopt_ws/install/bopt_description/share/bopt_description/models/aws_robomaker_residential_PortraitB_03/meshes/aws_PortraitB_01_collision.DAE\n'}
[0.140161] (bopt_description) StdoutLine: {'line': b'-- Up-to-date symlink: /home/jkw/bopt_ws/install/bopt_description/share/bopt_description/models/aws_robomaker_residential_PortraitB_03/meshes/aws_PortraitB_01_visual.DAE\n'}
[0.140188] (bopt_description) StdoutLine: {'line': b'-- Up-to-date symlink: /home/jkw/bopt_ws/install/bopt_description/share/bopt_description/models/aws_robomaker_residential_PortraitB_03/model.config\n'}
[0.140215] (bopt_description) StdoutLine: {'line': b'-- Up-to-date symlink: /home/jkw/bopt_ws/install/bopt_description/share/bopt_description/models/aws_robomaker_residential_PortraitB_03/model.sdf\n'}
[0.140244] (bopt_description) StdoutLine: {'line': b'-- Up-to-date symlink: /home/jkw/bopt_ws/install/bopt_description/share/bopt_description/models/aws_robomaker_residential_PortraitC_01/materials/textures/aws_PortraitC_01.png\n'}
[0.140273] (bopt_description) StdoutLine: {'line': b'-- Up-to-date symlink: /home/jkw/bopt_ws/install/bopt_description/share/bopt_description/models/aws_robomaker_residential_PortraitC_01/materials/textures/aws_PortraitC_02.png\n'}
[0.140312] (bopt_description) StdoutLine: {'line': b'-- Up-to-date symlink: /home/jkw/bopt_ws/install/bopt_description/share/bopt_description/models/aws_robomaker_residential_PortraitC_01/meshes/aws_PortraitC_01_collision.DAE\n'}
[0.140341] (bopt_description) StdoutLine: {'line': b'-- Up-to-date symlink: /home/jkw/bopt_ws/install/bopt_description/share/bopt_description/models/aws_robomaker_residential_PortraitC_01/meshes/aws_PortraitC_01_visual.DAE\n'}
[0.140368] (bopt_description) StdoutLine: {'line': b'-- Up-to-date symlink: /home/jkw/bopt_ws/install/bopt_description/share/bopt_description/models/aws_robomaker_residential_PortraitC_01/model.config\n'}
[0.140393] (bopt_description) StdoutLine: {'line': b'-- Up-to-date symlink: /home/jkw/bopt_ws/install/bopt_description/share/bopt_description/models/aws_robomaker_residential_PortraitC_01/model.sdf\n'}
[0.140422] (bopt_description) StdoutLine: {'line': b'-- Up-to-date symlink: /home/jkw/bopt_ws/install/bopt_description/share/bopt_description/models/aws_robomaker_residential_PortraitD_01/materials/textures/aws_PortraitD_01.png\n'}
[0.140451] (bopt_description) StdoutLine: {'line': b'-- Up-to-date symlink: /home/jkw/bopt_ws/install/bopt_description/share/bopt_description/models/aws_robomaker_residential_PortraitD_01/materials/textures/aws_PortraitD_02.png\n'}
[0.140479] (bopt_description) StdoutLine: {'line': b'-- Up-to-date symlink: /home/jkw/bopt_ws/install/bopt_description/share/bopt_description/models/aws_robomaker_residential_PortraitD_01/meshes/aws_PortraitD_01_collision.DAE\n'}
[0.140506] (bopt_description) StdoutLine: {'line': b'-- Up-to-date symlink: /home/jkw/bopt_ws/install/bopt_description/share/bopt_description/models/aws_robomaker_residential_PortraitD_01/meshes/aws_PortraitD_01_visual.DAE\n'}
[0.140533] (bopt_description) StdoutLine: {'line': b'-- Up-to-date symlink: /home/jkw/bopt_ws/install/bopt_description/share/bopt_description/models/aws_robomaker_residential_PortraitD_01/model.config\n'}
[0.140559] (bopt_description) StdoutLine: {'line': b'-- Up-to-date symlink: /home/jkw/bopt_ws/install/bopt_description/share/bopt_description/models/aws_robomaker_residential_PortraitD_01/model.sdf\n'}
[0.140589] (bopt_description) StdoutLine: {'line': b'-- Up-to-date symlink: /home/jkw/bopt_ws/install/bopt_description/share/bopt_description/models/aws_robomaker_residential_PortraitD_02/materials/textures/aws_PortraitD_01.png\n'}
[0.140616] (bopt_description) StdoutLine: {'line': b'-- Up-to-date symlink: /home/jkw/bopt_ws/install/bopt_description/share/bopt_description/models/aws_robomaker_residential_PortraitD_02/materials/textures/aws_PortraitD_02.png\n'}
[0.140645] (bopt_description) StdoutLine: {'line': b'-- Up-to-date symlink: /home/jkw/bopt_ws/install/bopt_description/share/bopt_description/models/aws_robomaker_residential_PortraitD_02/meshes/aws_PortraitD_01_collision.DAE\n'}
[0.140672] (bopt_description) StdoutLine: {'line': b'-- Up-to-date symlink: /home/jkw/bopt_ws/install/bopt_description/share/bopt_description/models/aws_robomaker_residential_PortraitD_02/meshes/aws_PortraitD_01_visual.DAE\n'}
[0.140699] (bopt_description) StdoutLine: {'line': b'-- Up-to-date symlink: /home/jkw/bopt_ws/install/bopt_description/share/bopt_description/models/aws_robomaker_residential_PortraitD_02/model.config\n'}
[0.140725] (bopt_description) StdoutLine: {'line': b'-- Up-to-date symlink: /home/jkw/bopt_ws/install/bopt_description/share/bopt_description/models/aws_robomaker_residential_PortraitD_02/model.sdf\n'}
[0.140754] (bopt_description) StdoutLine: {'line': b'-- Up-to-date symlink: /home/jkw/bopt_ws/install/bopt_description/share/bopt_description/models/aws_robomaker_residential_PortraitE_01/materials/textures/aws_PortraitE_01.png\n'}
[0.140782] (bopt_description) StdoutLine: {'line': b'-- Up-to-date symlink: /home/jkw/bopt_ws/install/bopt_description/share/bopt_description/models/aws_robomaker_residential_PortraitE_01/materials/textures/aws_PortraitE_02.png\n'}
[0.140810] (bopt_description) StdoutLine: {'line': b'-- Up-to-date symlink: /home/jkw/bopt_ws/install/bopt_description/share/bopt_description/models/aws_robomaker_residential_PortraitE_01/meshes/aws_PortraitE_01_collision.DAE\n'}
[0.140837] (bopt_description) StdoutLine: {'line': b'-- Up-to-date symlink: /home/jkw/bopt_ws/install/bopt_description/share/bopt_description/models/aws_robomaker_residential_PortraitE_01/meshes/aws_PortraitE_01_visual.DAE\n'}
[0.140863] (bopt_description) StdoutLine: {'line': b'-- Up-to-date symlink: /home/jkw/bopt_ws/install/bopt_description/share/bopt_description/models/aws_robomaker_residential_PortraitE_01/model.config\n'}
[0.140890] (bopt_description) StdoutLine: {'line': b'-- Up-to-date symlink: /home/jkw/bopt_ws/install/bopt_description/share/bopt_description/models/aws_robomaker_residential_PortraitE_01/model.sdf\n'}
[0.140919] (bopt_description) StdoutLine: {'line': b'-- Up-to-date symlink: /home/jkw/bopt_ws/install/bopt_description/share/bopt_description/models/aws_robomaker_residential_PortraitE_02/materials/textures/aws_PortraitE_01.png\n'}
[0.140947] (bopt_description) StdoutLine: {'line': b'-- Up-to-date symlink: /home/jkw/bopt_ws/install/bopt_description/share/bopt_description/models/aws_robomaker_residential_PortraitE_02/materials/textures/aws_PortraitE_02.png\n'}
[0.140975] (bopt_description) StdoutLine: {'line': b'-- Up-to-date symlink: /home/jkw/bopt_ws/install/bopt_description/share/bopt_description/models/aws_robomaker_residential_PortraitE_02/meshes/aws_PortraitE_01_collision.DAE\n'}
[0.141003] (bopt_description) StdoutLine: {'line': b'-- Up-to-date symlink: /home/jkw/bopt_ws/install/bopt_description/share/bopt_description/models/aws_robomaker_residential_PortraitE_02/meshes/aws_PortraitE_01_visual.DAE\n'}
[0.141029] (bopt_description) StdoutLine: {'line': b'-- Up-to-date symlink: /home/jkw/bopt_ws/install/bopt_description/share/bopt_description/models/aws_robomaker_residential_PortraitE_02/model.config\n'}
[0.141056] (bopt_description) StdoutLine: {'line': b'-- Up-to-date symlink: /home/jkw/bopt_ws/install/bopt_description/share/bopt_description/models/aws_robomaker_residential_PortraitE_02/model.sdf\n'}
[0.141085] (bopt_description) StdoutLine: {'line': b'-- Up-to-date symlink: /home/jkw/bopt_ws/install/bopt_description/share/bopt_description/models/aws_robomaker_residential_Quilt_01/materials/textures/aws_Quilt_01.png\n'}
[0.141113] (bopt_description) StdoutLine: {'line': b'-- Up-to-date symlink: /home/jkw/bopt_ws/install/bopt_description/share/bopt_description/models/aws_robomaker_residential_Quilt_01/meshes/aws_Quilt_01_collision.DAE\n'}
[0.141141] (bopt_description) StdoutLine: {'line': b'-- Up-to-date symlink: /home/jkw/bopt_ws/install/bopt_description/share/bopt_description/models/aws_robomaker_residential_Quilt_01/meshes/aws_Quilt_01_visual.DAE\n'}
[0.141167] (bopt_description) StdoutLine: {'line': b'-- Up-to-date symlink: /home/jkw/bopt_ws/install/bopt_description/share/bopt_description/models/aws_robomaker_residential_Quilt_01/model.config\n'}
[0.141194] (bopt_description) StdoutLine: {'line': b'-- Up-to-date symlink: /home/jkw/bopt_ws/install/bopt_description/share/bopt_description/models/aws_robomaker_residential_Quilt_01/model.sdf\n'}
[0.141223] (bopt_description) StdoutLine: {'line': b'-- Up-to-date symlink: /home/jkw/bopt_ws/install/bopt_description/share/bopt_description/models/aws_robomaker_residential_Rangehood_01/materials/textures/aws_Rangehood_01.png\n'}
[0.141251] (bopt_description) StdoutLine: {'line': b'-- Up-to-date symlink: /home/jkw/bopt_ws/install/bopt_description/share/bopt_description/models/aws_robomaker_residential_Rangehood_01/meshes/aws_Rangehood_01_collision.DAE\n'}
[0.141279] (bopt_description) StdoutLine: {'line': b'-- Up-to-date symlink: /home/jkw/bopt_ws/install/bopt_description/share/bopt_description/models/aws_robomaker_residential_Rangehood_01/meshes/aws_Rangehood_01_visual.DAE\n'}
[0.141316] (bopt_description) StdoutLine: {'line': b'-- Up-to-date symlink: /home/jkw/bopt_ws/install/bopt_description/share/bopt_description/models/aws_robomaker_residential_Rangehood_01/model.config\n'}
[0.141342] (bopt_description) StdoutLine: {'line': b'-- Up-to-date symlink: /home/jkw/bopt_ws/install/bopt_description/share/bopt_description/models/aws_robomaker_residential_Rangehood_01/model.sdf\n'}
[0.141372] (bopt_description) StdoutLine: {'line': b'-- Up-to-date symlink: /home/jkw/bopt_ws/install/bopt_description/share/bopt_description/models/aws_robomaker_residential_ReadingDesk_01/materials/textures/aws_ReadingDesk_01.png\n'}
[0.141402] (bopt_description) StdoutLine: {'line': b'-- Up-to-date symlink: /home/jkw/bopt_ws/install/bopt_description/share/bopt_description/models/aws_robomaker_residential_ReadingDesk_01/meshes/aws_ReadingDesk_01_collision.DAE\n'}
[0.141429] (bopt_description) StdoutLine: {'line': b'-- Up-to-date symlink: /home/jkw/bopt_ws/install/bopt_description/share/bopt_description/models/aws_robomaker_residential_ReadingDesk_01/meshes/aws_ReadingDesk_01_visual.DAE\n'}
[0.141456] (bopt_description) StdoutLine: {'line': b'-- Up-to-date symlink: /home/jkw/bopt_ws/install/bopt_description/share/bopt_description/models/aws_robomaker_residential_ReadingDesk_01/model.config\n'}
[0.141482] (bopt_description) StdoutLine: {'line': b'-- Up-to-date symlink: /home/jkw/bopt_ws/install/bopt_description/share/bopt_description/models/aws_robomaker_residential_ReadingDesk_01/model.sdf\n'}
[0.141512] (bopt_description) StdoutLine: {'line': b'-- Up-to-date symlink: /home/jkw/bopt_ws/install/bopt_description/share/bopt_description/models/aws_robomaker_residential_Refrigerator_01/materials/textures/aws_Refrigerator_01.png\n'}
[0.141541] (bopt_description) StdoutLine: {'line': b'-- Up-to-date symlink: /home/jkw/bopt_ws/install/bopt_description/share/bopt_description/models/aws_robomaker_residential_Refrigerator_01/materials/textures/aws_Refrigerator_02.png\n'}
[0.141569] (bopt_description) StdoutLine: {'line': b'-- Up-to-date symlink: /home/jkw/bopt_ws/install/bopt_description/share/bopt_description/models/aws_robomaker_residential_Refrigerator_01/meshes/aws_Refrigerator_01.DAE\n'}
[0.141597] (bopt_description) StdoutLine: {'line': b'-- Up-to-date symlink: /home/jkw/bopt_ws/install/bopt_description/share/bopt_description/models/aws_robomaker_residential_Refrigerator_01/meshes/aws_Refrigerator_01_collision.DAE\n'}
[0.141624] (bopt_description) StdoutLine: {'line': b'-- Up-to-date symlink: /home/jkw/bopt_ws/install/bopt_description/share/bopt_description/models/aws_robomaker_residential_Refrigerator_01/meshes/aws_Refrigerator_01_visual.DAE\n'}
[0.141651] (bopt_description) StdoutLine: {'line': b'-- Up-to-date symlink: /home/jkw/bopt_ws/install/bopt_description/share/bopt_description/models/aws_robomaker_residential_Refrigerator_01/model.config\n'}
[0.141678] (bopt_description) StdoutLine: {'line': b'-- Up-to-date symlink: /home/jkw/bopt_ws/install/bopt_description/share/bopt_description/models/aws_robomaker_residential_Refrigerator_01/model.sdf\n'}
[0.141707] (bopt_description) StdoutLine: {'line': b'-- Up-to-date symlink: /home/jkw/bopt_ws/install/bopt_description/share/bopt_description/models/aws_robomaker_residential_RoomCeiling_01/materials/textures/aws_RoomCeiling_01.png\n'}
[0.141735] (bopt_description) StdoutLine: {'line': b'-- Up-to-date symlink: /home/jkw/bopt_ws/install/bopt_description/share/bopt_description/models/aws_robomaker_residential_RoomCeiling_01/meshes/aws_RoomCeiling_01_collision.DAE\n'}
[0.141762] (bopt_description) StdoutLine: {'line': b'-- Up-to-date symlink: /home/jkw/bopt_ws/install/bopt_description/share/bopt_description/models/aws_robomaker_residential_RoomCeiling_01/meshes/aws_RoomCeiling_01_visual.DAE\n'}
[0.141789] (bopt_description) StdoutLine: {'line': b'-- Up-to-date symlink: /home/jkw/bopt_ws/install/bopt_description/share/bopt_description/models/aws_robomaker_residential_RoomCeiling_01/model.config\n'}
[0.141815] (bopt_description) StdoutLine: {'line': b'-- Up-to-date symlink: /home/jkw/bopt_ws/install/bopt_description/share/bopt_description/models/aws_robomaker_residential_RoomCeiling_01/model.sdf\n'}
[0.141845] (bopt_description) StdoutLine: {'line': b'-- Up-to-date symlink: /home/jkw/bopt_ws/install/bopt_description/share/bopt_description/models/aws_robomaker_residential_RoomWall_01/materials/textures/aws_RoomWall_01.png\n'}
[0.141872] (bopt_description) StdoutLine: {'line': b'-- Up-to-date symlink: /home/jkw/bopt_ws/install/bopt_description/share/bopt_description/models/aws_robomaker_residential_RoomWall_01/meshes/aws_RoomWall_01_collision.DAE\n'}
[0.141901] (bopt_description) StdoutLine: {'line': b'-- Up-to-date symlink: /home/jkw/bopt_ws/install/bopt_description/share/bopt_description/models/aws_robomaker_residential_RoomWall_01/meshes/aws_RoomWall_01_visual.DAE\n'}
[0.141928] (bopt_description) StdoutLine: {'line': b'-- Up-to-date symlink: /home/jkw/bopt_ws/install/bopt_description/share/bopt_description/models/aws_robomaker_residential_RoomWall_01/model.config\n'}
[0.141954] (bopt_description) StdoutLine: {'line': b'-- Up-to-date symlink: /home/jkw/bopt_ws/install/bopt_description/share/bopt_description/models/aws_robomaker_residential_RoomWall_01/model.sdf\n'}
[0.141984] (bopt_description) StdoutLine: {'line': b'-- Up-to-date symlink: /home/jkw/bopt_ws/install/bopt_description/share/bopt_description/models/aws_robomaker_residential_RoomWindow_01/materials/textures/aws_RoomWindow_01.png\n'}
[0.142013] (bopt_description) StdoutLine: {'line': b'-- Up-to-date symlink: /home/jkw/bopt_ws/install/bopt_description/share/bopt_description/models/aws_robomaker_residential_RoomWindow_01/meshes/aws_RoomWindow_01_collision.DAE\n'}
[0.142040] (bopt_description) StdoutLine: {'line': b'-- Up-to-date symlink: /home/jkw/bopt_ws/install/bopt_description/share/bopt_description/models/aws_robomaker_residential_RoomWindow_01/meshes/aws_RoomWindow_01_visual.DAE\n'}
[0.142067] (bopt_description) StdoutLine: {'line': b'-- Up-to-date symlink: /home/jkw/bopt_ws/install/bopt_description/share/bopt_description/models/aws_robomaker_residential_RoomWindow_01/model.config\n'}
[0.142093] (bopt_description) StdoutLine: {'line': b'-- Up-to-date symlink: /home/jkw/bopt_ws/install/bopt_description/share/bopt_description/models/aws_robomaker_residential_RoomWindow_01/model.sdf\n'}
[0.142123] (bopt_description) StdoutLine: {'line': b'-- Up-to-date symlink: /home/jkw/bopt_ws/install/bopt_description/share/bopt_description/models/aws_robomaker_residential_SeasoningBox_01/materials/textures/aws_SeasoningBox_01.png\n'}
[0.142151] (bopt_description) StdoutLine: {'line': b'-- Up-to-date symlink: /home/jkw/bopt_ws/install/bopt_description/share/bopt_description/models/aws_robomaker_residential_SeasoningBox_01/meshes/aws_SeasoningBox_01_collision.DAE\n'}
[0.142178] (bopt_description) StdoutLine: {'line': b'-- Up-to-date symlink: /home/jkw/bopt_ws/install/bopt_description/share/bopt_description/models/aws_robomaker_residential_SeasoningBox_01/meshes/aws_SeasoningBox_01_visual.DAE\n'}
[0.142205] (bopt_description) StdoutLine: {'line': b'-- Up-to-date symlink: /home/jkw/bopt_ws/install/bopt_description/share/bopt_description/models/aws_robomaker_residential_SeasoningBox_01/model.config\n'}
[0.142231] (bopt_description) StdoutLine: {'line': b'-- Up-to-date symlink: /home/jkw/bopt_ws/install/bopt_description/share/bopt_description/models/aws_robomaker_residential_SeasoningBox_01/model.sdf\n'}
[0.142261] (bopt_description) StdoutLine: {'line': b'-- Up-to-date symlink: /home/jkw/bopt_ws/install/bopt_description/share/bopt_description/models/aws_robomaker_residential_SecurityCamera_01/materials/textures/aws_SecurityCamera_01.png\n'}
[0.142291] (bopt_description) StdoutLine: {'line': b'-- Up-to-date symlink: /home/jkw/bopt_ws/install/bopt_description/share/bopt_description/models/aws_robomaker_residential_SecurityCamera_01/meshes/aws_SecurityCamera_01_collision.DAE\n'}
[0.142321] (bopt_description) StdoutLine: {'line': b'-- Up-to-date symlink: /home/jkw/bopt_ws/install/bopt_description/share/bopt_description/models/aws_robomaker_residential_SecurityCamera_01/meshes/aws_SecurityCamera_01_visual.DAE\n'}
[0.142348] (bopt_description) StdoutLine: {'line': b'-- Up-to-date symlink: /home/jkw/bopt_ws/install/bopt_description/share/bopt_description/models/aws_robomaker_residential_SecurityCamera_01/model.config\n'}
[0.142374] (bopt_description) StdoutLine: {'line': b'-- Up-to-date symlink: /home/jkw/bopt_ws/install/bopt_description/share/bopt_description/models/aws_robomaker_residential_SecurityCamera_01/model.sdf\n'}
[0.142403] (bopt_description) StdoutLine: {'line': b'-- Up-to-date symlink: /home/jkw/bopt_ws/install/bopt_description/share/bopt_description/models/aws_robomaker_residential_ShoeRack_01/materials/textures/aws_ShoeRack_01.png\n'}
[0.142430] (bopt_description) StdoutLine: {'line': b'-- Up-to-date symlink: /home/jkw/bopt_ws/install/bopt_description/share/bopt_description/models/aws_robomaker_residential_ShoeRack_01/meshes/aws_ShoeRack_01_collision.DAE\n'}
[0.142459] (bopt_description) StdoutLine: {'line': b'-- Up-to-date symlink: /home/jkw/bopt_ws/install/bopt_description/share/bopt_description/models/aws_robomaker_residential_ShoeRack_01/meshes/aws_ShoeRack_01_visual.DAE\n'}
[0.142485] (bopt_description) StdoutLine: {'line': b'-- Up-to-date symlink: /home/jkw/bopt_ws/install/bopt_description/share/bopt_description/models/aws_robomaker_residential_ShoeRack_01/model.config\n'}
[0.142512] (bopt_description) StdoutLine: {'line': b'-- Up-to-date symlink: /home/jkw/bopt_ws/install/bopt_description/share/bopt_description/models/aws_robomaker_residential_ShoeRack_01/model.sdf\n'}
[0.142542] (bopt_description) StdoutLine: {'line': b'-- Up-to-date symlink: /home/jkw/bopt_ws/install/bopt_description/share/bopt_description/models/aws_robomaker_residential_SofaB_01/materials/textures/aws_SofaB_01.png\n'}
[0.142570] (bopt_description) StdoutLine: {'line': b'-- Up-to-date symlink: /home/jkw/bopt_ws/install/bopt_description/share/bopt_description/models/aws_robomaker_residential_SofaB_01/meshes/aws_SofaB_01_collision.DAE\n'}
[0.142598] (bopt_description) StdoutLine: {'line': b'-- Up-to-date symlink: /home/jkw/bopt_ws/install/bopt_description/share/bopt_description/models/aws_robomaker_residential_SofaB_01/meshes/aws_SofaB_01_visual.DAE\n'}
[0.142624] (bopt_description) StdoutLine: {'line': b'-- Up-to-date symlink: /home/jkw/bopt_ws/install/bopt_description/share/bopt_description/models/aws_robomaker_residential_SofaB_01/model.config\n'}
[0.142651] (bopt_description) StdoutLine: {'line': b'-- Up-to-date symlink: /home/jkw/bopt_ws/install/bopt_description/share/bopt_description/models/aws_robomaker_residential_SofaB_01/model.sdf\n'}
[0.142680] (bopt_description) StdoutLine: {'line': b'-- Up-to-date symlink: /home/jkw/bopt_ws/install/bopt_description/share/bopt_description/models/aws_robomaker_residential_SofaC_01/materials/textures/aws_SofaC_01.png\n'}
[0.142708] (bopt_description) StdoutLine: {'line': b'-- Up-to-date symlink: /home/jkw/bopt_ws/install/bopt_description/share/bopt_description/models/aws_robomaker_residential_SofaC_01/meshes/aws_SofaC_01_collision.DAE\n'}
[0.142735] (bopt_description) StdoutLine: {'line': b'-- Up-to-date symlink: /home/jkw/bopt_ws/install/bopt_description/share/bopt_description/models/aws_robomaker_residential_SofaC_01/meshes/aws_SofaC_01_visual.DAE\n'}
[0.142762] (bopt_description) StdoutLine: {'line': b'-- Up-to-date symlink: /home/jkw/bopt_ws/install/bopt_description/share/bopt_description/models/aws_robomaker_residential_SofaC_01/model.config\n'}
[0.142788] (bopt_description) StdoutLine: {'line': b'-- Up-to-date symlink: /home/jkw/bopt_ws/install/bopt_description/share/bopt_description/models/aws_robomaker_residential_SofaC_01/model.sdf\n'}
[0.142818] (bopt_description) StdoutLine: {'line': b'-- Up-to-date symlink: /home/jkw/bopt_ws/install/bopt_description/share/bopt_description/models/aws_robomaker_residential_Sofa_01/materials/textures/aws_Sofa_01.png\n'}
[0.142846] (bopt_description) StdoutLine: {'line': b'-- Up-to-date symlink: /home/jkw/bopt_ws/install/bopt_description/share/bopt_description/models/aws_robomaker_residential_Sofa_01/meshes/aws_Sofa_01.DAE\n'}
[0.142874] (bopt_description) StdoutLine: {'line': b'-- Up-to-date symlink: /home/jkw/bopt_ws/install/bopt_description/share/bopt_description/models/aws_robomaker_residential_Sofa_01/meshes/aws_Sofa_01_collision.DAE\n'}
[0.142901] (bopt_description) StdoutLine: {'line': b'-- Up-to-date symlink: /home/jkw/bopt_ws/install/bopt_description/share/bopt_description/models/aws_robomaker_residential_Sofa_01/meshes/aws_Sofa_01_visual.DAE\n'}
[0.142928] (bopt_description) StdoutLine: {'line': b'-- Up-to-date symlink: /home/jkw/bopt_ws/install/bopt_description/share/bopt_description/models/aws_robomaker_residential_Sofa_01/model.config\n'}
[0.142954] (bopt_description) StdoutLine: {'line': b'-- Up-to-date symlink: /home/jkw/bopt_ws/install/bopt_description/share/bopt_description/models/aws_robomaker_residential_Sofa_01/model.sdf\n'}
[0.142985] (bopt_description) StdoutLine: {'line': b'-- Up-to-date symlink: /home/jkw/bopt_ws/install/bopt_description/share/bopt_description/models/aws_robomaker_residential_TVCabinet_01/materials/textures/aws_TVCabinet_01.png\n'}
[0.143012] (bopt_description) StdoutLine: {'line': b'-- Up-to-date symlink: /home/jkw/bopt_ws/install/bopt_description/share/bopt_description/models/aws_robomaker_residential_TVCabinet_01/meshes/aws_TVCabinet_01_collision.DAE\n'}
[0.143040] (bopt_description) StdoutLine: {'line': b'-- Up-to-date symlink: /home/jkw/bopt_ws/install/bopt_description/share/bopt_description/models/aws_robomaker_residential_TVCabinet_01/meshes/aws_TVCabinet_01_visual.DAE\n'}
[0.143068] (bopt_description) StdoutLine: {'line': b'-- Up-to-date symlink: /home/jkw/bopt_ws/install/bopt_description/share/bopt_description/models/aws_robomaker_residential_TVCabinet_01/model.config\n'}
[0.143094] (bopt_description) StdoutLine: {'line': b'-- Up-to-date symlink: /home/jkw/bopt_ws/install/bopt_description/share/bopt_description/models/aws_robomaker_residential_TVCabinet_01/model.sdf\n'}
[0.143124] (bopt_description) StdoutLine: {'line': b'-- Up-to-date symlink: /home/jkw/bopt_ws/install/bopt_description/share/bopt_description/models/aws_robomaker_residential_TV_01/materials/textures/aws_TV_01.png\n'}
[0.143152] (bopt_description) StdoutLine: {'line': b'-- Up-to-date symlink: /home/jkw/bopt_ws/install/bopt_description/share/bopt_description/models/aws_robomaker_residential_TV_01/meshes/aws_TV_01_collision.DAE\n'}
[0.143179] (bopt_description) StdoutLine: {'line': b'-- Up-to-date symlink: /home/jkw/bopt_ws/install/bopt_description/share/bopt_description/models/aws_robomaker_residential_TV_01/meshes/aws_TV_01_visual.DAE\n'}
[0.143206] (bopt_description) StdoutLine: {'line': b'-- Up-to-date symlink: /home/jkw/bopt_ws/install/bopt_description/share/bopt_description/models/aws_robomaker_residential_TV_01/model.config\n'}
[0.143232] (bopt_description) StdoutLine: {'line': b'-- Up-to-date symlink: /home/jkw/bopt_ws/install/bopt_description/share/bopt_description/models/aws_robomaker_residential_TV_01/model.sdf\n'}
[0.143264] (bopt_description) StdoutLine: {'line': b'-- Up-to-date symlink: /home/jkw/bopt_ws/install/bopt_description/share/bopt_description/models/aws_robomaker_residential_TV_02/materials/textures/aws_TV_01.png\n'}
[0.143290] (bopt_description) StdoutLine: {'line': b'-- Up-to-date symlink: /home/jkw/bopt_ws/install/bopt_description/share/bopt_description/models/aws_robomaker_residential_TV_02/meshes/aws_TV_01_collision.DAE\n'}
[0.143320] (bopt_description) StdoutLine: {'line': b'-- Up-to-date symlink: /home/jkw/bopt_ws/install/bopt_description/share/bopt_description/models/aws_robomaker_residential_TV_02/meshes/aws_TV_01_visual.DAE\n'}
[0.143346] (bopt_description) StdoutLine: {'line': b'-- Up-to-date symlink: /home/jkw/bopt_ws/install/bopt_description/share/bopt_description/models/aws_robomaker_residential_TV_02/model.config\n'}
[0.143372] (bopt_description) StdoutLine: {'line': b'-- Up-to-date symlink: /home/jkw/bopt_ws/install/bopt_description/share/bopt_description/models/aws_robomaker_residential_TV_02/model.sdf\n'}
[0.143401] (bopt_description) StdoutLine: {'line': b'-- Up-to-date symlink: /home/jkw/bopt_ws/install/bopt_description/share/bopt_description/models/aws_robomaker_residential_Tablet_01/materials/textures/aws_Tablet_01_nologo.png\n'}
[0.143430] (bopt_description) StdoutLine: {'line': b'-- Up-to-date symlink: /home/jkw/bopt_ws/install/bopt_description/share/bopt_description/models/aws_robomaker_residential_Tablet_01/meshes/aws_Tablet_01_collision.DAE\n'}
[0.143458] (bopt_description) StdoutLine: {'line': b'-- Up-to-date symlink: /home/jkw/bopt_ws/install/bopt_description/share/bopt_description/models/aws_robomaker_residential_Tablet_01/meshes/aws_Tablet_01_visual.DAE\n'}
[0.143484] (bopt_description) StdoutLine: {'line': b'-- Up-to-date symlink: /home/jkw/bopt_ws/install/bopt_description/share/bopt_description/models/aws_robomaker_residential_Tablet_01/model.config\n'}
[0.143511] (bopt_description) StdoutLine: {'line': b'-- Up-to-date symlink: /home/jkw/bopt_ws/install/bopt_description/share/bopt_description/models/aws_robomaker_residential_Tablet_01/model.sdf\n'}
[0.143541] (bopt_description) StdoutLine: {'line': b'-- Up-to-date symlink: /home/jkw/bopt_ws/install/bopt_description/share/bopt_description/models/aws_robomaker_residential_Tableware_01/materials/textures/aws_Tableware_01.png\n'}
[0.143569] (bopt_description) StdoutLine: {'line': b'-- Up-to-date symlink: /home/jkw/bopt_ws/install/bopt_description/share/bopt_description/models/aws_robomaker_residential_Tableware_01/meshes/aws_Tableware_01_collision.DAE\n'}
[0.143597] (bopt_description) StdoutLine: {'line': b'-- Up-to-date symlink: /home/jkw/bopt_ws/install/bopt_description/share/bopt_description/models/aws_robomaker_residential_Tableware_01/meshes/aws_Tableware_01_visual.DAE\n'}
[0.143623] (bopt_description) StdoutLine: {'line': b'-- Up-to-date symlink: /home/jkw/bopt_ws/install/bopt_description/share/bopt_description/models/aws_robomaker_residential_Tableware_01/model.config\n'}
[0.143650] (bopt_description) StdoutLine: {'line': b'-- Up-to-date symlink: /home/jkw/bopt_ws/install/bopt_description/share/bopt_description/models/aws_robomaker_residential_Tableware_01/model.sdf\n'}
[0.143679] (bopt_description) StdoutLine: {'line': b'-- Up-to-date symlink: /home/jkw/bopt_ws/install/bopt_description/share/bopt_description/models/aws_robomaker_residential_Trash_01/materials/textures/aws_Trash_01.png\n'}
[0.143707] (bopt_description) StdoutLine: {'line': b'-- Up-to-date symlink: /home/jkw/bopt_ws/install/bopt_description/share/bopt_description/models/aws_robomaker_residential_Trash_01/meshes/aws_Trash_01_collision.DAE\n'}
[0.143734] (bopt_description) StdoutLine: {'line': b'-- Up-to-date symlink: /home/jkw/bopt_ws/install/bopt_description/share/bopt_description/models/aws_robomaker_residential_Trash_01/meshes/aws_Trash_01_visual.DAE\n'}
[0.143761] (bopt_description) StdoutLine: {'line': b'-- Up-to-date symlink: /home/jkw/bopt_ws/install/bopt_description/share/bopt_description/models/aws_robomaker_residential_Trash_01/model.config\n'}
[0.143788] (bopt_description) StdoutLine: {'line': b'-- Up-to-date symlink: /home/jkw/bopt_ws/install/bopt_description/share/bopt_description/models/aws_robomaker_residential_Trash_01/model.sdf\n'}
[0.143817] (bopt_description) StdoutLine: {'line': b'-- Up-to-date symlink: /home/jkw/bopt_ws/install/bopt_description/share/bopt_description/models/aws_robomaker_residential_Vase_01/materials/textures/aws_Vase_01.png\n'}
[0.143844] (bopt_description) StdoutLine: {'line': b'-- Up-to-date symlink: /home/jkw/bopt_ws/install/bopt_description/share/bopt_description/models/aws_robomaker_residential_Vase_01/meshes/aws_Vase_01_collision.DAE\n'}
[0.143872] (bopt_description) StdoutLine: {'line': b'-- Up-to-date symlink: /home/jkw/bopt_ws/install/bopt_description/share/bopt_description/models/aws_robomaker_residential_Vase_01/meshes/aws_Vase_01_visual.DAE\n'}
[0.143901] (bopt_description) StdoutLine: {'line': b'-- Up-to-date symlink: /home/jkw/bopt_ws/install/bopt_description/share/bopt_description/models/aws_robomaker_residential_Vase_01/model.config\n'}
[0.143927] (bopt_description) StdoutLine: {'line': b'-- Up-to-date symlink: /home/jkw/bopt_ws/install/bopt_description/share/bopt_description/models/aws_robomaker_residential_Vase_01/model.sdf\n'}
[0.143957] (bopt_description) StdoutLine: {'line': b'-- Up-to-date symlink: /home/jkw/bopt_ws/install/bopt_description/share/bopt_description/models/aws_robomaker_residential_Wardrobe_01/materials/textures/aws_Wardrobe_01.png\n'}
[0.143984] (bopt_description) StdoutLine: {'line': b'-- Up-to-date symlink: /home/jkw/bopt_ws/install/bopt_description/share/bopt_description/models/aws_robomaker_residential_Wardrobe_01/meshes/aws_Wardrobe_01_collision.DAE\n'}
[0.144012] (bopt_description) StdoutLine: {'line': b'-- Up-to-date symlink: /home/jkw/bopt_ws/install/bopt_description/share/bopt_description/models/aws_robomaker_residential_Wardrobe_01/meshes/aws_Wardrobe_01_visual.DAE\n'}
[0.144038] (bopt_description) StdoutLine: {'line': b'-- Up-to-date symlink: /home/jkw/bopt_ws/install/bopt_description/share/bopt_description/models/aws_robomaker_residential_Wardrobe_01/model.config\n'}
[0.144065] (bopt_description) StdoutLine: {'line': b'-- Up-to-date symlink: /home/jkw/bopt_ws/install/bopt_description/share/bopt_description/models/aws_robomaker_residential_Wardrobe_01/model.sdf\n'}
[0.144093] (bopt_description) StdoutLine: {'line': b'-- Up-to-date symlink: /home/jkw/bopt_ws/install/bopt_description/share/bopt_description/models/aws_robomaker_warehouse_Bucket_01/.DS_Store\n'}
[0.144121] (bopt_description) StdoutLine: {'line': b'-- Up-to-date symlink: /home/jkw/bopt_ws/install/bopt_description/share/bopt_description/models/aws_robomaker_warehouse_Bucket_01/materials/.DS_Store\n'}
[0.144151] (bopt_description) StdoutLine: {'line': b'-- Up-to-date symlink: /home/jkw/bopt_ws/install/bopt_description/share/bopt_description/models/aws_robomaker_warehouse_Bucket_01/materials/textures/aws_robomaker_warehouse_Bucket_01.png\n'}
[0.144179] (bopt_description) StdoutLine: {'line': b'-- Up-to-date symlink: /home/jkw/bopt_ws/install/bopt_description/share/bopt_description/models/aws_robomaker_warehouse_Bucket_01/meshes/aws_robomaker_warehouse_Bucket_01_collision.DAE\n'}
[0.144208] (bopt_description) StdoutLine: {'line': b'-- Up-to-date symlink: /home/jkw/bopt_ws/install/bopt_description/share/bopt_description/models/aws_robomaker_warehouse_Bucket_01/meshes/aws_robomaker_warehouse_Bucket_01_visual.DAE\n'}
[0.144234] (bopt_description) StdoutLine: {'line': b'-- Up-to-date symlink: /home/jkw/bopt_ws/install/bopt_description/share/bopt_description/models/aws_robomaker_warehouse_Bucket_01/model.config\n'}
[0.144261] (bopt_description) StdoutLine: {'line': b'-- Up-to-date symlink: /home/jkw/bopt_ws/install/bopt_description/share/bopt_description/models/aws_robomaker_warehouse_Bucket_01/model.sdf\n'}
[0.144324] (bopt_description) StdoutLine: {'line': b'-- Up-to-date symlink: /home/jkw/bopt_ws/install/bopt_description/share/bopt_description/models/aws_robomaker_warehouse_ClutteringA_01/.DS_Store\n'}
[0.144353] (bopt_description) StdoutLine: {'line': b'-- Up-to-date symlink: /home/jkw/bopt_ws/install/bopt_description/share/bopt_description/models/aws_robomaker_warehouse_ClutteringA_01/materials/.DS_Store\n'}
[0.144382] (bopt_description) StdoutLine: {'line': b'-- Up-to-date symlink: /home/jkw/bopt_ws/install/bopt_description/share/bopt_description/models/aws_robomaker_warehouse_ClutteringA_01/materials/textures/.DS_Store\n'}
[0.144412] (bopt_description) StdoutLine: {'line': b'-- Up-to-date symlink: /home/jkw/bopt_ws/install/bopt_description/share/bopt_description/models/aws_robomaker_warehouse_ClutteringA_01/materials/textures/aws_robomaker_warehouse_ClutteringA_01.png\n'}
[0.144440] (bopt_description) StdoutLine: {'line': b'-- Up-to-date symlink: /home/jkw/bopt_ws/install/bopt_description/share/bopt_description/models/aws_robomaker_warehouse_ClutteringA_01/materials/textures/aws_robomaker_warehouse_ClutteringA_02.png\n'}
[0.144469] (bopt_description) StdoutLine: {'line': b'-- Up-to-date symlink: /home/jkw/bopt_ws/install/bopt_description/share/bopt_description/models/aws_robomaker_warehouse_ClutteringA_01/materials/textures/aws_robomaker_warehouse_ClutteringA_03.png\n'}
[0.144498] (bopt_description) StdoutLine: {'line': b'-- Up-to-date symlink: /home/jkw/bopt_ws/install/bopt_description/share/bopt_description/models/aws_robomaker_warehouse_ClutteringA_01/meshes/aws_robomaker_warehouse_ClutteringA_01_collision.DAE\n'}
[0.144525] (bopt_description) StdoutLine: {'line': b'-- Up-to-date symlink: /home/jkw/bopt_ws/install/bopt_description/share/bopt_description/models/aws_robomaker_warehouse_ClutteringA_01/meshes/aws_robomaker_warehouse_ClutteringA_01_visual.DAE\n'}
[0.144552] (bopt_description) StdoutLine: {'line': b'-- Up-to-date symlink: /home/jkw/bopt_ws/install/bopt_description/share/bopt_description/models/aws_robomaker_warehouse_ClutteringA_01/model.config\n'}
[0.144579] (bopt_description) StdoutLine: {'line': b'-- Up-to-date symlink: /home/jkw/bopt_ws/install/bopt_description/share/bopt_description/models/aws_robomaker_warehouse_ClutteringA_01/model.sdf\n'}
[0.144608] (bopt_description) StdoutLine: {'line': b'-- Up-to-date symlink: /home/jkw/bopt_ws/install/bopt_description/share/bopt_description/models/aws_robomaker_warehouse_ClutteringC_01/materials/textures/aws_robomaker_warehouse_ClutteringC_01.png\n'}
[0.144636] (bopt_description) StdoutLine: {'line': b'-- Up-to-date symlink: /home/jkw/bopt_ws/install/bopt_description/share/bopt_description/models/aws_robomaker_warehouse_ClutteringC_01/materials/textures/aws_robomaker_warehouse_ClutteringC_02.png\n'}
[0.144664] (bopt_description) StdoutLine: {'line': b'-- Up-to-date symlink: /home/jkw/bopt_ws/install/bopt_description/share/bopt_description/models/aws_robomaker_warehouse_ClutteringC_01/meshes/aws_robomaker_warehouse_ClutteringC_01_collision.DAE\n'}
[0.144692] (bopt_description) StdoutLine: {'line': b'-- Up-to-date symlink: /home/jkw/bopt_ws/install/bopt_description/share/bopt_description/models/aws_robomaker_warehouse_ClutteringC_01/meshes/aws_robomaker_warehouse_ClutteringC_01_visual.DAE\n'}
[0.144719] (bopt_description) StdoutLine: {'line': b'-- Up-to-date symlink: /home/jkw/bopt_ws/install/bopt_description/share/bopt_description/models/aws_robomaker_warehouse_ClutteringC_01/model.config\n'}
[0.144746] (bopt_description) StdoutLine: {'line': b'-- Up-to-date symlink: /home/jkw/bopt_ws/install/bopt_description/share/bopt_description/models/aws_robomaker_warehouse_ClutteringC_01/model.sdf\n'}
[0.144775] (bopt_description) StdoutLine: {'line': b'-- Up-to-date symlink: /home/jkw/bopt_ws/install/bopt_description/share/bopt_description/models/aws_robomaker_warehouse_ClutteringD_01/materials/textures/aws_robomaker_warehouse_ClutteringD_01.png\n'}
[0.144803] (bopt_description) StdoutLine: {'line': b'-- Up-to-date symlink: /home/jkw/bopt_ws/install/bopt_description/share/bopt_description/models/aws_robomaker_warehouse_ClutteringD_01/materials/textures/aws_robomaker_warehouse_ClutteringD_02.png\n'}
[0.144831] (bopt_description) StdoutLine: {'line': b'-- Up-to-date symlink: /home/jkw/bopt_ws/install/bopt_description/share/bopt_description/models/aws_robomaker_warehouse_ClutteringD_01/meshes/aws_robomaker_warehouse_ClutteringD_01_collision.DAE\n'}
[0.144859] (bopt_description) StdoutLine: {'line': b'-- Up-to-date symlink: /home/jkw/bopt_ws/install/bopt_description/share/bopt_description/models/aws_robomaker_warehouse_ClutteringD_01/meshes/aws_robomaker_warehouse_ClutteringD_01_visual.DAE\n'}
[0.144886] (bopt_description) StdoutLine: {'line': b'-- Up-to-date symlink: /home/jkw/bopt_ws/install/bopt_description/share/bopt_description/models/aws_robomaker_warehouse_ClutteringD_01/model.config\n'}
[0.144912] (bopt_description) StdoutLine: {'line': b'-- Up-to-date symlink: /home/jkw/bopt_ws/install/bopt_description/share/bopt_description/models/aws_robomaker_warehouse_ClutteringD_01/model.sdf\n'}
[0.144940] (bopt_description) StdoutLine: {'line': b'-- Up-to-date symlink: /home/jkw/bopt_ws/install/bopt_description/share/bopt_description/models/aws_robomaker_warehouse_DeskC_01/materials/.DS_Store\n'}
[0.144969] (bopt_description) StdoutLine: {'line': b'-- Up-to-date symlink: /home/jkw/bopt_ws/install/bopt_description/share/bopt_description/models/aws_robomaker_warehouse_DeskC_01/materials/textures/aws_robomaker_warehouse_DeskC_01.png\n'}
[0.144998] (bopt_description) StdoutLine: {'line': b'-- Up-to-date symlink: /home/jkw/bopt_ws/install/bopt_description/share/bopt_description/models/aws_robomaker_warehouse_DeskC_01/materials/textures/aws_robomaker_warehouse_DeskC_02.png\n'}
[0.145026] (bopt_description) StdoutLine: {'line': b'-- Up-to-date symlink: /home/jkw/bopt_ws/install/bopt_description/share/bopt_description/models/aws_robomaker_warehouse_DeskC_01/materials/textures/aws_robomaker_warehouse_DeskC_03.png\n'}
[0.145054] (bopt_description) StdoutLine: {'line': b'-- Up-to-date symlink: /home/jkw/bopt_ws/install/bopt_description/share/bopt_description/models/aws_robomaker_warehouse_DeskC_01/materials/textures/aws_robomaker_warehouse_DeskC_03.psd\n'}
[0.145083] (bopt_description) StdoutLine: {'line': b'-- Up-to-date symlink: /home/jkw/bopt_ws/install/bopt_description/share/bopt_description/models/aws_robomaker_warehouse_DeskC_01/materials/textures/aws_robomaker_warehouse_DeskC_04.png\n'}
[0.145110] (bopt_description) StdoutLine: {'line': b'-- Up-to-date symlink: /home/jkw/bopt_ws/install/bopt_description/share/bopt_description/models/aws_robomaker_warehouse_DeskC_01/meshes/aws_robomaker_warehouse_DeskC_01_collision.DAE\n'}
[0.145137] (bopt_description) StdoutLine: {'line': b'-- Up-to-date symlink: /home/jkw/bopt_ws/install/bopt_description/share/bopt_description/models/aws_robomaker_warehouse_DeskC_01/meshes/aws_robomaker_warehouse_DeskC_01_visual.DAE\n'}
[0.145164] (bopt_description) StdoutLine: {'line': b'-- Up-to-date symlink: /home/jkw/bopt_ws/install/bopt_description/share/bopt_description/models/aws_robomaker_warehouse_DeskC_01/model.config\n'}
[0.145191] (bopt_description) StdoutLine: {'line': b'-- Up-to-date symlink: /home/jkw/bopt_ws/install/bopt_description/share/bopt_description/models/aws_robomaker_warehouse_DeskC_01/model.sdf\n'}
[0.145220] (bopt_description) StdoutLine: {'line': b'-- Up-to-date symlink: /home/jkw/bopt_ws/install/bopt_description/share/bopt_description/models/aws_robomaker_warehouse_GroundB_01/materials/textures/aws_robomaker_warehouse_GroundB_01.png\n'}
[0.145249] (bopt_description) StdoutLine: {'line': b'-- Up-to-date symlink: /home/jkw/bopt_ws/install/bopt_description/share/bopt_description/models/aws_robomaker_warehouse_GroundB_01/materials/textures/aws_robomaker_warehouse_GroundB_02.png\n'}
[0.145277] (bopt_description) StdoutLine: {'line': b'-- Up-to-date symlink: /home/jkw/bopt_ws/install/bopt_description/share/bopt_description/models/aws_robomaker_warehouse_GroundB_01/meshes/aws_robomaker_warehouse_GroundB_01_collision.DAE\n'}
[0.145317] (bopt_description) StdoutLine: {'line': b'-- Up-to-date symlink: /home/jkw/bopt_ws/install/bopt_description/share/bopt_description/models/aws_robomaker_warehouse_GroundB_01/meshes/aws_robomaker_warehouse_GroundB_01_visual.DAE\n'}
[0.145346] (bopt_description) StdoutLine: {'line': b'-- Up-to-date symlink: /home/jkw/bopt_ws/install/bopt_description/share/bopt_description/models/aws_robomaker_warehouse_GroundB_01/model.config\n'}
[0.145370] (bopt_description) StdoutLine: {'line': b'-- Up-to-date symlink: /home/jkw/bopt_ws/install/bopt_description/share/bopt_description/models/aws_robomaker_warehouse_GroundB_01/model.sdf\n'}
[0.145401] (bopt_description) StdoutLine: {'line': b'-- Up-to-date symlink: /home/jkw/bopt_ws/install/bopt_description/share/bopt_description/models/aws_robomaker_warehouse_Lamp_01/materials/textures/aws_robomaker_warehouse_Lamp_01.png\n'}
[0.145428] (bopt_description) StdoutLine: {'line': b'-- Up-to-date symlink: /home/jkw/bopt_ws/install/bopt_description/share/bopt_description/models/aws_robomaker_warehouse_Lamp_01/meshes/aws_robomaker_warehouse_Lamp_01_collision.DAE\n'}
[0.145456] (bopt_description) StdoutLine: {'line': b'-- Up-to-date symlink: /home/jkw/bopt_ws/install/bopt_description/share/bopt_description/models/aws_robomaker_warehouse_Lamp_01/meshes/aws_robomaker_warehouse_Lamp_01_visual.DAE\n'}
[0.145484] (bopt_description) StdoutLine: {'line': b'-- Up-to-date symlink: /home/jkw/bopt_ws/install/bopt_description/share/bopt_description/models/aws_robomaker_warehouse_Lamp_01/model.config\n'}
[0.145510] (bopt_description) StdoutLine: {'line': b'-- Up-to-date symlink: /home/jkw/bopt_ws/install/bopt_description/share/bopt_description/models/aws_robomaker_warehouse_Lamp_01/model.sdf\n'}
[0.145538] (bopt_description) StdoutLine: {'line': b'-- Up-to-date symlink: /home/jkw/bopt_ws/install/bopt_description/share/bopt_description/models/aws_robomaker_warehouse_PalletJackB_01/.DS_Store\n'}
[0.145566] (bopt_description) StdoutLine: {'line': b'-- Up-to-date symlink: /home/jkw/bopt_ws/install/bopt_description/share/bopt_description/models/aws_robomaker_warehouse_PalletJackB_01/materials/.DS_Store\n'}
[0.145595] (bopt_description) StdoutLine: {'line': b'-- Up-to-date symlink: /home/jkw/bopt_ws/install/bopt_description/share/bopt_description/models/aws_robomaker_warehouse_PalletJackB_01/materials/textures/aws_robomaker_warehouse_PalletJackB_01.png\n'}
[0.145624] (bopt_description) StdoutLine: {'line': b'-- Up-to-date symlink: /home/jkw/bopt_ws/install/bopt_description/share/bopt_description/models/aws_robomaker_warehouse_PalletJackB_01/materials/textures/aws_robomaker_warehouse_PalletJackB_02.png\n'}
[0.145653] (bopt_description) StdoutLine: {'line': b'-- Up-to-date symlink: /home/jkw/bopt_ws/install/bopt_description/share/bopt_description/models/aws_robomaker_warehouse_PalletJackB_01/meshes/aws_robomaker_warehouse_PalletJackB_01_collision.DAE\n'}
[0.145680] (bopt_description) StdoutLine: {'line': b'-- Up-to-date symlink: /home/jkw/bopt_ws/install/bopt_description/share/bopt_description/models/aws_robomaker_warehouse_PalletJackB_01/meshes/aws_robomaker_warehouse_PalletJackB_01_visual.DAE\n'}
[0.145708] (bopt_description) StdoutLine: {'line': b'-- Up-to-date symlink: /home/jkw/bopt_ws/install/bopt_description/share/bopt_description/models/aws_robomaker_warehouse_PalletJackB_01/model.config\n'}
[0.145734] (bopt_description) StdoutLine: {'line': b'-- Up-to-date symlink: /home/jkw/bopt_ws/install/bopt_description/share/bopt_description/models/aws_robomaker_warehouse_PalletJackB_01/model.sdf\n'}
[0.145763] (bopt_description) StdoutLine: {'line': b'-- Up-to-date symlink: /home/jkw/bopt_ws/install/bopt_description/share/bopt_description/models/aws_robomaker_warehouse_RoofB_01/materials/textures/aws_robomaker_warehouse_RoofB_01.png\n'}
[0.145792] (bopt_description) StdoutLine: {'line': b'-- Up-to-date symlink: /home/jkw/bopt_ws/install/bopt_description/share/bopt_description/models/aws_robomaker_warehouse_RoofB_01/meshes/aws_robomaker_warehouse_RoofB_01_collision.DAE\n'}
[0.145819] (bopt_description) StdoutLine: {'line': b'-- Up-to-date symlink: /home/jkw/bopt_ws/install/bopt_description/share/bopt_description/models/aws_robomaker_warehouse_RoofB_01/meshes/aws_robomaker_warehouse_RoofB_01_visual.DAE\n'}
[0.145846] (bopt_description) StdoutLine: {'line': b'-- Up-to-date symlink: /home/jkw/bopt_ws/install/bopt_description/share/bopt_description/models/aws_robomaker_warehouse_RoofB_01/model.config\n'}
[0.145873] (bopt_description) StdoutLine: {'line': b'-- Up-to-date symlink: /home/jkw/bopt_ws/install/bopt_description/share/bopt_description/models/aws_robomaker_warehouse_RoofB_01/model.sdf\n'}
[0.145902] (bopt_description) StdoutLine: {'line': b'-- Up-to-date symlink: /home/jkw/bopt_ws/install/bopt_description/share/bopt_description/models/aws_robomaker_warehouse_ShelfD_01/materials/textures/aws_robomaker_warehouse_ShelfD_01.png\n'}
[0.145930] (bopt_description) StdoutLine: {'line': b'-- Up-to-date symlink: /home/jkw/bopt_ws/install/bopt_description/share/bopt_description/models/aws_robomaker_warehouse_ShelfD_01/materials/textures/aws_robomaker_warehouse_ShelfD_02.png\n'}
[0.145959] (bopt_description) StdoutLine: {'line': b'-- Up-to-date symlink: /home/jkw/bopt_ws/install/bopt_description/share/bopt_description/models/aws_robomaker_warehouse_ShelfD_01/materials/textures/aws_robomaker_warehouse_ShelfD_03.png\n'}
[0.145988] (bopt_description) StdoutLine: {'line': b'-- Up-to-date symlink: /home/jkw/bopt_ws/install/bopt_description/share/bopt_description/models/aws_robomaker_warehouse_ShelfD_01/materials/textures/aws_robomaker_warehouse_ShelfD_04.png\n'}
[0.146016] (bopt_description) StdoutLine: {'line': b'-- Up-to-date symlink: /home/jkw/bopt_ws/install/bopt_description/share/bopt_description/models/aws_robomaker_warehouse_ShelfD_01/meshes/aws_robomaker_warehouse_ShelfD_01_collision.DAE\n'}
[0.146044] (bopt_description) StdoutLine: {'line': b'-- Up-to-date symlink: /home/jkw/bopt_ws/install/bopt_description/share/bopt_description/models/aws_robomaker_warehouse_ShelfD_01/meshes/aws_robomaker_warehouse_ShelfD_01_visual.DAE\n'}
[0.146071] (bopt_description) StdoutLine: {'line': b'-- Up-to-date symlink: /home/jkw/bopt_ws/install/bopt_description/share/bopt_description/models/aws_robomaker_warehouse_ShelfD_01/model.config\n'}
[0.146098] (bopt_description) StdoutLine: {'line': b'-- Up-to-date symlink: /home/jkw/bopt_ws/install/bopt_description/share/bopt_description/models/aws_robomaker_warehouse_ShelfD_01/model.sdf\n'}
[0.146125] (bopt_description) StdoutLine: {'line': b'-- Up-to-date symlink: /home/jkw/bopt_ws/install/bopt_description/share/bopt_description/models/aws_robomaker_warehouse_ShelfE_01/.DS_Store\n'}
[0.146153] (bopt_description) StdoutLine: {'line': b'-- Up-to-date symlink: /home/jkw/bopt_ws/install/bopt_description/share/bopt_description/models/aws_robomaker_warehouse_ShelfE_01/materials/.DS_Store\n'}
[0.146182] (bopt_description) StdoutLine: {'line': b'-- Up-to-date symlink: /home/jkw/bopt_ws/install/bopt_description/share/bopt_description/models/aws_robomaker_warehouse_ShelfE_01/materials/textures/aws_robomaker_warehouse_ShelfE_01.png\n'}
[0.146210] (bopt_description) StdoutLine: {'line': b'-- Up-to-date symlink: /home/jkw/bopt_ws/install/bopt_description/share/bopt_description/models/aws_robomaker_warehouse_ShelfE_01/materials/textures/aws_robomaker_warehouse_ShelfE_02.png\n'}
[0.146238] (bopt_description) StdoutLine: {'line': b'-- Up-to-date symlink: /home/jkw/bopt_ws/install/bopt_description/share/bopt_description/models/aws_robomaker_warehouse_ShelfE_01/materials/textures/aws_robomaker_warehouse_ShelfE_03.png\n'}
[0.146266] (bopt_description) StdoutLine: {'line': b'-- Up-to-date symlink: /home/jkw/bopt_ws/install/bopt_description/share/bopt_description/models/aws_robomaker_warehouse_ShelfE_01/materials/textures/aws_robomaker_warehouse_ShelfE_04.png\n'}
[0.146305] (bopt_description) StdoutLine: {'line': b'-- Up-to-date symlink: /home/jkw/bopt_ws/install/bopt_description/share/bopt_description/models/aws_robomaker_warehouse_ShelfE_01/meshes/aws_robomaker_warehouse_ShelfE_01_collision.DAE\n'}
[0.146332] (bopt_description) StdoutLine: {'line': b'-- Up-to-date symlink: /home/jkw/bopt_ws/install/bopt_description/share/bopt_description/models/aws_robomaker_warehouse_ShelfE_01/meshes/aws_robomaker_warehouse_ShelfE_01_visual.DAE\n'}
[0.146358] (bopt_description) StdoutLine: {'line': b'-- Up-to-date symlink: /home/jkw/bopt_ws/install/bopt_description/share/bopt_description/models/aws_robomaker_warehouse_ShelfE_01/model.config\n'}
[0.146384] (bopt_description) StdoutLine: {'line': b'-- Up-to-date symlink: /home/jkw/bopt_ws/install/bopt_description/share/bopt_description/models/aws_robomaker_warehouse_ShelfE_01/model.sdf\n'}
[0.146413] (bopt_description) StdoutLine: {'line': b'-- Up-to-date symlink: /home/jkw/bopt_ws/install/bopt_description/share/bopt_description/models/aws_robomaker_warehouse_ShelfF_01/materials/textures/aws_robomaker_warehouse_ShelfF_01.png\n'}
[0.146441] (bopt_description) StdoutLine: {'line': b'-- Up-to-date symlink: /home/jkw/bopt_ws/install/bopt_description/share/bopt_description/models/aws_robomaker_warehouse_ShelfF_01/materials/textures/aws_robomaker_warehouse_ShelfF_02.png\n'}
[0.146469] (bopt_description) StdoutLine: {'line': b'-- Up-to-date symlink: /home/jkw/bopt_ws/install/bopt_description/share/bopt_description/models/aws_robomaker_warehouse_ShelfF_01/materials/textures/aws_robomaker_warehouse_ShelfF_03.png\n'}
[0.146497] (bopt_description) StdoutLine: {'line': b'-- Up-to-date symlink: /home/jkw/bopt_ws/install/bopt_description/share/bopt_description/models/aws_robomaker_warehouse_ShelfF_01/meshes/aws_robomaker_warehouse_ShelfF_01_collision.DAE\n'}
[0.146525] (bopt_description) StdoutLine: {'line': b'-- Up-to-date symlink: /home/jkw/bopt_ws/install/bopt_description/share/bopt_description/models/aws_robomaker_warehouse_ShelfF_01/meshes/aws_robomaker_warehouse_ShelfF_01_visual.DAE\n'}
[0.146552] (bopt_description) StdoutLine: {'line': b'-- Up-to-date symlink: /home/jkw/bopt_ws/install/bopt_description/share/bopt_description/models/aws_robomaker_warehouse_ShelfF_01/model.config\n'}
[0.146579] (bopt_description) StdoutLine: {'line': b'-- Up-to-date symlink: /home/jkw/bopt_ws/install/bopt_description/share/bopt_description/models/aws_robomaker_warehouse_ShelfF_01/model.sdf\n'}
[0.146608] (bopt_description) StdoutLine: {'line': b'-- Up-to-date symlink: /home/jkw/bopt_ws/install/bopt_description/share/bopt_description/models/aws_robomaker_warehouse_TrashCanC_01/materials/textures/aws_robomaker_warehouse_TrashCanC_01.png\n'}
[0.146636] (bopt_description) StdoutLine: {'line': b'-- Up-to-date symlink: /home/jkw/bopt_ws/install/bopt_description/share/bopt_description/models/aws_robomaker_warehouse_TrashCanC_01/meshes/aws_robomaker_warehouse_TrashCanC_01_collision.DAE\n'}
[0.146663] (bopt_description) StdoutLine: {'line': b'-- Up-to-date symlink: /home/jkw/bopt_ws/install/bopt_description/share/bopt_description/models/aws_robomaker_warehouse_TrashCanC_01/meshes/aws_robomaker_warehouse_TrashCanC_01_visual.DAE\n'}
[0.146690] (bopt_description) StdoutLine: {'line': b'-- Up-to-date symlink: /home/jkw/bopt_ws/install/bopt_description/share/bopt_description/models/aws_robomaker_warehouse_TrashCanC_01/model.config\n'}
[0.146717] (bopt_description) StdoutLine: {'line': b'-- Up-to-date symlink: /home/jkw/bopt_ws/install/bopt_description/share/bopt_description/models/aws_robomaker_warehouse_TrashCanC_01/model.sdf\n'}
[0.146746] (bopt_description) StdoutLine: {'line': b'-- Up-to-date symlink: /home/jkw/bopt_ws/install/bopt_description/share/bopt_description/models/aws_robomaker_warehouse_WallB_01/materials/textures/aws_robomaker_warehouse_WallB_01.png\n'}
[0.146774] (bopt_description) StdoutLine: {'line': b'-- Up-to-date symlink: /home/jkw/bopt_ws/install/bopt_description/share/bopt_description/models/aws_robomaker_warehouse_WallB_01/meshes/aws_robomaker_warehouse_WallB_01_collision.DAE\n'}
[0.146802] (bopt_description) StdoutLine: {'line': b'-- Up-to-date symlink: /home/jkw/bopt_ws/install/bopt_description/share/bopt_description/models/aws_robomaker_warehouse_WallB_01/meshes/aws_robomaker_warehouse_WallB_01_visual.DAE\n'}
[0.146829] (bopt_description) StdoutLine: {'line': b'-- Up-to-date symlink: /home/jkw/bopt_ws/install/bopt_description/share/bopt_description/models/aws_robomaker_warehouse_WallB_01/model.config\n'}
[0.146856] (bopt_description) StdoutLine: {'line': b'-- Up-to-date symlink: /home/jkw/bopt_ws/install/bopt_description/share/bopt_description/models/aws_robomaker_warehouse_WallB_01/model.sdf\n'}
[0.146883] (bopt_description) StdoutLine: {'line': b'-- Up-to-date symlink: /home/jkw/bopt_ws/install/bopt_description/share/bopt_description/models/heightmap/.model.sdf.swp\n'}
[0.146911] (bopt_description) StdoutLine: {'line': b'-- Up-to-date symlink: /home/jkw/bopt_ws/install/bopt_description/share/bopt_description/models/heightmap/MSEL_ign.png\n'}
[0.146941] (bopt_description) StdoutLine: {'line': b'-- Up-to-date symlink: /home/jkw/bopt_ws/install/bopt_description/share/bopt_description/models/heightmap/materials/textures/MSEL - WORLD.dae\n'}
[0.146970] (bopt_description) StdoutLine: {'line': b'-- Up-to-date symlink: /home/jkw/bopt_ws/install/bopt_description/share/bopt_description/models/heightmap/materials/textures/MSEL-e.png\n'}
[0.146999] (bopt_description) StdoutLine: {'line': b'-- Up-to-date symlink: /home/jkw/bopt_ws/install/bopt_description/share/bopt_description/models/heightmap/materials/textures/MSEL-e1.png\n'}
[0.147027] (bopt_description) StdoutLine: {'line': b'-- Up-to-date symlink: /home/jkw/bopt_ws/install/bopt_description/share/bopt_description/models/heightmap/materials/textures/MSEL-e2.png\n'}
[0.147055] (bopt_description) StdoutLine: {'line': b'-- Up-to-date symlink: /home/jkw/bopt_ws/install/bopt_description/share/bopt_description/models/heightmap/materials/textures/MSEL-e3.png\n'}
[0.147083] (bopt_description) StdoutLine: {'line': b'-- Up-to-date symlink: /home/jkw/bopt_ws/install/bopt_description/share/bopt_description/models/heightmap/materials/textures/MSEL-e4.png\n'}
[0.147113] (bopt_description) StdoutLine: {'line': b'-- Up-to-date symlink: /home/jkw/bopt_ws/install/bopt_description/share/bopt_description/models/heightmap/materials/textures/MSEL.png\n'}
[0.147141] (bopt_description) StdoutLine: {'line': b'-- Up-to-date symlink: /home/jkw/bopt_ws/install/bopt_description/share/bopt_description/models/heightmap/materials/textures/MSEL_World_01.png\n'}
[0.147169] (bopt_description) StdoutLine: {'line': b'-- Up-to-date symlink: /home/jkw/bopt_ws/install/bopt_description/share/bopt_description/models/heightmap/materials/textures/MSEL_color.jpg\n'}
[0.147197] (bopt_description) StdoutLine: {'line': b'-- Up-to-date symlink: /home/jkw/bopt_ws/install/bopt_description/share/bopt_description/models/heightmap/materials/textures/MSEL_gz.png\n'}
[0.147224] (bopt_description) StdoutLine: {'line': b'-- Up-to-date symlink: /home/jkw/bopt_ws/install/bopt_description/share/bopt_description/models/heightmap/materials/textures/MSEL_ign.png\n'}
[0.147253] (bopt_description) StdoutLine: {'line': b'-- Up-to-date symlink: /home/jkw/bopt_ws/install/bopt_description/share/bopt_description/models/heightmap/materials/textures/MSEL_ign_fixed.png\n'}
[0.147285] (bopt_description) StdoutLine: {'line': b'-- Up-to-date symlink: /home/jkw/bopt_ws/install/bopt_description/share/bopt_description/models/heightmap/materials/textures/MSEL_world.dae\n'}
[0.147321] (bopt_description) StdoutLine: {'line': b'-- Up-to-date symlink: /home/jkw/bopt_ws/install/bopt_description/share/bopt_description/models/heightmap/materials/textures/back_01.jpg\n'}
[0.147352] (bopt_description) StdoutLine: {'line': b'-- Up-to-date symlink: /home/jkw/bopt_ws/install/bopt_description/share/bopt_description/models/heightmap/materials/textures/empty.dae\n'}
[0.147379] (bopt_description) StdoutLine: {'line': b'-- Up-to-date symlink: /home/jkw/bopt_ws/install/bopt_description/share/bopt_description/models/heightmap/materials/textures/heightmap.png\n'}
[0.147407] (bopt_description) StdoutLine: {'line': b'-- Up-to-date symlink: /home/jkw/bopt_ws/install/bopt_description/share/bopt_description/models/heightmap/materials/textures/workshop_speed.bak.png\n'}
[0.147435] (bopt_description) StdoutLine: {'line': b'-- Up-to-date symlink: /home/jkw/bopt_ws/install/bopt_description/share/bopt_description/models/heightmap/materials/textures/workshop_speed.png\n'}
[0.147462] (bopt_description) StdoutLine: {'line': b'-- Up-to-date symlink: /home/jkw/bopt_ws/install/bopt_description/share/bopt_description/models/heightmap/model-1_2.sdf\n'}
[0.147489] (bopt_description) StdoutLine: {'line': b'-- Up-to-date symlink: /home/jkw/bopt_ws/install/bopt_description/share/bopt_description/models/heightmap/model-1_3.sdf\n'}
[0.147515] (bopt_description) StdoutLine: {'line': b'-- Up-to-date symlink: /home/jkw/bopt_ws/install/bopt_description/share/bopt_description/models/heightmap/model-1_4.sdf\n'}
[0.147542] (bopt_description) StdoutLine: {'line': b'-- Up-to-date symlink: /home/jkw/bopt_ws/install/bopt_description/share/bopt_description/models/heightmap/model.config\n'}
[0.147567] (bopt_description) StdoutLine: {'line': b'-- Up-to-date symlink: /home/jkw/bopt_ws/install/bopt_description/share/bopt_description/models/heightmap/model.sdf\n'}
[0.147593] (bopt_description) StdoutLine: {'line': b'-- Up-to-date symlink: /home/jkw/bopt_ws/install/bopt_description/share/bopt_description/models/heightmap/model2.sdf\n'}
[0.147619] (bopt_description) StdoutLine: {'line': b'-- Up-to-date symlink: /home/jkw/bopt_ws/install/bopt_description/share/bopt_description/models/safety_box/model.config\n'}
[0.147646] (bopt_description) StdoutLine: {'line': b'-- Up-to-date symlink: /home/jkw/bopt_ws/install/bopt_description/share/bopt_description/models/safety_box/model.sdf\n'}
[0.147671] (bopt_description) StdoutLine: {'line': b'-- Up-to-date symlink: /home/jkw/bopt_ws/install/bopt_description/share/bopt_description/models/testing_ground_amcl.stl\n'}
[0.147745] (bopt_description) StdoutLine: {'line': b'-- Up-to-date symlink: /home/jkw/bopt_ws/install/bopt_description/share/ament_index/resource_index/package_run_dependencies/bopt_description\n'}
[0.147792] (bopt_description) StdoutLine: {'line': b'-- Up-to-date symlink: /home/jkw/bopt_ws/install/bopt_description/share/ament_index/resource_index/parent_prefix_path/bopt_description\n'}
[0.147837] (bopt_description) StdoutLine: {'line': b'-- Up-to-date symlink: /home/jkw/bopt_ws/install/bopt_description/share/bopt_description/environment/ament_prefix_path.sh\n'}
[0.147877] (bopt_description) StdoutLine: {'line': b'-- Up-to-date symlink: /home/jkw/bopt_ws/install/bopt_description/share/bopt_description/environment/ament_prefix_path.dsv\n'}
[0.147918] (bopt_description) StdoutLine: {'line': b'-- Up-to-date symlink: /home/jkw/bopt_ws/install/bopt_description/share/bopt_description/environment/path.sh\n'}
[0.147957] (bopt_description) StdoutLine: {'line': b'-- Up-to-date symlink: /home/jkw/bopt_ws/install/bopt_description/share/bopt_description/environment/path.dsv\n'}
[0.147996] (bopt_description) StdoutLine: {'line': b'-- Up-to-date symlink: /home/jkw/bopt_ws/install/bopt_description/share/bopt_description/local_setup.bash\n'}
[0.148033] (bopt_description) StdoutLine: {'line': b'-- Up-to-date symlink: /home/jkw/bopt_ws/install/bopt_description/share/bopt_description/local_setup.sh\n'}
[0.148070] (bopt_description) StdoutLine: {'line': b'-- Up-to-date symlink: /home/jkw/bopt_ws/install/bopt_description/share/bopt_description/local_setup.zsh\n'}
[0.148106] (bopt_description) StdoutLine: {'line': b'-- Up-to-date symlink: /home/jkw/bopt_ws/install/bopt_description/share/bopt_description/local_setup.dsv\n'}
[0.148135] (bopt_description) StdoutLine: {'line': b'-- Symlinking: /home/jkw/bopt_ws/install/bopt_description/share/bopt_description/package.dsv\n'}
[0.151321] (bopt_description) StdoutLine: {'line': b'-- Up-to-date symlink: /home/jkw/bopt_ws/install/bopt_description/share/ament_index/resource_index/packages/bopt_description\n'}
[0.151372] (bopt_description) StdoutLine: {'line': b'-- Up-to-date symlink: /home/jkw/bopt_ws/install/bopt_description/share/bopt_description/cmake/bopt_descriptionConfig.cmake\n'}
[0.151424] (bopt_description) StdoutLine: {'line': b'-- Up-to-date symlink: /home/jkw/bopt_ws/install/bopt_description/share/bopt_description/cmake/bopt_descriptionConfig-version.cmake\n'}
[0.151471] (bopt_description) StdoutLine: {'line': b'-- Up-to-date symlink: /home/jkw/bopt_ws/install/bopt_description/share/bopt_description/package.xml\n'}
[0.152212] (bopt_description) CommandEnded: {'returncode': 0}
[0.158947] (bopt_description) JobEnded: {'identifier': 'bopt_description', 'rc': 0}
[0.199926] (-) TimerEvent: {}
[0.247467] (bopt_controller) Command: {'cmd': ['/usr/bin/python3', '-W', 'ignore:setup.py install is deprecated', '-W', 'ignore:easy_install command is deprecated', 'setup.py', 'egg_info', '--egg-base', '../../build/bopt_controller', 'build', '--build-base', '/home/jkw/bopt_ws/build/bopt_controller/build', 'install', '--record', '/home/jkw/bopt_ws/build/bopt_controller/install.log', '--install-scripts', '$base/lib/bopt_controller', '--single-version-externally-managed', 'install_data'], 'cwd': '/home/jkw/bopt_ws/src/bopt_controller', 'env': {'PYENV_VIRTUALENV_INIT': '1', 'GJS_DEBUG_TOPICS': 'JS ERROR;JS LOG', 'PYTHON_BASIC_REPL': '1', 'LESSOPEN': '| /usr/bin/lesspipe %s', 'LANGUAGE': 'en_IN:en', 'USER': 'jkw', 'XDG_SESSION_TYPE': 'x11', 'GIT_ASKPASS': '/home/jkw/Downloads/Antigravity IDE/resources/app/extensions/git/dist/askpass.sh', 'SHLVL': '2', 'LD_LIBRARY_PATH': '/usr/lib/x86_64-linux-gnu/gazebo-11/plugins:/opt/ros/humble/opt/rviz_ogre_vendor/lib:/opt/ros/humble/lib/x86_64-linux-gnu:/opt/ros/humble/lib', 'ANTIGRAVITY_CLI_ALIAS': 'agy-ide', 'HOME': '/home/jkw', 'CHROME_DESKTOP': 'antigravity-ide.desktop', 'OLDPWD': '/home/jkw/Downloads', 'TERM_PROGRAM_VERSION': '1.107.0', 'DESKTOP_SESSION': 'ubuntu', 'PYENV_SHELL': 'bash', 'GIO_LAUNCHED_DESKTOP_FILE': '/usr/share/applications/terminator.desktop', 'ROS_PYTHON_VERSION': '3', 'GNOME_SHELL_SESSION_MODE': 'ubuntu', 'GTK_MODULES': 'gail:atk-bridge', 'VSCODE_GIT_ASKPASS_MAIN': '/home/jkw/Downloads/Antigravity IDE/resources/app/extensions/git/dist/askpass-main.js', 'VSCODE_GIT_ASKPASS_NODE': '/home/jkw/Downloads/Antigravity IDE/antigravity-ide', 'MANAGERPID': '2197', 'PYDEVD_DISABLE_FILE_VALIDATION': '1', 'SYSTEMD_EXEC_PID': '2463', 'BUNDLED_DEBUGPY_PATH': '/home/jkw/.antigravity-ide/extensions/ms-python.debugpy-2026.6.0-linux-x64/bundled/libs/debugpy', 'VSCODE_PYTHON_AUTOACTIVATE_GUARD': '1', 'DBUS_SESSION_BUS_ADDRESS': 'unix:path=/run/user/1000/bus', 'COLORTERM': 'truecolor', 'TERMINATOR_DBUS_NAME': 'net.tenshu.Terminator23558193cd9818af7fe4d2c2f5bd9d00f', 'GIO_LAUNCHED_DESKTOP_FILE_PID': '4104', 'COLCON_PREFIX_PATH': '/home/jkw/bopt_ws/install', 'ROS_DISTRO': 'humble', 'GTK_IM_MODULE': 'ibus', 'LOGNAME': 'jkw', 'JOURNAL_STREAM': '8:19740', '_': '/usr/bin/colcon', 'ROS_VERSION': '2', 'XDG_SESSION_CLASS': 'user', 'USERNAME': 'jkw', 'TERM': 'xterm-256color', 'GNOME_DESKTOP_SESSION_ID': 'this-is-deprecated', 'FC_FONTATIONS': '1', 'ROS_LOCALHOST_ONLY': '0', 'WINDOWPATH': '2', 'PATH': '/home/jkw/.local/bin:/home/jkw/.pyenv/plugins/pyenv-virtualenv/shims:/home/jkw/.pyenv/shims:/home/jkw/.pyenv/bin:/home/jkw/.local/kitty.app/bin:/home/jkw/.local/bin:/home/jkw/.local/bin:/home/jkw/.local/bin:/home/jkw/.pyenv/plugins/pyenv-virtualenv/shims:/home/jkw/.pyenv/bin:/home/jkw/.local/kitty.app/bin:/home/jkw/.local/bin:/home/jkw/.pyenv/plugins/pyenv-virtualenv/shims:/home/jkw/.pyenv/bin:/home/jkw/.local/kitty.app/bin:/opt/ros/humble/bin:/home/jkw/.local/bin:/home/jkw/.local/bin:/usr/local/sbin:/usr/local/bin:/usr/sbin:/usr/bin:/sbin:/bin:/usr/games:/usr/local/games:/snap/bin:/snap/bin:/home/jkw/.antigravity-ide/extensions/ms-python.debugpy-2026.6.0-linux-x64/bundled/scripts/noConfigScripts', 'SESSION_MANAGER': 'local/jkw-MS-7E59:@/tmp/.ICE-unix/2440,unix/jkw-MS-7E59:/tmp/.ICE-unix/2440', 'INVOCATION_ID': '8c30bf8d52a146b180b60456610a3415', 'XDG_MENU_PREFIX': 'gnome-', 'XDG_RUNTIME_DIR': '/run/user/1000', 'GDK_BACKEND': 'x11', 'DISPLAY': ':1', 'VSCODE_DEBUGPY_ADAPTER_ENDPOINTS': '/home/jkw/.antigravity-ide/extensions/ms-python.debugpy-2026.6.0-linux-x64/.noConfigDebugAdapterEndpoints/endpoint-17e956a7c0874d9d.txt', 'TERMINATOR_DBUS_PATH': '/net/tenshu/Terminator2', 'LANG': 'en_US.UTF-8', 'XDG_CURRENT_DESKTOP': 'ubuntu:GNOME', 'PYTHONSTARTUP': '/home/jkw/.config/Antigravity IDE/User/workspaceStorage/41f3336bc77ddcef4ec35eb017ffa178/ms-python.python/pythonrc.py', 'IBUS_DISABLE_SNOOPER': '1', 'XMODIFIERS': '@im=ibus', 'XDG_SESSION_DESKTOP': 'ubuntu', 'XAUTHORITY': '/run/user/1000/gdm/Xauthority', 'LS_COLORS': 'rs=0:di=01;34:ln=01;36:mh=00:pi=40;33:so=01;35:do=01;35:bd=40;33;01:cd=40;33;01:or=40;31;01:mi=00:su=37;41:sg=30;43:ca=30;41:tw=30;42:ow=34;42:st=37;44:ex=01;32:*.tar=01;31:*.tgz=01;31:*.arc=01;31:*.arj=01;31:*.taz=01;31:*.lha=01;31:*.lz4=01;31:*.lzh=01;31:*.lzma=01;31:*.tlz=01;31:*.txz=01;31:*.tzo=01;31:*.t7z=01;31:*.zip=01;31:*.z=01;31:*.dz=01;31:*.gz=01;31:*.lrz=01;31:*.lz=01;31:*.lzo=01;31:*.xz=01;31:*.zst=01;31:*.tzst=01;31:*.bz2=01;31:*.bz=01;31:*.tbz=01;31:*.tbz2=01;31:*.tz=01;31:*.deb=01;31:*.rpm=01;31:*.jar=01;31:*.war=01;31:*.ear=01;31:*.sar=01;31:*.rar=01;31:*.alz=01;31:*.ace=01;31:*.zoo=01;31:*.cpio=01;31:*.7z=01;31:*.rz=01;31:*.cab=01;31:*.wim=01;31:*.swm=01;31:*.dwm=01;31:*.esd=01;31:*.jpg=01;35:*.jpeg=01;35:*.mjpg=01;35:*.mjpeg=01;35:*.gif=01;35:*.bmp=01;35:*.pbm=01;35:*.pgm=01;35:*.ppm=01;35:*.tga=01;35:*.xbm=01;35:*.xpm=01;35:*.tif=01;35:*.tiff=01;35:*.png=01;35:*.svg=01;35:*.svgz=01;35:*.mng=01;35:*.pcx=01;35:*.mov=01;35:*.mpg=01;35:*.mpeg=01;35:*.m2v=01;35:*.mkv=01;35:*.webm=01;35:*.webp=01;35:*.ogm=01;35:*.mp4=01;35:*.m4v=01;35:*.mp4v=01;35:*.vob=01;35:*.qt=01;35:*.nuv=01;35:*.wmv=01;35:*.asf=01;35:*.rm=01;35:*.rmvb=01;35:*.flc=01;35:*.avi=01;35:*.fli=01;35:*.flv=01;35:*.gl=01;35:*.dl=01;35:*.xcf=01;35:*.xwd=01;35:*.yuv=01;35:*.cgm=01;35:*.emf=01;35:*.ogv=01;35:*.ogx=01;35:*.aac=00;36:*.au=00;36:*.flac=00;36:*.m4a=00;36:*.mid=00;36:*.midi=00;36:*.mka=00;36:*.mp3=00;36:*.mpc=00;36:*.ogg=00;36:*.ra=00;36:*.wav=00;36:*.oga=00;36:*.opus=00;36:*.spx=00;36:*.xspf=00;36:', 'VSCODE_GIT_IPC_HANDLE': '/run/user/1000/vscode-git-2b1d280fd0.sock', 'TERM_PROGRAM': 'vscode', 'SSH_AGENT_LAUNCHER': 'gnome-keyring', 'SSH_AUTH_SOCK': '/run/user/1000/keyring/ssh', 'AMENT_PREFIX_PATH': '/home/jkw/bopt_ws/install/bopt_description:/home/jkw/bopt_ws/install/bopt_controller:/opt/ros/humble', 'SHELL': '/bin/bash', 'TERMINATOR_UUID': 'urn:uuid:c85302b2-0b68-4259-8c68-1fbd02900cfe', 'QT_ACCESSIBILITY': '1', 'GDMSESSION': 'ubuntu', 'LESSCLOSE': '/usr/bin/lesspipe %s %s', 'GPG_AGENT_INFO': '/run/user/1000/gnupg/S.gpg-agent:0:1', 'GJS_DEBUG_OUTPUT': 'stderr', 'VSCODE_GIT_ASKPASS_EXTRA_ARGS': '', 'QT_IM_MODULE': 'ibus', 'PWD': '/home/jkw/bopt_ws/build/bopt_controller', 'LC_ALL': 'en_US.UTF-8', 'XDG_CONFIG_DIRS': '/etc/xdg/xdg-ubuntu:/etc/xdg', 'PYENV_ROOT': '/home/jkw/.pyenv', 'XDG_DATA_DIRS': '/usr/share/ubuntu:/usr/share/gnome:/usr/local/share/:/usr/share/:/var/lib/snapd/desktop', 'PYTHONPATH': '/home/jkw/bopt_ws/build/bopt_controller/prefix_override:/usr/lib/python3/dist-packages/colcon_core/task/python/colcon_distutils_commands:/home/jkw/bopt_ws/install/bopt_controller/lib/python3.10/site-packages:/home/jkw/bopt_ws/install/bopt_controller/lib/python3.10/site-packages:/opt/ros/humble/lib/python3.10/site-packages:/opt/ros/humble/local/lib/python3.10/dist-packages', 'COLCON': '1', 'VTE_VERSION': '6800', 'CMAKE_PREFIX_PATH': '/home/jkw/bopt_ws/install/bopt_description'}, 'shell': False}
[0.300021] (-) TimerEvent: {}
[0.338838] (bopt_controller) StdoutLine: {'line': b'running egg_info\n'}
[0.339109] (bopt_controller) StdoutLine: {'line': b'writing ../../build/bopt_controller/bopt_controller.egg-info/PKG-INFO\n'}
[0.339202] (bopt_controller) StdoutLine: {'line': b'writing dependency_links to ../../build/bopt_controller/bopt_controller.egg-info/dependency_links.txt\n'}
[0.339276] (bopt_controller) StdoutLine: {'line': b'writing entry points to ../../build/bopt_controller/bopt_controller.egg-info/entry_points.txt\n'}
[0.339341] (bopt_controller) StdoutLine: {'line': b'writing requirements to ../../build/bopt_controller/bopt_controller.egg-info/requires.txt\n'}
[0.339377] (bopt_controller) StdoutLine: {'line': b'writing top-level names to ../../build/bopt_controller/bopt_controller.egg-info/top_level.txt\n'}
[0.339940] (bopt_controller) StdoutLine: {'line': b"reading manifest file '../../build/bopt_controller/bopt_controller.egg-info/SOURCES.txt'\n"}
[0.340310] (bopt_controller) StdoutLine: {'line': b"writing manifest file '../../build/bopt_controller/bopt_controller.egg-info/SOURCES.txt'\n"}
[0.340345] (bopt_controller) StdoutLine: {'line': b'running build\n'}
[0.340363] (bopt_controller) StdoutLine: {'line': b'running build_py\n'}
[0.340451] (bopt_controller) StdoutLine: {'line': b'running install\n'}
[0.340573] (bopt_controller) StdoutLine: {'line': b'running install_lib\n'}
[0.341004] (bopt_controller) StdoutLine: {'line': b'running install_data\n'}
[0.341042] (bopt_controller) StdoutLine: {'line': b'running install_egg_info\n'}
[0.341716] (bopt_controller) StdoutLine: {'line': b"removing '/home/jkw/bopt_ws/install/bopt_controller/lib/python3.10/site-packages/bopt_controller-0.0.0-py3.10.egg-info' (and everything under it)\n"}
[0.341848] (bopt_controller) StdoutLine: {'line': b'Copying ../../build/bopt_controller/bopt_controller.egg-info to /home/jkw/bopt_ws/install/bopt_controller/lib/python3.10/site-packages/bopt_controller-0.0.0-py3.10.egg-info\n'}
[0.342084] (bopt_controller) StdoutLine: {'line': b'running install_scripts\n'}
[0.351009] (bopt_controller) StdoutLine: {'line': b'Installing bopt_controller script to /home/jkw/bopt_ws/install/bopt_controller/lib/bopt_controller\n'}
[0.351073] (bopt_controller) StdoutLine: {'line': b'Installing bopt_keyboard script to /home/jkw/bopt_ws/install/bopt_controller/lib/bopt_controller\n'}
[0.351187] (bopt_controller) StdoutLine: {'line': b"writing list of installed files to '/home/jkw/bopt_ws/build/bopt_controller/install.log'\n"}
[0.363357] (bopt_controller) CommandEnded: {'returncode': 0}
[0.366016] (bopt_controller) JobEnded: {'identifier': 'bopt_controller', 'rc': 0}
[0.366335] (-) EventReactorShutdown: {}
