[0.000000] (-) TimerEvent: {}
[0.000202] (bopt_controller) JobQueued: {'identifier': 'bopt_controller', 'dependencies': OrderedDict()}
[0.000263] (bopt_description) JobQueued: {'identifier': 'bopt_description', 'dependencies': OrderedDict()}
[0.000321] (bopt_controller) JobStarted: {'identifier': 'bopt_controller'}
[0.003058] (bopt_description) JobStarted: {'identifier': 'bopt_description'}
[0.099846] (-) TimerEvent: {}
[0.102580] (bopt_description) JobProgress: {'identifier': 'bopt_description', 'progress': 'cmake'}
[0.103132] (bopt_description) JobProgress: {'identifier': 'bopt_description', 'progress': 'build'}
[0.103205] (bopt_description) Command: {'cmd': ['/usr/bin/cmake', '--build', '/home/jkw/bopt_ws/build/bopt_description', '--', '-j32', '-l32'], 'cwd': '/home/jkw/bopt_ws/build/bopt_description', 'env': OrderedDict([('PYENV_VIRTUALENV_INIT', '1'), ('GJS_DEBUG_TOPICS', 'JS ERROR;JS LOG'), ('PYTHON_BASIC_REPL', '1'), ('LESSOPEN', '| /usr/bin/lesspipe %s'), ('LANGUAGE', 'en_IN:en'), ('USER', 'jkw'), ('XDG_SESSION_TYPE', 'x11'), ('GIT_ASKPASS', '/home/jkw/Downloads/Antigravity IDE/resources/app/extensions/git/dist/askpass.sh'), ('SHLVL', '2'), ('LD_LIBRARY_PATH', '/usr/lib/x86_64-linux-gnu/gazebo-11/plugins:/opt/ros/humble/opt/rviz_ogre_vendor/lib:/opt/ros/humble/lib/x86_64-linux-gnu:/opt/ros/humble/lib'), ('ANTIGRAVITY_CLI_ALIAS', 'agy-ide'), ('HOME', '/home/jkw'), ('CHROME_DESKTOP', 'antigravity-ide.desktop'), ('OLDPWD', '/home/jkw/Downloads'), ('TERM_PROGRAM_VERSION', '1.107.0'), ('DESKTOP_SESSION', 'ubuntu'), ('PYENV_SHELL', 'bash'), ('GIO_LAUNCHED_DESKTOP_FILE', '/usr/share/applications/terminator.desktop'), ('ROS_PYTHON_VERSION', '3'), ('GNOME_SHELL_SESSION_MODE', 'ubuntu'), ('GTK_MODULES', 'gail:atk-bridge'), ('VSCODE_GIT_ASKPASS_MAIN', '/home/jkw/Downloads/Antigravity IDE/resources/app/extensions/git/dist/askpass-main.js'), ('VSCODE_GIT_ASKPASS_NODE', '/home/jkw/Downloads/Antigravity IDE/antigravity-ide'), ('MANAGERPID', '2086'), ('PYDEVD_DISABLE_FILE_VALIDATION', '1'), ('SYSTEMD_EXEC_PID', '2347'), ('BUNDLED_DEBUGPY_PATH', '/home/jkw/.antigravity-ide/extensions/ms-python.debugpy-2026.6.0-linux-x64/bundled/libs/debugpy'), ('VSCODE_PYTHON_AUTOACTIVATE_GUARD', '1'), ('DBUS_SESSION_BUS_ADDRESS', 'unix:path=/run/user/1000/bus'), ('COLORTERM', 'truecolor'), ('TERMINATOR_DBUS_NAME', 'net.tenshu.Terminator23558193cd9818af7fe4d2c2f5bd9d00f'), ('GIO_LAUNCHED_DESKTOP_FILE_PID', '11014'), ('COLCON_PREFIX_PATH', '/home/jkw/bopt_ws/install'), ('ROS_DISTRO', 'humble'), ('GTK_IM_MODULE', 'ibus'), ('LOGNAME', 'jkw'), ('JOURNAL_STREAM', '8:19756'), ('_', '/usr/bin/colcon'), ('ROS_VERSION', '2'), ('XDG_SESSION_CLASS', 'user'), ('USERNAME', 'jkw'), ('TERM', 'xterm-256color'), ('GNOME_DESKTOP_SESSION_ID', 'this-is-deprecated'), ('FC_FONTATIONS', '1'), ('ROS_LOCALHOST_ONLY', '0'), ('WINDOWPATH', '2'), ('PATH', '/home/jkw/.local/bin:/home/jkw/.pyenv/plugins/pyenv-virtualenv/shims:/home/jkw/.pyenv/shims:/home/jkw/.pyenv/bin:/home/jkw/.local/kitty.app/bin:/home/jkw/.local/bin:/home/jkw/.local/bin:/home/jkw/.local/bin:/home/jkw/.pyenv/plugins/pyenv-virtualenv/shims:/home/jkw/.pyenv/bin:/home/jkw/.local/kitty.app/bin:/home/jkw/.local/bin:/home/jkw/.pyenv/plugins/pyenv-virtualenv/shims:/home/jkw/.pyenv/bin:/home/jkw/.local/kitty.app/bin:/opt/ros/humble/bin:/home/jkw/.local/bin:/home/jkw/.local/bin:/usr/local/sbin:/usr/local/bin:/usr/sbin:/usr/bin:/sbin:/bin:/usr/games:/usr/local/games:/snap/bin:/snap/bin:/home/jkw/.antigravity-ide/extensions/ms-python.debugpy-2026.6.0-linux-x64/bundled/scripts/noConfigScripts'), ('SESSION_MANAGER', 'local/jkw-MS-7E59:@/tmp/.ICE-unix/2328,unix/jkw-MS-7E59:/tmp/.ICE-unix/2328'), ('INVOCATION_ID', '0d2690ebc2fe4021a28edc458181117b'), ('XDG_MENU_PREFIX', 'gnome-'), ('XDG_RUNTIME_DIR', '/run/user/1000'), ('GDK_BACKEND', 'x11'), ('DISPLAY', ':1'), ('VSCODE_DEBUGPY_ADAPTER_ENDPOINTS', '/home/jkw/.antigravity-ide/extensions/ms-python.debugpy-2026.6.0-linux-x64/.noConfigDebugAdapterEndpoints/endpoint-cb60908d1216bfbb.txt'), ('TERMINATOR_DBUS_PATH', '/net/tenshu/Terminator2'), ('LANG', 'en_US.UTF-8'), ('XDG_CURRENT_DESKTOP', 'ubuntu:GNOME'), ('PYTHONSTARTUP', '/home/jkw/.config/Antigravity IDE/User/workspaceStorage/41f3336bc77ddcef4ec35eb017ffa178/ms-python.python/pythonrc.py'), ('IBUS_DISABLE_SNOOPER', '1'), ('XMODIFIERS', '@im=ibus'), ('XDG_SESSION_DESKTOP', 'ubuntu'), ('XAUTHORITY', '/run/user/1000/gdm/Xauthority'), ('LS_COLORS', 'rs=0:di=01;34:ln=01;36:mh=00:pi=40;33:so=01;35:do=01;35:bd=40;33;01:cd=40;33;01:or=40;31;01:mi=00:su=37;41:sg=30;43:ca=30;41:tw=30;42:ow=34;42:st=37;44:ex=01;32:*.tar=01;31:*.tgz=01;31:*.arc=01;31:*.arj=01;31:*.taz=01;31:*.lha=01;31:*.lz4=01;31:*.lzh=01;31:*.lzma=01;31:*.tlz=01;31:*.txz=01;31:*.tzo=01;31:*.t7z=01;31:*.zip=01;31:*.z=01;31:*.dz=01;31:*.gz=01;31:*.lrz=01;31:*.lz=01;31:*.lzo=01;31:*.xz=01;31:*.zst=01;31:*.tzst=01;31:*.bz2=01;31:*.bz=01;31:*.tbz=01;31:*.tbz2=01;31:*.tz=01;31:*.deb=01;31:*.rpm=01;31:*.jar=01;31:*.war=01;31:*.ear=01;31:*.sar=01;31:*.rar=01;31:*.alz=01;31:*.ace=01;31:*.zoo=01;31:*.cpio=01;31:*.7z=01;31:*.rz=01;31:*.cab=01;31:*.wim=01;31:*.swm=01;31:*.dwm=01;31:*.esd=01;31:*.jpg=01;35:*.jpeg=01;35:*.mjpg=01;35:*.mjpeg=01;35:*.gif=01;35:*.bmp=01;35:*.pbm=01;35:*.pgm=01;35:*.ppm=01;35:*.tga=01;35:*.xbm=01;35:*.xpm=01;35:*.tif=01;35:*.tiff=01;35:*.png=01;35:*.svg=01;35:*.svgz=01;35:*.mng=01;35:*.pcx=01;35:*.mov=01;35:*.mpg=01;35:*.mpeg=01;35:*.m2v=01;35:*.mkv=01;35:*.webm=01;35:*.webp=01;35:*.ogm=01;35:*.mp4=01;35:*.m4v=01;35:*.mp4v=01;35:*.vob=01;35:*.qt=01;35:*.nuv=01;35:*.wmv=01;35:*.asf=01;35:*.rm=01;35:*.rmvb=01;35:*.flc=01;35:*.avi=01;35:*.fli=01;35:*.flv=01;35:*.gl=01;35:*.dl=01;35:*.xcf=01;35:*.xwd=01;35:*.yuv=01;35:*.cgm=01;35:*.emf=01;35:*.ogv=01;35:*.ogx=01;35:*.aac=00;36:*.au=00;36:*.flac=00;36:*.m4a=00;36:*.mid=00;36:*.midi=00;36:*.mka=00;36:*.mp3=00;36:*.mpc=00;36:*.ogg=00;36:*.ra=00;36:*.wav=00;36:*.oga=00;36:*.opus=00;36:*.spx=00;36:*.xspf=00;36:'), ('VSCODE_GIT_IPC_HANDLE', '/run/user/1000/vscode-git-2b1d280fd0.sock'), ('TERM_PROGRAM', 'vscode'), ('SSH_AGENT_LAUNCHER', 'gnome-keyring'), ('SSH_AUTH_SOCK', '/run/user/1000/keyring/ssh'), ('AMENT_PREFIX_PATH', '/home/jkw/bopt_ws/install/bopt_description:/home/jkw/bopt_ws/install/bopt_controller:/opt/ros/humble'), ('SHELL', '/bin/bash'), ('TERMINATOR_UUID', 'urn:uuid:1a38befa-d785-41b4-8b2b-c56d1ecd8e53'), ('QT_ACCESSIBILITY', '1'), ('GDMSESSION', 'ubuntu'), ('LESSCLOSE', '/usr/bin/lesspipe %s %s'), ('GPG_AGENT_INFO', '/run/user/1000/gnupg/S.gpg-agent:0:1'), ('GJS_DEBUG_OUTPUT', 'stderr'), ('VSCODE_GIT_ASKPASS_EXTRA_ARGS', ''), ('QT_IM_MODULE', 'ibus'), ('PWD', '/home/jkw/bopt_ws/build/bopt_description'), ('LC_ALL', 'en_US.UTF-8'), ('XDG_CONFIG_DIRS', '/etc/xdg/xdg-ubuntu:/etc/xdg'), ('PYENV_ROOT', '/home/jkw/.pyenv'), ('XDG_DATA_DIRS', '/usr/share/ubuntu:/usr/share/gnome:/usr/local/share/:/usr/share/:/var/lib/snapd/desktop'), ('PYTHONPATH', '/home/jkw/bopt_ws/install/bopt_controller/lib/python3.10/site-packages:/opt/ros/humble/lib/python3.10/site-packages:/opt/ros/humble/local/lib/python3.10/dist-packages'), ('COLCON', '1'), ('VTE_VERSION', '6800'), ('CMAKE_PREFIX_PATH', '/home/jkw/bopt_ws/install/bopt_description:/home/jkw/bopt_ws/install/bopt_controller:/opt/ros/humble')]), 'shell': False}
[0.118406] (bopt_description) CommandEnded: {'returncode': 0}
[0.118831] (bopt_description) JobProgress: {'identifier': 'bopt_description', 'progress': 'install'}
[0.121836] (bopt_description) Command: {'cmd': ['/usr/bin/cmake', '--install', '/home/jkw/bopt_ws/build/bopt_description'], 'cwd': '/home/jkw/bopt_ws/build/bopt_description', 'env': OrderedDict([('PYENV_VIRTUALENV_INIT', '1'), ('GJS_DEBUG_TOPICS', 'JS ERROR;JS LOG'), ('PYTHON_BASIC_REPL', '1'), ('LESSOPEN', '| /usr/bin/lesspipe %s'), ('LANGUAGE', 'en_IN:en'), ('USER', 'jkw'), ('XDG_SESSION_TYPE', 'x11'), ('GIT_ASKPASS', '/home/jkw/Downloads/Antigravity IDE/resources/app/extensions/git/dist/askpass.sh'), ('SHLVL', '2'), ('LD_LIBRARY_PATH', '/usr/lib/x86_64-linux-gnu/gazebo-11/plugins:/opt/ros/humble/opt/rviz_ogre_vendor/lib:/opt/ros/humble/lib/x86_64-linux-gnu:/opt/ros/humble/lib'), ('ANTIGRAVITY_CLI_ALIAS', 'agy-ide'), ('HOME', '/home/jkw'), ('CHROME_DESKTOP', 'antigravity-ide.desktop'), ('OLDPWD', '/home/jkw/Downloads'), ('TERM_PROGRAM_VERSION', '1.107.0'), ('DESKTOP_SESSION', 'ubuntu'), ('PYENV_SHELL', 'bash'), ('GIO_LAUNCHED_DESKTOP_FILE', '/usr/share/applications/terminator.desktop'), ('ROS_PYTHON_VERSION', '3'), ('GNOME_SHELL_SESSION_MODE', 'ubuntu'), ('GTK_MODULES', 'gail:atk-bridge'), ('VSCODE_GIT_ASKPASS_MAIN', '/home/jkw/Downloads/Antigravity IDE/resources/app/extensions/git/dist/askpass-main.js'), ('VSCODE_GIT_ASKPASS_NODE', '/home/jkw/Downloads/Antigravity IDE/antigravity-ide'), ('MANAGERPID', '2086'), ('PYDEVD_DISABLE_FILE_VALIDATION', '1'), ('SYSTEMD_EXEC_PID', '2347'), ('BUNDLED_DEBUGPY_PATH', '/home/jkw/.antigravity-ide/extensions/ms-python.debugpy-2026.6.0-linux-x64/bundled/libs/debugpy'), ('VSCODE_PYTHON_AUTOACTIVATE_GUARD', '1'), ('DBUS_SESSION_BUS_ADDRESS', 'unix:path=/run/user/1000/bus'), ('COLORTERM', 'truecolor'), ('TERMINATOR_DBUS_NAME', 'net.tenshu.Terminator23558193cd9818af7fe4d2c2f5bd9d00f'), ('GIO_LAUNCHED_DESKTOP_FILE_PID', '11014'), ('COLCON_PREFIX_PATH', '/home/jkw/bopt_ws/install'), ('ROS_DISTRO', 'humble'), ('GTK_IM_MODULE', 'ibus'), ('LOGNAME', 'jkw'), ('JOURNAL_STREAM', '8:19756'), ('_', '/usr/bin/colcon'), ('ROS_VERSION', '2'), ('XDG_SESSION_CLASS', 'user'), ('USERNAME', 'jkw'), ('TERM', 'xterm-256color'), ('GNOME_DESKTOP_SESSION_ID', 'this-is-deprecated'), ('FC_FONTATIONS', '1'), ('ROS_LOCALHOST_ONLY', '0'), ('WINDOWPATH', '2'), ('PATH', '/home/jkw/.local/bin:/home/jkw/.pyenv/plugins/pyenv-virtualenv/shims:/home/jkw/.pyenv/shims:/home/jkw/.pyenv/bin:/home/jkw/.local/kitty.app/bin:/home/jkw/.local/bin:/home/jkw/.local/bin:/home/jkw/.local/bin:/home/jkw/.pyenv/plugins/pyenv-virtualenv/shims:/home/jkw/.pyenv/bin:/home/jkw/.local/kitty.app/bin:/home/jkw/.local/bin:/home/jkw/.pyenv/plugins/pyenv-virtualenv/shims:/home/jkw/.pyenv/bin:/home/jkw/.local/kitty.app/bin:/opt/ros/humble/bin:/home/jkw/.local/bin:/home/jkw/.local/bin:/usr/local/sbin:/usr/local/bin:/usr/sbin:/usr/bin:/sbin:/bin:/usr/games:/usr/local/games:/snap/bin:/snap/bin:/home/jkw/.antigravity-ide/extensions/ms-python.debugpy-2026.6.0-linux-x64/bundled/scripts/noConfigScripts'), ('SESSION_MANAGER', 'local/jkw-MS-7E59:@/tmp/.ICE-unix/2328,unix/jkw-MS-7E59:/tmp/.ICE-unix/2328'), ('INVOCATION_ID', '0d2690ebc2fe4021a28edc458181117b'), ('XDG_MENU_PREFIX', 'gnome-'), ('XDG_RUNTIME_DIR', '/run/user/1000'), ('GDK_BACKEND', 'x11'), ('DISPLAY', ':1'), ('VSCODE_DEBUGPY_ADAPTER_ENDPOINTS', '/home/jkw/.antigravity-ide/extensions/ms-python.debugpy-2026.6.0-linux-x64/.noConfigDebugAdapterEndpoints/endpoint-cb60908d1216bfbb.txt'), ('TERMINATOR_DBUS_PATH', '/net/tenshu/Terminator2'), ('LANG', 'en_US.UTF-8'), ('XDG_CURRENT_DESKTOP', 'ubuntu:GNOME'), ('PYTHONSTARTUP', '/home/jkw/.config/Antigravity IDE/User/workspaceStorage/41f3336bc77ddcef4ec35eb017ffa178/ms-python.python/pythonrc.py'), ('IBUS_DISABLE_SNOOPER', '1'), ('XMODIFIERS', '@im=ibus'), ('XDG_SESSION_DESKTOP', 'ubuntu'), ('XAUTHORITY', '/run/user/1000/gdm/Xauthority'), ('LS_COLORS', 'rs=0:di=01;34:ln=01;36:mh=00:pi=40;33:so=01;35:do=01;35:bd=40;33;01:cd=40;33;01:or=40;31;01:mi=00:su=37;41:sg=30;43:ca=30;41:tw=30;42:ow=34;42:st=37;44:ex=01;32:*.tar=01;31:*.tgz=01;31:*.arc=01;31:*.arj=01;31:*.taz=01;31:*.lha=01;31:*.lz4=01;31:*.lzh=01;31:*.lzma=01;31:*.tlz=01;31:*.txz=01;31:*.tzo=01;31:*.t7z=01;31:*.zip=01;31:*.z=01;31:*.dz=01;31:*.gz=01;31:*.lrz=01;31:*.lz=01;31:*.lzo=01;31:*.xz=01;31:*.zst=01;31:*.tzst=01;31:*.bz2=01;31:*.bz=01;31:*.tbz=01;31:*.tbz2=01;31:*.tz=01;31:*.deb=01;31:*.rpm=01;31:*.jar=01;31:*.war=01;31:*.ear=01;31:*.sar=01;31:*.rar=01;31:*.alz=01;31:*.ace=01;31:*.zoo=01;31:*.cpio=01;31:*.7z=01;31:*.rz=01;31:*.cab=01;31:*.wim=01;31:*.swm=01;31:*.dwm=01;31:*.esd=01;31:*.jpg=01;35:*.jpeg=01;35:*.mjpg=01;35:*.mjpeg=01;35:*.gif=01;35:*.bmp=01;35:*.pbm=01;35:*.pgm=01;35:*.ppm=01;35:*.tga=01;35:*.xbm=01;35:*.xpm=01;35:*.tif=01;35:*.tiff=01;35:*.png=01;35:*.svg=01;35:*.svgz=01;35:*.mng=01;35:*.pcx=01;35:*.mov=01;35:*.mpg=01;35:*.mpeg=01;35:*.m2v=01;35:*.mkv=01;35:*.webm=01;35:*.webp=01;35:*.ogm=01;35:*.mp4=01;35:*.m4v=01;35:*.mp4v=01;35:*.vob=01;35:*.qt=01;35:*.nuv=01;35:*.wmv=01;35:*.asf=01;35:*.rm=01;35:*.rmvb=01;35:*.flc=01;35:*.avi=01;35:*.fli=01;35:*.flv=01;35:*.gl=01;35:*.dl=01;35:*.xcf=01;35:*.xwd=01;35:*.yuv=01;35:*.cgm=01;35:*.emf=01;35:*.ogv=01;35:*.ogx=01;35:*.aac=00;36:*.au=00;36:*.flac=00;36:*.m4a=00;36:*.mid=00;36:*.midi=00;36:*.mka=00;36:*.mp3=00;36:*.mpc=00;36:*.ogg=00;36:*.ra=00;36:*.wav=00;36:*.oga=00;36:*.opus=00;36:*.spx=00;36:*.xspf=00;36:'), ('VSCODE_GIT_IPC_HANDLE', '/run/user/1000/vscode-git-2b1d280fd0.sock'), ('TERM_PROGRAM', 'vscode'), ('SSH_AGENT_LAUNCHER', 'gnome-keyring'), ('SSH_AUTH_SOCK', '/run/user/1000/keyring/ssh'), ('AMENT_PREFIX_PATH', '/home/jkw/bopt_ws/install/bopt_description:/home/jkw/bopt_ws/install/bopt_controller:/opt/ros/humble'), ('SHELL', '/bin/bash'), ('TERMINATOR_UUID', 'urn:uuid:1a38befa-d785-41b4-8b2b-c56d1ecd8e53'), ('QT_ACCESSIBILITY', '1'), ('GDMSESSION', 'ubuntu'), ('LESSCLOSE', '/usr/bin/lesspipe %s %s'), ('GPG_AGENT_INFO', '/run/user/1000/gnupg/S.gpg-agent:0:1'), ('GJS_DEBUG_OUTPUT', 'stderr'), ('VSCODE_GIT_ASKPASS_EXTRA_ARGS', ''), ('QT_IM_MODULE', 'ibus'), ('PWD', '/home/jkw/bopt_ws/build/bopt_description'), ('LC_ALL', 'en_US.UTF-8'), ('XDG_CONFIG_DIRS', '/etc/xdg/xdg-ubuntu:/etc/xdg'), ('PYENV_ROOT', '/home/jkw/.pyenv'), ('XDG_DATA_DIRS', '/usr/share/ubuntu:/usr/share/gnome:/usr/local/share/:/usr/share/:/var/lib/snapd/desktop'), ('PYTHONPATH', '/home/jkw/bopt_ws/install/bopt_controller/lib/python3.10/site-packages:/opt/ros/humble/lib/python3.10/site-packages:/opt/ros/humble/local/lib/python3.10/dist-packages'), ('COLCON', '1'), ('VTE_VERSION', '6800'), ('CMAKE_PREFIX_PATH', '/home/jkw/bopt_ws/install/bopt_description:/home/jkw/bopt_ws/install/bopt_controller:/opt/ros/humble')]), 'shell': False}
[0.125168] (bopt_description) StdoutLine: {'line': b'-- Install configuration: ""\n'}
[0.125390] (bopt_description) StdoutLine: {'line': b'-- Execute custom install script\n'}
[0.125576] (bopt_description) StdoutLine: {'line': b'-- Up-to-date symlink: /home/jkw/bopt_ws/install/bopt_description/share/bopt_description/launch/display.launch.py\n'}
[0.125651] (bopt_description) StdoutLine: {'line': b'-- Up-to-date symlink: /home/jkw/bopt_ws/install/bopt_description/share/bopt_description/launch/gazebo.launch copy.py\n'}
[0.125685] (bopt_description) StdoutLine: {'line': b'-- Up-to-date symlink: /home/jkw/bopt_ws/install/bopt_description/share/bopt_description/launch/gazebo.launch.py\n'}
[0.125705] (bopt_description) StdoutLine: {'line': b'-- Up-to-date symlink: /home/jkw/bopt_ws/install/bopt_description/share/bopt_description/launch/simulation.launch.py\n'}
[0.125738] (bopt_description) StdoutLine: {'line': b'-- Up-to-date symlink: /home/jkw/bopt_ws/install/bopt_description/share/bopt_description/urdf/materials.xacro\n'}
[0.125779] (bopt_description) StdoutLine: {'line': b'-- Up-to-date symlink: /home/jkw/bopt_ws/install/bopt_description/share/bopt_description/urdf/robot.urdf.xacro\n'}
[0.125817] (bopt_description) StdoutLine: {'line': b'-- Up-to-date symlink: /home/jkw/bopt_ws/install/bopt_description/share/bopt_description/urdf/ros2_control.xacro\n'}
[0.125901] (bopt_description) StdoutLine: {'line': b'-- Up-to-date symlink: /home/jkw/bopt_ws/install/bopt_description/share/bopt_description/meshes/visual/3Dlidar.stl\n'}
[0.125938] (bopt_description) StdoutLine: {'line': b'-- Up-to-date symlink: /home/jkw/bopt_ws/install/bopt_description/share/bopt_description/meshes/visual/Base.stl\n'}
[0.125976] (bopt_description) StdoutLine: {'line': b'-- Up-to-date symlink: /home/jkw/bopt_ws/install/bopt_description/share/bopt_description/meshes/visual/Fork_with_base.STL\n'}
[0.126013] (bopt_description) StdoutLine: {'line': b'-- Up-to-date symlink: /home/jkw/bopt_ws/install/bopt_description/share/bopt_description/meshes/visual/casster_wheel.stl\n'}
[0.126050] (bopt_description) StdoutLine: {'line': b'-- Up-to-date symlink: /home/jkw/bopt_ws/install/bopt_description/share/bopt_description/meshes/visual/caster_wheel_ass.stl\n'}
[0.126094] (bopt_description) StdoutLine: {'line': b'-- Up-to-date symlink: /home/jkw/bopt_ws/install/bopt_description/share/bopt_description/meshes/visual/drive_wheel.stl\n'}
[0.126136] (bopt_description) StdoutLine: {'line': b'-- Up-to-date symlink: /home/jkw/bopt_ws/install/bopt_description/share/bopt_description/meshes/visual/drive_wheel_ass.stl\n'}
[0.126155] (bopt_description) StdoutLine: {'line': b'-- Up-to-date symlink: /home/jkw/bopt_ws/install/bopt_description/share/bopt_description/meshes/visual/front.stl\n'}
[0.126174] (bopt_description) StdoutLine: {'line': b'-- Up-to-date symlink: /home/jkw/bopt_ws/install/bopt_description/share/bopt_description/meshes/visual/front_socket.stl\n'}
[0.126192] (bopt_description) StdoutLine: {'line': b'-- Up-to-date symlink: /home/jkw/bopt_ws/install/bopt_description/share/bopt_description/meshes/visual/front_wheel.stl\n'}
[0.126227] (bopt_description) StdoutLine: {'line': b'-- Up-to-date symlink: /home/jkw/bopt_ws/install/bopt_description/share/bopt_description/meshes/visual/front_wheel_shaft.stl\n'}
[0.126268] (bopt_description) StdoutLine: {'line': b'-- Up-to-date symlink: /home/jkw/bopt_ws/install/bopt_description/share/bopt_description/meshes/visual/lidar19.stl\n'}
[0.126301] (bopt_description) StdoutLine: {'line': b'-- Up-to-date symlink: /home/jkw/bopt_ws/install/bopt_description/share/bopt_description/rviz/display.rviz\n'}
[0.126318] (bopt_description) StdoutLine: {'line': b'-- Up-to-date symlink: /home/jkw/bopt_ws/install/bopt_description/share/bopt_description/config/controller.yaml\n'}
[0.126351] (bopt_description) StdoutLine: {'line': b'-- Up-to-date symlink: /home/jkw/bopt_ws/install/bopt_description/share/bopt_description/worlds/empty.world\n'}
[0.128961] (bopt_description) StdoutLine: {'line': b'-- Up-to-date symlink: /home/jkw/bopt_ws/install/bopt_description/share/bopt_description/models/aws_robomaker_residential_AirconditionerA_01/materials/textures/aws_AirconditionerA_01.png\n'}
[0.129004] (bopt_description) StdoutLine: {'line': b'-- Up-to-date symlink: /home/jkw/bopt_ws/install/bopt_description/share/bopt_description/models/aws_robomaker_residential_AirconditionerA_01/meshes/aws_AirconditionerA_01_collision.DAE\n'}
[0.129047] (bopt_description) StdoutLine: {'line': b'-- Up-to-date symlink: /home/jkw/bopt_ws/install/bopt_description/share/bopt_description/models/aws_robomaker_residential_AirconditionerA_01/meshes/aws_AirconditionerA_01_visual.DAE\n'}
[0.129079] (bopt_description) StdoutLine: {'line': b'-- Up-to-date symlink: /home/jkw/bopt_ws/install/bopt_description/share/bopt_description/models/aws_robomaker_residential_AirconditionerA_01/meshes/aws__Air conditioner_01.DAE\n'}
[0.129111] (bopt_description) StdoutLine: {'line': b'-- Up-to-date symlink: /home/jkw/bopt_ws/install/bopt_description/share/bopt_description/models/aws_robomaker_residential_AirconditionerA_01/model.config\n'}
[0.129129] (bopt_description) StdoutLine: {'line': b'-- Up-to-date symlink: /home/jkw/bopt_ws/install/bopt_description/share/bopt_description/models/aws_robomaker_residential_AirconditionerA_01/model.sdf\n'}
[0.129167] (bopt_description) StdoutLine: {'line': b'-- Up-to-date symlink: /home/jkw/bopt_ws/install/bopt_description/share/bopt_description/models/aws_robomaker_residential_AirconditionerB_01/materials/textures/aws_AirconditionerB_01.png\n'}
[0.129190] (bopt_description) StdoutLine: {'line': b'-- Up-to-date symlink: /home/jkw/bopt_ws/install/bopt_description/share/bopt_description/models/aws_robomaker_residential_AirconditionerB_01/meshes/aws_AirconditionerB_01_collision.DAE\n'}
[0.129228] (bopt_description) StdoutLine: {'line': b'-- Up-to-date symlink: /home/jkw/bopt_ws/install/bopt_description/share/bopt_description/models/aws_robomaker_residential_AirconditionerB_01/meshes/aws_AirconditionerB_01_visual.DAE\n'}
[0.129264] (bopt_description) StdoutLine: {'line': b'-- Up-to-date symlink: /home/jkw/bopt_ws/install/bopt_description/share/bopt_description/models/aws_robomaker_residential_AirconditionerB_01/model.config\n'}
[0.129284] (bopt_description) StdoutLine: {'line': b'-- Up-to-date symlink: /home/jkw/bopt_ws/install/bopt_description/share/bopt_description/models/aws_robomaker_residential_AirconditionerB_01/model.sdf\n'}
[0.129321] (bopt_description) StdoutLine: {'line': b'-- Up-to-date symlink: /home/jkw/bopt_ws/install/bopt_description/share/bopt_description/models/aws_robomaker_residential_BalconyTable_01/materials/textures/aws_BalconyTable_01.png\n'}
[0.129341] (bopt_description) StdoutLine: {'line': b'-- Up-to-date symlink: /home/jkw/bopt_ws/install/bopt_description/share/bopt_description/models/aws_robomaker_residential_BalconyTable_01/meshes/aws_BalconyTable_01_collision.DAE\n'}
[0.129374] (bopt_description) StdoutLine: {'line': b'-- Up-to-date symlink: /home/jkw/bopt_ws/install/bopt_description/share/bopt_description/models/aws_robomaker_residential_BalconyTable_01/meshes/aws_BalconyTable_01_visual.DAE\n'}
[0.129417] (bopt_description) StdoutLine: {'line': b'-- Up-to-date symlink: /home/jkw/bopt_ws/install/bopt_description/share/bopt_description/models/aws_robomaker_residential_BalconyTable_01/model.config\n'}
[0.129439] (bopt_description) StdoutLine: {'line': b'-- Up-to-date symlink: /home/jkw/bopt_ws/install/bopt_description/share/bopt_description/models/aws_robomaker_residential_BalconyTable_01/model.sdf\n'}
[0.129458] (bopt_description) StdoutLine: {'line': b'-- Up-to-date symlink: /home/jkw/bopt_ws/install/bopt_description/share/bopt_description/models/aws_robomaker_residential_Ball_01/materials/textures/aws_Ball_01.png\n'}
[0.129492] (bopt_description) StdoutLine: {'line': b'-- Up-to-date symlink: /home/jkw/bopt_ws/install/bopt_description/share/bopt_description/models/aws_robomaker_residential_Ball_01/meshes/aws_Ball_01_collision.DAE\n'}
[0.129533] (bopt_description) StdoutLine: {'line': b'-- Up-to-date symlink: /home/jkw/bopt_ws/install/bopt_description/share/bopt_description/models/aws_robomaker_residential_Ball_01/meshes/aws_Ball_01_visual.DAE\n'}
[0.129553] (bopt_description) StdoutLine: {'line': b'-- Up-to-date symlink: /home/jkw/bopt_ws/install/bopt_description/share/bopt_description/models/aws_robomaker_residential_Ball_01/model.config\n'}
[0.129572] (bopt_description) StdoutLine: {'line': b'-- Up-to-date symlink: /home/jkw/bopt_ws/install/bopt_description/share/bopt_description/models/aws_robomaker_residential_Ball_01/model.sdf\n'}
[0.129606] (bopt_description) StdoutLine: {'line': b'-- Up-to-date symlink: /home/jkw/bopt_ws/install/bopt_description/share/bopt_description/models/aws_robomaker_residential_Bed_01/materials/textures/aws_BedA_01.png\n'}
[0.129650] (bopt_description) StdoutLine: {'line': b'-- Up-to-date symlink: /home/jkw/bopt_ws/install/bopt_description/share/bopt_description/models/aws_robomaker_residential_Bed_01/materials/textures/aws_BedB_01.png\n'}
[0.129788] (bopt_description) StdoutLine: {'line': b'-- Up-to-date symlink: /home/jkw/bopt_ws/install/bopt_description/share/bopt_description/models/aws_robomaker_residential_Bed_01/materials/textures/aws_BedC_01.png\n'}
[0.129916] (bopt_description) StdoutLine: {'line': b'-- Up-to-date symlink: /home/jkw/bopt_ws/install/bopt_description/share/bopt_description/models/aws_robomaker_residential_Bed_01/materials/textures/aws_Bed_01.png\n'}
[0.129985] (bopt_description) StdoutLine: {'line': b'-- Up-to-date symlink: /home/jkw/bopt_ws/install/bopt_description/share/bopt_description/models/aws_robomaker_residential_Bed_01/meshes/aws_Bed_01_collision.DAE\n'}
[0.130059] (bopt_description) StdoutLine: {'line': b'-- Up-to-date symlink: /home/jkw/bopt_ws/install/bopt_description/share/bopt_description/models/aws_robomaker_residential_Bed_01/meshes/aws_Bed_01_visual.DAE\n'}
[0.130109] (bopt_description) StdoutLine: {'line': b'-- Up-to-date symlink: /home/jkw/bopt_ws/install/bopt_description/share/bopt_description/models/aws_robomaker_residential_Bed_01/model.config\n'}
[0.130167] (bopt_description) StdoutLine: {'line': b'-- Up-to-date symlink: /home/jkw/bopt_ws/install/bopt_description/share/bopt_description/models/aws_robomaker_residential_Bed_01/model.sdf\n'}
[0.130224] (bopt_description) StdoutLine: {'line': b'-- Up-to-date symlink: /home/jkw/bopt_ws/install/bopt_description/share/bopt_description/models/aws_robomaker_residential_Board_01/materials/textures/aws_Board_01.png\n'}
[0.130281] (bopt_description) StdoutLine: {'line': b'-- Up-to-date symlink: /home/jkw/bopt_ws/install/bopt_description/share/bopt_description/models/aws_robomaker_residential_Board_01/meshes/aws_Board_01_collision.DAE\n'}
[0.130318] (bopt_description) StdoutLine: {'line': b'-- Up-to-date symlink: /home/jkw/bopt_ws/install/bopt_description/share/bopt_description/models/aws_robomaker_residential_Board_01/meshes/aws_Board_01_visual.DAE\n'}
[0.130385] (bopt_description) StdoutLine: {'line': b'-- Up-to-date symlink: /home/jkw/bopt_ws/install/bopt_description/share/bopt_description/models/aws_robomaker_residential_Board_01/model.config\n'}
[0.130423] (bopt_description) StdoutLine: {'line': b'-- Up-to-date symlink: /home/jkw/bopt_ws/install/bopt_description/share/bopt_description/models/aws_robomaker_residential_Board_01/model.sdf\n'}
[0.130458] (bopt_description) StdoutLine: {'line': b'-- Up-to-date symlink: /home/jkw/bopt_ws/install/bopt_description/share/bopt_description/models/aws_robomaker_residential_Carpet_01/materials/textures/aws_Carpet_01.png\n'}
[0.130516] (bopt_description) StdoutLine: {'line': b'-- Up-to-date symlink: /home/jkw/bopt_ws/install/bopt_description/share/bopt_description/models/aws_robomaker_residential_Carpet_01/meshes/aws_Carpet_01_collision.DAE\n'}
[0.130551] (bopt_description) StdoutLine: {'line': b'-- Up-to-date symlink: /home/jkw/bopt_ws/install/bopt_description/share/bopt_description/models/aws_robomaker_residential_Carpet_01/meshes/aws_Carpet_01_visual.DAE\n'}
[0.130614] (bopt_description) StdoutLine: {'line': b'-- Up-to-date symlink: /home/jkw/bopt_ws/install/bopt_description/share/bopt_description/models/aws_robomaker_residential_Carpet_01/model.config\n'}
[0.130686] (bopt_description) StdoutLine: {'line': b'-- Up-to-date symlink: /home/jkw/bopt_ws/install/bopt_description/share/bopt_description/models/aws_robomaker_residential_Carpet_01/model.sdf\n'}
[0.130726] (bopt_description) StdoutLine: {'line': b'-- Up-to-date symlink: /home/jkw/bopt_ws/install/bopt_description/share/bopt_description/models/aws_robomaker_residential_ChairA_01/materials/textures/aws_ChairA_01.png\n'}
[0.130754] (bopt_description) StdoutLine: {'line': b'-- Up-to-date symlink: /home/jkw/bopt_ws/install/bopt_description/share/bopt_description/models/aws_robomaker_residential_ChairA_01/meshes/aws_ChairA_01_collision.DAE\n'}
[0.130771] (bopt_description) StdoutLine: {'line': b'-- Up-to-date symlink: /home/jkw/bopt_ws/install/bopt_description/share/bopt_description/models/aws_robomaker_residential_ChairA_01/meshes/aws_ChairA_01_visual.DAE\n'}
[0.130787] (bopt_description) StdoutLine: {'line': b'-- Up-to-date symlink: /home/jkw/bopt_ws/install/bopt_description/share/bopt_description/models/aws_robomaker_residential_ChairA_01/model.config\n'}
[0.130804] (bopt_description) StdoutLine: {'line': b'-- Up-to-date symlink: /home/jkw/bopt_ws/install/bopt_description/share/bopt_description/models/aws_robomaker_residential_ChairA_01/model.sdf\n'}
[0.130819] (bopt_description) StdoutLine: {'line': b'-- Up-to-date symlink: /home/jkw/bopt_ws/install/bopt_description/share/bopt_description/models/aws_robomaker_residential_ChairD_01/materials/textures/aws_ChairD_01.png\n'}
[0.130834] (bopt_description) StdoutLine: {'line': b'-- Up-to-date symlink: /home/jkw/bopt_ws/install/bopt_description/share/bopt_description/models/aws_robomaker_residential_ChairD_01/meshes/aws_ChairD_01_collision.DAE\n'}
[0.130850] (bopt_description) StdoutLine: {'line': b'-- Up-to-date symlink: /home/jkw/bopt_ws/install/bopt_description/share/bopt_description/models/aws_robomaker_residential_ChairD_01/meshes/aws_ChairD_01_visual.DAE\n'}
[0.130866] (bopt_description) StdoutLine: {'line': b'-- Up-to-date symlink: /home/jkw/bopt_ws/install/bopt_description/share/bopt_description/models/aws_robomaker_residential_ChairD_01/model.config\n'}
[0.130881] (bopt_description) StdoutLine: {'line': b'-- Up-to-date symlink: /home/jkw/bopt_ws/install/bopt_description/share/bopt_description/models/aws_robomaker_residential_ChairD_01/model.sdf\n'}
[0.130897] (bopt_description) StdoutLine: {'line': b'-- Up-to-date symlink: /home/jkw/bopt_ws/install/bopt_description/share/bopt_description/models/aws_robomaker_residential_Chandelier_01/materials/textures/aws_Chandelier_01.png\n'}
[0.130913] (bopt_description) StdoutLine: {'line': b'-- Up-to-date symlink: /home/jkw/bopt_ws/install/bopt_description/share/bopt_description/models/aws_robomaker_residential_Chandelier_01/meshes/aws_Chandelier_01.DAE\n'}
[0.130928] (bopt_description) StdoutLine: {'line': b'-- Up-to-date symlink: /home/jkw/bopt_ws/install/bopt_description/share/bopt_description/models/aws_robomaker_residential_Chandelier_01/meshes/aws_Chandelier_01_collision.DAE\n'}
[0.130945] (bopt_description) StdoutLine: {'line': b'-- Up-to-date symlink: /home/jkw/bopt_ws/install/bopt_description/share/bopt_description/models/aws_robomaker_residential_Chandelier_01/meshes/aws_Chandelier_01_visual.DAE\n'}
[0.130961] (bopt_description) StdoutLine: {'line': b'-- Up-to-date symlink: /home/jkw/bopt_ws/install/bopt_description/share/bopt_description/models/aws_robomaker_residential_Chandelier_01/model.config\n'}
[0.130976] (bopt_description) StdoutLine: {'line': b'-- Up-to-date symlink: /home/jkw/bopt_ws/install/bopt_description/share/bopt_description/models/aws_robomaker_residential_Chandelier_01/model.sdf\n'}
[0.130992] (bopt_description) StdoutLine: {'line': b'-- Up-to-date symlink: /home/jkw/bopt_ws/install/bopt_description/share/bopt_description/models/aws_robomaker_residential_CoffeeTable_01/materials/textures/aws_CoffeeTable_01.png\n'}
[0.131008] (bopt_description) StdoutLine: {'line': b'-- Up-to-date symlink: /home/jkw/bopt_ws/install/bopt_description/share/bopt_description/models/aws_robomaker_residential_CoffeeTable_01/meshes/aws_CoffeeTable_01_collision.DAE\n'}
[0.131023] (bopt_description) StdoutLine: {'line': b'-- Up-to-date symlink: /home/jkw/bopt_ws/install/bopt_description/share/bopt_description/models/aws_robomaker_residential_CoffeeTable_01/meshes/aws_CoffeeTable_01_visual.DAE\n'}
[0.131038] (bopt_description) StdoutLine: {'line': b'-- Up-to-date symlink: /home/jkw/bopt_ws/install/bopt_description/share/bopt_description/models/aws_robomaker_residential_CoffeeTable_01/model.config\n'}
[0.131053] (bopt_description) StdoutLine: {'line': b'-- Up-to-date symlink: /home/jkw/bopt_ws/install/bopt_description/share/bopt_description/models/aws_robomaker_residential_CoffeeTable_01/model.sdf\n'}
[0.131072] (bopt_description) StdoutLine: {'line': b'-- Up-to-date symlink: /home/jkw/bopt_ws/install/bopt_description/share/bopt_description/models/aws_robomaker_residential_CookingBench_01/materials/textures/aws_CookingBench_01.png\n'}
[0.131113] (bopt_description) StdoutLine: {'line': b'-- Up-to-date symlink: /home/jkw/bopt_ws/install/bopt_description/share/bopt_description/models/aws_robomaker_residential_CookingBench_01/meshes/aws_CookingBench_01.DAE\n'}
[0.131158] (bopt_description) StdoutLine: {'line': b'-- Up-to-date symlink: /home/jkw/bopt_ws/install/bopt_description/share/bopt_description/models/aws_robomaker_residential_CookingBench_01/meshes/aws_CookingBench_01_collision.DAE\n'}
[0.131175] (bopt_description) StdoutLine: {'line': b'-- Up-to-date symlink: /home/jkw/bopt_ws/install/bopt_description/share/bopt_description/models/aws_robomaker_residential_CookingBench_01/meshes/aws_CookingBench_01_visual.DAE\n'}
[0.131197] (bopt_description) StdoutLine: {'line': b'-- Up-to-date symlink: /home/jkw/bopt_ws/install/bopt_description/share/bopt_description/models/aws_robomaker_residential_CookingBench_01/model.config\n'}
[0.131213] (bopt_description) StdoutLine: {'line': b'-- Up-to-date symlink: /home/jkw/bopt_ws/install/bopt_description/share/bopt_description/models/aws_robomaker_residential_CookingBench_01/model.sdf\n'}
[0.131231] (bopt_description) StdoutLine: {'line': b'-- Up-to-date symlink: /home/jkw/bopt_ws/install/bopt_description/share/bopt_description/models/aws_robomaker_residential_Curtain_01/materials/textures/aws_Curtain_01.png\n'}
[0.131253] (bopt_description) StdoutLine: {'line': b'-- Up-to-date symlink: /home/jkw/bopt_ws/install/bopt_description/share/bopt_description/models/aws_robomaker_residential_Curtain_01/meshes/aws_Curtain_01_collision.DAE\n'}
[0.131279] (bopt_description) StdoutLine: {'line': b'-- Up-to-date symlink: /home/jkw/bopt_ws/install/bopt_description/share/bopt_description/models/aws_robomaker_residential_Curtain_01/meshes/aws_Curtain_01_visual.DAE\n'}
[0.131295] (bopt_description) StdoutLine: {'line': b'-- Up-to-date symlink: /home/jkw/bopt_ws/install/bopt_description/share/bopt_description/models/aws_robomaker_residential_Curtain_01/model.config\n'}
[0.131317] (bopt_description) StdoutLine: {'line': b'-- Up-to-date symlink: /home/jkw/bopt_ws/install/bopt_description/share/bopt_description/models/aws_robomaker_residential_Curtain_01/model.sdf\n'}
[0.131334] (bopt_description) StdoutLine: {'line': b'-- Up-to-date symlink: /home/jkw/bopt_ws/install/bopt_description/share/bopt_description/models/aws_robomaker_residential_DeskPortraitA_01/materials/textures/aws_DeskPortraitA_01.png\n'}
[0.131358] (bopt_description) StdoutLine: {'line': b'-- Up-to-date symlink: /home/jkw/bopt_ws/install/bopt_description/share/bopt_description/models/aws_robomaker_residential_DeskPortraitA_01/materials/textures/aws_DeskPortraitA_02.png\n'}
[0.131377] (bopt_description) StdoutLine: {'line': b'-- Up-to-date symlink: /home/jkw/bopt_ws/install/bopt_description/share/bopt_description/models/aws_robomaker_residential_DeskPortraitA_01/meshes/aws_DeskPortraitA_01_collision.DAE\n'}
[0.131393] (bopt_description) StdoutLine: {'line': b'-- Up-to-date symlink: /home/jkw/bopt_ws/install/bopt_description/share/bopt_description/models/aws_robomaker_residential_DeskPortraitA_01/meshes/aws_DeskPortraitA_01_visual.DAE\n'}
[0.131413] (bopt_description) StdoutLine: {'line': b'-- Up-to-date symlink: /home/jkw/bopt_ws/install/bopt_description/share/bopt_description/models/aws_robomaker_residential_DeskPortraitA_01/model.config\n'}
[0.131429] (bopt_description) StdoutLine: {'line': b'-- Up-to-date symlink: /home/jkw/bopt_ws/install/bopt_description/share/bopt_description/models/aws_robomaker_residential_DeskPortraitA_01/model.sdf\n'}
[0.131446] (bopt_description) StdoutLine: {'line': b'-- Up-to-date symlink: /home/jkw/bopt_ws/install/bopt_description/share/bopt_description/models/aws_robomaker_residential_DeskPortraitA_02/materials/textures/aws_DeskPortraitA_01.png\n'}
[0.131462] (bopt_description) StdoutLine: {'line': b'-- Up-to-date symlink: /home/jkw/bopt_ws/install/bopt_description/share/bopt_description/models/aws_robomaker_residential_DeskPortraitA_02/materials/textures/aws_DeskPortraitA_02.png\n'}
[0.131479] (bopt_description) StdoutLine: {'line': b'-- Up-to-date symlink: /home/jkw/bopt_ws/install/bopt_description/share/bopt_description/models/aws_robomaker_residential_DeskPortraitA_02/meshes/aws_DeskPortraitA_01_collision.DAE\n'}
[0.131496] (bopt_description) StdoutLine: {'line': b'-- Up-to-date symlink: /home/jkw/bopt_ws/install/bopt_description/share/bopt_description/models/aws_robomaker_residential_DeskPortraitA_02/meshes/aws_DeskPortraitA_01_visual.DAE\n'}
[0.131512] (bopt_description) StdoutLine: {'line': b'-- Up-to-date symlink: /home/jkw/bopt_ws/install/bopt_description/share/bopt_description/models/aws_robomaker_residential_DeskPortraitA_02/model.config\n'}
[0.131528] (bopt_description) StdoutLine: {'line': b'-- Up-to-date symlink: /home/jkw/bopt_ws/install/bopt_description/share/bopt_description/models/aws_robomaker_residential_DeskPortraitA_02/model.sdf\n'}
[0.131549] (bopt_description) StdoutLine: {'line': b'-- Up-to-date symlink: /home/jkw/bopt_ws/install/bopt_description/share/bopt_description/models/aws_robomaker_residential_DeskPortraitB_01/materials/textures/aws_DeskPortraitB_01.png\n'}
[0.131566] (bopt_description) StdoutLine: {'line': b'-- Up-to-date symlink: /home/jkw/bopt_ws/install/bopt_description/share/bopt_description/models/aws_robomaker_residential_DeskPortraitB_01/materials/textures/aws_DeskPortraitB_02.png\n'}
[0.131596] (bopt_description) StdoutLine: {'line': b'-- Up-to-date symlink: /home/jkw/bopt_ws/install/bopt_description/share/bopt_description/models/aws_robomaker_residential_DeskPortraitB_01/meshes/aws_DeskPortraitB_01_collision.DAE\n'}
[0.131612] (bopt_description) StdoutLine: {'line': b'-- Up-to-date symlink: /home/jkw/bopt_ws/install/bopt_description/share/bopt_description/models/aws_robomaker_residential_DeskPortraitB_01/meshes/aws_DeskPortraitB_01_visual.DAE\n'}
[0.131633] (bopt_description) StdoutLine: {'line': b'-- Up-to-date symlink: /home/jkw/bopt_ws/install/bopt_description/share/bopt_description/models/aws_robomaker_residential_DeskPortraitB_01/model.config\n'}
[0.131649] (bopt_description) StdoutLine: {'line': b'-- Up-to-date symlink: /home/jkw/bopt_ws/install/bopt_description/share/bopt_description/models/aws_robomaker_residential_DeskPortraitB_01/model.sdf\n'}
[0.131671] (bopt_description) StdoutLine: {'line': b'-- Up-to-date symlink: /home/jkw/bopt_ws/install/bopt_description/share/bopt_description/models/aws_robomaker_residential_DeskPortraitB_02/materials/textures/aws_DeskPortraitB_01.png\n'}
[0.131700] (bopt_description) StdoutLine: {'line': b'-- Up-to-date symlink: /home/jkw/bopt_ws/install/bopt_description/share/bopt_description/models/aws_robomaker_residential_DeskPortraitB_02/materials/textures/aws_DeskPortraitB_02.png\n'}
[0.131717] (bopt_description) StdoutLine: {'line': b'-- Up-to-date symlink: /home/jkw/bopt_ws/install/bopt_description/share/bopt_description/models/aws_robomaker_residential_DeskPortraitB_02/meshes/aws_DeskPortraitB_01_collision.DAE\n'}
[0.131738] (bopt_description) StdoutLine: {'line': b'-- Up-to-date symlink: /home/jkw/bopt_ws/install/bopt_description/share/bopt_description/models/aws_robomaker_residential_DeskPortraitB_02/meshes/aws_DeskPortraitB_01_visual.DAE\n'}
[0.131755] (bopt_description) StdoutLine: {'line': b'-- Up-to-date symlink: /home/jkw/bopt_ws/install/bopt_description/share/bopt_description/models/aws_robomaker_residential_DeskPortraitB_02/model.config\n'}
[0.131775] (bopt_description) StdoutLine: {'line': b'-- Up-to-date symlink: /home/jkw/bopt_ws/install/bopt_description/share/bopt_description/models/aws_robomaker_residential_DeskPortraitB_02/model.sdf\n'}
[0.131792] (bopt_description) StdoutLine: {'line': b'-- Up-to-date symlink: /home/jkw/bopt_ws/install/bopt_description/share/bopt_description/models/aws_robomaker_residential_DeskPortraitC_01/materials/textures/aws_DeskPortraitC_01.png\n'}
[0.131808] (bopt_description) StdoutLine: {'line': b'-- Up-to-date symlink: /home/jkw/bopt_ws/install/bopt_description/share/bopt_description/models/aws_robomaker_residential_DeskPortraitC_01/materials/textures/aws_DeskPortraitC_02.png\n'}
[0.131834] (bopt_description) StdoutLine: {'line': b'-- Up-to-date symlink: /home/jkw/bopt_ws/install/bopt_description/share/bopt_description/models/aws_robomaker_residential_DeskPortraitC_01/meshes/aws_DeskPortraitC_01_collision.DAE\n'}
[0.131854] (bopt_description) StdoutLine: {'line': b'-- Up-to-date symlink: /home/jkw/bopt_ws/install/bopt_description/share/bopt_description/models/aws_robomaker_residential_DeskPortraitC_01/meshes/aws_DeskPortraitC_01_visual.DAE\n'}
[0.131874] (bopt_description) StdoutLine: {'line': b'-- Up-to-date symlink: /home/jkw/bopt_ws/install/bopt_description/share/bopt_description/models/aws_robomaker_residential_DeskPortraitC_01/model.config\n'}
[0.131890] (bopt_description) StdoutLine: {'line': b'-- Up-to-date symlink: /home/jkw/bopt_ws/install/bopt_description/share/bopt_description/models/aws_robomaker_residential_DeskPortraitC_01/model.sdf\n'}
[0.131907] (bopt_description) StdoutLine: {'line': b'-- Up-to-date symlink: /home/jkw/bopt_ws/install/bopt_description/share/bopt_description/models/aws_robomaker_residential_DeskPortraitC_02/materials/textures/aws_DeskPortraitC_01.png\n'}
[0.131929] (bopt_description) StdoutLine: {'line': b'-- Up-to-date symlink: /home/jkw/bopt_ws/install/bopt_description/share/bopt_description/models/aws_robomaker_residential_DeskPortraitC_02/materials/textures/aws_DeskPortraitC_02.png\n'}
[0.131952] (bopt_description) StdoutLine: {'line': b'-- Up-to-date symlink: /home/jkw/bopt_ws/install/bopt_description/share/bopt_description/models/aws_robomaker_residential_DeskPortraitC_02/meshes/aws_DeskPortraitC_01_collision.DAE\n'}
[0.131973] (bopt_description) StdoutLine: {'line': b'-- Up-to-date symlink: /home/jkw/bopt_ws/install/bopt_description/share/bopt_description/models/aws_robomaker_residential_DeskPortraitC_02/meshes/aws_DeskPortraitC_01_visual.DAE\n'}
[0.131995] (bopt_description) StdoutLine: {'line': b'-- Up-to-date symlink: /home/jkw/bopt_ws/install/bopt_description/share/bopt_description/models/aws_robomaker_residential_DeskPortraitC_02/model.config\n'}
[0.132016] (bopt_description) StdoutLine: {'line': b'-- Up-to-date symlink: /home/jkw/bopt_ws/install/bopt_description/share/bopt_description/models/aws_robomaker_residential_DeskPortraitC_02/model.sdf\n'}
[0.132037] (bopt_description) StdoutLine: {'line': b'-- Up-to-date symlink: /home/jkw/bopt_ws/install/bopt_description/share/bopt_description/models/aws_robomaker_residential_DeskPortraitD_01/materials/textures/aws_DeskPortraitD_01.png\n'}
[0.132058] (bopt_description) StdoutLine: {'line': b'-- Up-to-date symlink: /home/jkw/bopt_ws/install/bopt_description/share/bopt_description/models/aws_robomaker_residential_DeskPortraitD_01/materials/textures/aws_DeskPortraitD_02.png\n'}
[0.132078] (bopt_description) StdoutLine: {'line': b'-- Up-to-date symlink: /home/jkw/bopt_ws/install/bopt_description/share/bopt_description/models/aws_robomaker_residential_DeskPortraitD_01/meshes/aws_DeskPortraitD_01_collision.DAE\n'}
[0.132099] (bopt_description) StdoutLine: {'line': b'-- Up-to-date symlink: /home/jkw/bopt_ws/install/bopt_description/share/bopt_description/models/aws_robomaker_residential_DeskPortraitD_01/meshes/aws_DeskPortraitD_01_visual.DAE\n'}
[0.132122] (bopt_description) StdoutLine: {'line': b'-- Up-to-date symlink: /home/jkw/bopt_ws/install/bopt_description/share/bopt_description/models/aws_robomaker_residential_DeskPortraitD_01/model.config\n'}
[0.132149] (bopt_description) StdoutLine: {'line': b'-- Up-to-date symlink: /home/jkw/bopt_ws/install/bopt_description/share/bopt_description/models/aws_robomaker_residential_DeskPortraitD_01/model.sdf\n'}
[0.132176] (bopt_description) StdoutLine: {'line': b'-- Up-to-date symlink: /home/jkw/bopt_ws/install/bopt_description/share/bopt_description/models/aws_robomaker_residential_DeskPortraitD_02/materials/textures/aws_DeskPortraitD_01.png\n'}
[0.132204] (bopt_description) StdoutLine: {'line': b'-- Up-to-date symlink: /home/jkw/bopt_ws/install/bopt_description/share/bopt_description/models/aws_robomaker_residential_DeskPortraitD_02/materials/textures/aws_DeskPortraitD_02.png\n'}
[0.132231] (bopt_description) StdoutLine: {'line': b'-- Up-to-date symlink: /home/jkw/bopt_ws/install/bopt_description/share/bopt_description/models/aws_robomaker_residential_DeskPortraitD_02/meshes/aws_DeskPortraitD_01_collision.DAE\n'}
[0.132258] (bopt_description) StdoutLine: {'line': b'-- Up-to-date symlink: /home/jkw/bopt_ws/install/bopt_description/share/bopt_description/models/aws_robomaker_residential_DeskPortraitD_02/meshes/aws_DeskPortraitD_01_visual.DAE\n'}
[0.132283] (bopt_description) StdoutLine: {'line': b'-- Up-to-date symlink: /home/jkw/bopt_ws/install/bopt_description/share/bopt_description/models/aws_robomaker_residential_DeskPortraitD_02/model.config\n'}
[0.132310] (bopt_description) StdoutLine: {'line': b'-- Up-to-date symlink: /home/jkw/bopt_ws/install/bopt_description/share/bopt_description/models/aws_robomaker_residential_DeskPortraitD_02/model.sdf\n'}
[0.132338] (bopt_description) StdoutLine: {'line': b'-- Up-to-date symlink: /home/jkw/bopt_ws/install/bopt_description/share/bopt_description/models/aws_robomaker_residential_DeskPortraitD_03/materials/textures/aws_DeskPortraitD_01.png\n'}
[0.132365] (bopt_description) StdoutLine: {'line': b'-- Up-to-date symlink: /home/jkw/bopt_ws/install/bopt_description/share/bopt_description/models/aws_robomaker_residential_DeskPortraitD_03/materials/textures/aws_DeskPortraitD_02.png\n'}
[0.132392] (bopt_description) StdoutLine: {'line': b'-- Up-to-date symlink: /home/jkw/bopt_ws/install/bopt_description/share/bopt_description/models/aws_robomaker_residential_DeskPortraitD_03/meshes/aws_DeskPortraitD_01_collision.DAE\n'}
[0.132419] (bopt_description) StdoutLine: {'line': b'-- Up-to-date symlink: /home/jkw/bopt_ws/install/bopt_description/share/bopt_description/models/aws_robomaker_residential_DeskPortraitD_03/meshes/aws_DeskPortraitD_01_visual.DAE\n'}
[0.132444] (bopt_description) StdoutLine: {'line': b'-- Up-to-date symlink: /home/jkw/bopt_ws/install/bopt_description/share/bopt_description/models/aws_robomaker_residential_DeskPortraitD_03/model.config\n'}
[0.132469] (bopt_description) StdoutLine: {'line': b'-- Up-to-date symlink: /home/jkw/bopt_ws/install/bopt_description/share/bopt_description/models/aws_robomaker_residential_DeskPortraitD_03/model.sdf\n'}
[0.132497] (bopt_description) StdoutLine: {'line': b'-- Up-to-date symlink: /home/jkw/bopt_ws/install/bopt_description/share/bopt_description/models/aws_robomaker_residential_DeskPortraitD_04/materials/textures/aws_DeskPortraitD_01.png\n'}
[0.132524] (bopt_description) StdoutLine: {'line': b'-- Up-to-date symlink: /home/jkw/bopt_ws/install/bopt_description/share/bopt_description/models/aws_robomaker_residential_DeskPortraitD_04/materials/textures/aws_DeskPortraitD_02.png\n'}
[0.132550] (bopt_description) StdoutLine: {'line': b'-- Up-to-date symlink: /home/jkw/bopt_ws/install/bopt_description/share/bopt_description/models/aws_robomaker_residential_DeskPortraitD_04/meshes/aws_DeskPortraitD_01_collision.DAE\n'}
[0.132578] (bopt_description) StdoutLine: {'line': b'-- Up-to-date symlink: /home/jkw/bopt_ws/install/bopt_description/share/bopt_description/models/aws_robomaker_residential_DeskPortraitD_04/meshes/aws_DeskPortraitD_01_visual.DAE\n'}
[0.132603] (bopt_description) StdoutLine: {'line': b'-- Up-to-date symlink: /home/jkw/bopt_ws/install/bopt_description/share/bopt_description/models/aws_robomaker_residential_DeskPortraitD_04/model.config\n'}
[0.132628] (bopt_description) StdoutLine: {'line': b'-- Up-to-date symlink: /home/jkw/bopt_ws/install/bopt_description/share/bopt_description/models/aws_robomaker_residential_DeskPortraitD_04/model.sdf\n'}
[0.132657] (bopt_description) StdoutLine: {'line': b'-- Up-to-date symlink: /home/jkw/bopt_ws/install/bopt_description/share/bopt_description/models/aws_robomaker_residential_Door_01/materials/textures/aws_Door_01.png\n'}
[0.132686] (bopt_description) StdoutLine: {'line': b'-- Up-to-date symlink: /home/jkw/bopt_ws/install/bopt_description/share/bopt_description/models/aws_robomaker_residential_Door_01/meshes/aws_Door_01_collision.DAE\n'}
[0.132713] (bopt_description) StdoutLine: {'line': b'-- Up-to-date symlink: /home/jkw/bopt_ws/install/bopt_description/share/bopt_description/models/aws_robomaker_residential_Door_01/meshes/aws_Door_01_visual.DAE\n'}
[0.132739] (bopt_description) StdoutLine: {'line': b'-- Up-to-date symlink: /home/jkw/bopt_ws/install/bopt_description/share/bopt_description/models/aws_robomaker_residential_Door_01/model.config\n'}
[0.132765] (bopt_description) StdoutLine: {'line': b'-- Up-to-date symlink: /home/jkw/bopt_ws/install/bopt_description/share/bopt_description/models/aws_robomaker_residential_Door_01/model.sdf\n'}
[0.132795] (bopt_description) StdoutLine: {'line': b'-- Up-to-date symlink: /home/jkw/bopt_ws/install/bopt_description/share/bopt_description/models/aws_robomaker_residential_Dumbbell_01/materials/textures/aws_Dumbbell_01.png\n'}
[0.132821] (bopt_description) StdoutLine: {'line': b'-- Up-to-date symlink: /home/jkw/bopt_ws/install/bopt_description/share/bopt_description/models/aws_robomaker_residential_Dumbbell_01/meshes/aws_Dumbbell_01_collision.DAE\n'}
[0.132848] (bopt_description) StdoutLine: {'line': b'-- Up-to-date symlink: /home/jkw/bopt_ws/install/bopt_description/share/bopt_description/models/aws_robomaker_residential_Dumbbell_01/meshes/aws_Dumbbell_01_visual.DAE\n'}
[0.132873] (bopt_description) StdoutLine: {'line': b'-- Up-to-date symlink: /home/jkw/bopt_ws/install/bopt_description/share/bopt_description/models/aws_robomaker_residential_Dumbbell_01/model.config\n'}
[0.132899] (bopt_description) StdoutLine: {'line': b'-- Up-to-date symlink: /home/jkw/bopt_ws/install/bopt_description/share/bopt_description/models/aws_robomaker_residential_Dumbbell_01/model.sdf\n'}
[0.132928] (bopt_description) StdoutLine: {'line': b'-- Up-to-date symlink: /home/jkw/bopt_ws/install/bopt_description/share/bopt_description/models/aws_robomaker_residential_FitnessEquipment_01/materials/textures/aws_FitnessEquipment_01.png\n'}
[0.132956] (bopt_description) StdoutLine: {'line': b'-- Up-to-date symlink: /home/jkw/bopt_ws/install/bopt_description/share/bopt_description/models/aws_robomaker_residential_FitnessEquipment_01/meshes/aws_FitnessEquipment_01_collision.DAE\n'}
[0.132983] (bopt_description) StdoutLine: {'line': b'-- Up-to-date symlink: /home/jkw/bopt_ws/install/bopt_description/share/bopt_description/models/aws_robomaker_residential_FitnessEquipment_01/meshes/aws_FitnessEquipment_01_visual.DAE\n'}
[0.133009] (bopt_description) StdoutLine: {'line': b'-- Up-to-date symlink: /home/jkw/bopt_ws/install/bopt_description/share/bopt_description/models/aws_robomaker_residential_FitnessEquipment_01/model.config\n'}
[0.133035] (bopt_description) StdoutLine: {'line': b'-- Up-to-date symlink: /home/jkw/bopt_ws/install/bopt_description/share/bopt_description/models/aws_robomaker_residential_FitnessEquipment_01/model.sdf\n'}
[0.133063] (bopt_description) StdoutLine: {'line': b'-- Up-to-date symlink: /home/jkw/bopt_ws/install/bopt_description/share/bopt_description/models/aws_robomaker_residential_FloorB_01/materials/textures/aws_FloorB_01.png\n'}
[0.133090] (bopt_description) StdoutLine: {'line': b'-- Up-to-date symlink: /home/jkw/bopt_ws/install/bopt_description/share/bopt_description/models/aws_robomaker_residential_FloorB_01/meshes/aws_FloorB_01_collision.DAE\n'}
[0.133117] (bopt_description) StdoutLine: {'line': b'-- Up-to-date symlink: /home/jkw/bopt_ws/install/bopt_description/share/bopt_description/models/aws_robomaker_residential_FloorB_01/meshes/aws_FloorB_01_visual.DAE\n'}
[0.133143] (bopt_description) StdoutLine: {'line': b'-- Up-to-date symlink: /home/jkw/bopt_ws/install/bopt_description/share/bopt_description/models/aws_robomaker_residential_FloorB_01/model.config\n'}
[0.133168] (bopt_description) StdoutLine: {'line': b'-- Up-to-date symlink: /home/jkw/bopt_ws/install/bopt_description/share/bopt_description/models/aws_robomaker_residential_FloorB_01/model.sdf\n'}
[0.133197] (bopt_description) StdoutLine: {'line': b'-- Up-to-date symlink: /home/jkw/bopt_ws/install/bopt_description/share/bopt_description/models/aws_robomaker_residential_FoldingDoor_01/materials/textures/aws_FoldingDoor_01.png\n'}
[0.133225] (bopt_description) StdoutLine: {'line': b'-- Up-to-date symlink: /home/jkw/bopt_ws/install/bopt_description/share/bopt_description/models/aws_robomaker_residential_FoldingDoor_01/meshes/aws_FoldingDoor_01_collision.DAE\n'}
[0.133252] (bopt_description) StdoutLine: {'line': b'-- Up-to-date symlink: /home/jkw/bopt_ws/install/bopt_description/share/bopt_description/models/aws_robomaker_residential_FoldingDoor_01/meshes/aws_FoldingDoor_01_visual.DAE\n'}
[0.133278] (bopt_description) StdoutLine: {'line': b'-- Up-to-date symlink: /home/jkw/bopt_ws/install/bopt_description/share/bopt_description/models/aws_robomaker_residential_FoldingDoor_01/model.config\n'}
[0.133304] (bopt_description) StdoutLine: {'line': b'-- Up-to-date symlink: /home/jkw/bopt_ws/install/bopt_description/share/bopt_description/models/aws_robomaker_residential_FoldingDoor_01/model.sdf\n'}
[0.133332] (bopt_description) StdoutLine: {'line': b'-- Up-to-date symlink: /home/jkw/bopt_ws/install/bopt_description/share/bopt_description/models/aws_robomaker_residential_FoldingDoor_02/materials/textures/aws_FoldingDoor_02.png\n'}
[0.133360] (bopt_description) StdoutLine: {'line': b'-- Up-to-date symlink: /home/jkw/bopt_ws/install/bopt_description/share/bopt_description/models/aws_robomaker_residential_FoldingDoor_02/meshes/aws_FoldingDoor_02_collision.DAE\n'}
[0.133386] (bopt_description) StdoutLine: {'line': b'-- Up-to-date symlink: /home/jkw/bopt_ws/install/bopt_description/share/bopt_description/models/aws_robomaker_residential_FoldingDoor_02/meshes/aws_FoldingDoor_02_visual.DAE\n'}
[0.133412] (bopt_description) StdoutLine: {'line': b'-- Up-to-date symlink: /home/jkw/bopt_ws/install/bopt_description/share/bopt_description/models/aws_robomaker_residential_FoldingDoor_02/model.config\n'}
[0.133437] (bopt_description) StdoutLine: {'line': b'-- Up-to-date symlink: /home/jkw/bopt_ws/install/bopt_description/share/bopt_description/models/aws_robomaker_residential_FoldingDoor_02/model.sdf\n'}
[0.133465] (bopt_description) StdoutLine: {'line': b'-- Up-to-date symlink: /home/jkw/bopt_ws/install/bopt_description/share/bopt_description/models/aws_robomaker_residential_Handle_01/materials/textures/aws_Handle_01.png\n'}
[0.133492] (bopt_description) StdoutLine: {'line': b'-- Up-to-date symlink: /home/jkw/bopt_ws/install/bopt_description/share/bopt_description/models/aws_robomaker_residential_Handle_01/meshes/aws_ handle_01_collision.DAE\n'}
[0.133519] (bopt_description) StdoutLine: {'line': b'-- Up-to-date symlink: /home/jkw/bopt_ws/install/bopt_description/share/bopt_description/models/aws_robomaker_residential_Handle_01/meshes/aws_Handle_01_collision.DAE\n'}
[0.133545] (bopt_description) StdoutLine: {'line': b'-- Up-to-date symlink: /home/jkw/bopt_ws/install/bopt_description/share/bopt_description/models/aws_robomaker_residential_Handle_01/meshes/aws_Handle_01_visual.DAE\n'}
[0.133572] (bopt_description) StdoutLine: {'line': b'-- Up-to-date symlink: /home/jkw/bopt_ws/install/bopt_description/share/bopt_description/models/aws_robomaker_residential_Handle_01/model.config\n'}
[0.133597] (bopt_description) StdoutLine: {'line': b'-- Up-to-date symlink: /home/jkw/bopt_ws/install/bopt_description/share/bopt_description/models/aws_robomaker_residential_Handle_01/model.sdf\n'}
[0.133625] (bopt_description) StdoutLine: {'line': b'-- Up-to-date symlink: /home/jkw/bopt_ws/install/bopt_description/share/bopt_description/models/aws_robomaker_residential_HouseWallB_01/materials/textures/aws_HouseWallB_01.png\n'}
[0.133652] (bopt_description) StdoutLine: {'line': b'-- Up-to-date symlink: /home/jkw/bopt_ws/install/bopt_description/share/bopt_description/models/aws_robomaker_residential_HouseWallB_01/meshes/aws_HouseWallB_01_collision.DAE\n'}
[0.133679] (bopt_description) StdoutLine: {'line': b'-- Up-to-date symlink: /home/jkw/bopt_ws/install/bopt_description/share/bopt_description/models/aws_robomaker_residential_HouseWallB_01/meshes/aws_HouseWallB_01_visual.DAE\n'}
[0.133764] (bopt_description) StdoutLine: {'line': b'-- Up-to-date symlink: /home/jkw/bopt_ws/install/bopt_description/share/bopt_description/models/aws_robomaker_residential_HouseWallB_01/model.config\n'}
[0.133802] (bopt_description) StdoutLine: {'line': b'-- Up-to-date symlink: /home/jkw/bopt_ws/install/bopt_description/share/bopt_description/models/aws_robomaker_residential_HouseWallB_01/model.sdf\n'}
[0.133829] (bopt_description) StdoutLine: {'line': b'-- Up-to-date symlink: /home/jkw/bopt_ws/install/bopt_description/share/bopt_description/models/aws_robomaker_residential_KitchenCabinet_01/materials/textures/aws_KitchenCabinet_01.png\n'}
[0.133857] (bopt_description) StdoutLine: {'line': b'-- Up-to-date symlink: /home/jkw/bopt_ws/install/bopt_description/share/bopt_description/models/aws_robomaker_residential_KitchenCabinet_01/meshes/aws_KitchenCabinet_01_collision.DAE\n'}
[0.133882] (bopt_description) StdoutLine: {'line': b'-- Up-to-date symlink: /home/jkw/bopt_ws/install/bopt_description/share/bopt_description/models/aws_robomaker_residential_KitchenCabinet_01/meshes/aws_KitchenCabinet_01_visual.DAE\n'}
[0.133904] (bopt_description) StdoutLine: {'line': b'-- Up-to-date symlink: /home/jkw/bopt_ws/install/bopt_description/share/bopt_description/models/aws_robomaker_residential_KitchenCabinet_01/model.config\n'}
[0.133922] (bopt_description) StdoutLine: {'line': b'-- Up-to-date symlink: /home/jkw/bopt_ws/install/bopt_description/share/bopt_description/models/aws_robomaker_residential_KitchenCabinet_01/model.sdf\n'}
[0.133944] (bopt_description) StdoutLine: {'line': b'-- Up-to-date symlink: /home/jkw/bopt_ws/install/bopt_description/share/bopt_description/models/aws_robomaker_residential_KitchenTable_01/materials/textures/aws_KitchenTable_01.png\n'}
[0.133966] (bopt_description) StdoutLine: {'line': b'-- Up-to-date symlink: /home/jkw/bopt_ws/install/bopt_description/share/bopt_description/models/aws_robomaker_residential_KitchenTable_01/meshes/aws_KitchenTable_01_collision.DAE\n'}
[0.133984] (bopt_description) StdoutLine: {'line': b'-- Up-to-date symlink: /home/jkw/bopt_ws/install/bopt_description/share/bopt_description/models/aws_robomaker_residential_KitchenTable_01/meshes/aws_KitchenTable_01_visual.DAE\n'}
[0.134007] (bopt_description) StdoutLine: {'line': b'-- Up-to-date symlink: /home/jkw/bopt_ws/install/bopt_description/share/bopt_description/models/aws_robomaker_residential_KitchenTable_01/model.config\n'}
[0.134024] (bopt_description) StdoutLine: {'line': b'-- Up-to-date symlink: /home/jkw/bopt_ws/install/bopt_description/share/bopt_description/models/aws_robomaker_residential_KitchenTable_01/model.sdf\n'}
[0.134048] (bopt_description) StdoutLine: {'line': b'-- Up-to-date symlink: /home/jkw/bopt_ws/install/bopt_description/share/bopt_description/models/aws_robomaker_residential_KitchenUtensils_01/materials/textures/aws_KitchenUtensils_01.png\n'}
[0.134072] (bopt_description) StdoutLine: {'line': b'-- Up-to-date symlink: /home/jkw/bopt_ws/install/bopt_description/share/bopt_description/models/aws_robomaker_residential_KitchenUtensils_01/meshes/aws_KitchenUtensils_01_collision.DAE\n'}
[0.134095] (bopt_description) StdoutLine: {'line': b'-- Up-to-date symlink: /home/jkw/bopt_ws/install/bopt_description/share/bopt_description/models/aws_robomaker_residential_KitchenUtensils_01/meshes/aws_KitchenUtensils_01_visual.DAE\n'}
[0.134118] (bopt_description) StdoutLine: {'line': b'-- Up-to-date symlink: /home/jkw/bopt_ws/install/bopt_description/share/bopt_description/models/aws_robomaker_residential_KitchenUtensils_01/model.config\n'}
[0.134141] (bopt_description) StdoutLine: {'line': b'-- Up-to-date symlink: /home/jkw/bopt_ws/install/bopt_description/share/bopt_description/models/aws_robomaker_residential_KitchenUtensils_01/model.sdf\n'}
[0.134166] (bopt_description) StdoutLine: {'line': b'-- Up-to-date symlink: /home/jkw/bopt_ws/install/bopt_description/share/bopt_description/models/aws_robomaker_residential_LightC_01/materials/textures/aws_LightC_01.png\n'}
[0.134194] (bopt_description) StdoutLine: {'line': b'-- Up-to-date symlink: /home/jkw/bopt_ws/install/bopt_description/share/bopt_description/models/aws_robomaker_residential_LightC_01/meshes/aws_LightC_01_collision.DAE\n'}
[0.134219] (bopt_description) StdoutLine: {'line': b'-- Up-to-date symlink: /home/jkw/bopt_ws/install/bopt_description/share/bopt_description/models/aws_robomaker_residential_LightC_01/meshes/aws_LightC_01_visual.DAE\n'}
[0.134244] (bopt_description) StdoutLine: {'line': b'-- Up-to-date symlink: /home/jkw/bopt_ws/install/bopt_description/share/bopt_description/models/aws_robomaker_residential_LightC_01/model.config\n'}
[0.134271] (bopt_description) StdoutLine: {'line': b'-- Up-to-date symlink: /home/jkw/bopt_ws/install/bopt_description/share/bopt_description/models/aws_robomaker_residential_LightC_01/model.sdf\n'}
[0.134302] (bopt_description) StdoutLine: {'line': b'-- Up-to-date symlink: /home/jkw/bopt_ws/install/bopt_description/share/bopt_description/models/aws_robomaker_residential_NightStand_01/materials/textures/aws_NightStand_01.png\n'}
[0.134327] (bopt_description) StdoutLine: {'line': b'-- Up-to-date symlink: /home/jkw/bopt_ws/install/bopt_description/share/bopt_description/models/aws_robomaker_residential_NightStand_01/meshes/aws_NightStand_01_collision.DAE\n'}
[0.134352] (bopt_description) StdoutLine: {'line': b'-- Up-to-date symlink: /home/jkw/bopt_ws/install/bopt_description/share/bopt_description/models/aws_robomaker_residential_NightStand_01/meshes/aws_NightStand_01_visual.DAE\n'}
[0.134378] (bopt_description) StdoutLine: {'line': b'-- Up-to-date symlink: /home/jkw/bopt_ws/install/bopt_description/share/bopt_description/models/aws_robomaker_residential_NightStand_01/model.config\n'}
[0.134403] (bopt_description) StdoutLine: {'line': b'-- Up-to-date symlink: /home/jkw/bopt_ws/install/bopt_description/share/bopt_description/models/aws_robomaker_residential_NightStand_01/model.sdf\n'}
[0.134433] (bopt_description) StdoutLine: {'line': b'-- Up-to-date symlink: /home/jkw/bopt_ws/install/bopt_description/share/bopt_description/models/aws_robomaker_residential_Pillow_01/materials/textures/aws_Pillow_01.png\n'}
[0.134459] (bopt_description) StdoutLine: {'line': b'-- Up-to-date symlink: /home/jkw/bopt_ws/install/bopt_description/share/bopt_description/models/aws_robomaker_residential_Pillow_01/meshes/aws_Pillow_01_collision.DAE\n'}
[0.134485] (bopt_description) StdoutLine: {'line': b'-- Up-to-date symlink: /home/jkw/bopt_ws/install/bopt_description/share/bopt_description/models/aws_robomaker_residential_Pillow_01/meshes/aws_Pillow_01_visual.DAE\n'}
[0.134512] (bopt_description) StdoutLine: {'line': b'-- Up-to-date symlink: /home/jkw/bopt_ws/install/bopt_description/share/bopt_description/models/aws_robomaker_residential_Pillow_01/model.config\n'}
[0.134538] (bopt_description) StdoutLine: {'line': b'-- Up-to-date symlink: /home/jkw/bopt_ws/install/bopt_description/share/bopt_description/models/aws_robomaker_residential_Pillow_01/model.sdf\n'}
[0.134567] (bopt_description) StdoutLine: {'line': b'-- Up-to-date symlink: /home/jkw/bopt_ws/install/bopt_description/share/bopt_description/models/aws_robomaker_residential_PortraitA_01/materials/textures/aws_PortraitA_01.png\n'}
[0.134593] (bopt_description) StdoutLine: {'line': b'-- Up-to-date symlink: /home/jkw/bopt_ws/install/bopt_description/share/bopt_description/models/aws_robomaker_residential_PortraitA_01/materials/textures/aws_PortraitA_02.png\n'}
[0.134619] (bopt_description) StdoutLine: {'line': b'-- Up-to-date symlink: /home/jkw/bopt_ws/install/bopt_description/share/bopt_description/models/aws_robomaker_residential_PortraitA_01/meshes/aws_PortraitA_01_collision.DAE\n'}
[0.134646] (bopt_description) StdoutLine: {'line': b'-- Up-to-date symlink: /home/jkw/bopt_ws/install/bopt_description/share/bopt_description/models/aws_robomaker_residential_PortraitA_01/meshes/aws_PortraitA_01_visual.DAE\n'}
[0.134672] (bopt_description) StdoutLine: {'line': b'-- Up-to-date symlink: /home/jkw/bopt_ws/install/bopt_description/share/bopt_description/models/aws_robomaker_residential_PortraitA_01/model.config\n'}
[0.134706] (bopt_description) StdoutLine: {'line': b'-- Up-to-date symlink: /home/jkw/bopt_ws/install/bopt_description/share/bopt_description/models/aws_robomaker_residential_PortraitA_01/model.sdf\n'}
[0.134734] (bopt_description) StdoutLine: {'line': b'-- Up-to-date symlink: /home/jkw/bopt_ws/install/bopt_description/share/bopt_description/models/aws_robomaker_residential_PortraitA_02/materials/textures/aws_PortraitA_01.png\n'}
[0.134762] (bopt_description) StdoutLine: {'line': b'-- Up-to-date symlink: /home/jkw/bopt_ws/install/bopt_description/share/bopt_description/models/aws_robomaker_residential_PortraitA_02/materials/textures/aws_PortraitA_02.png\n'}
[0.134790] (bopt_description) StdoutLine: {'line': b'-- Up-to-date symlink: /home/jkw/bopt_ws/install/bopt_description/share/bopt_description/models/aws_robomaker_residential_PortraitA_02/meshes/aws_PortraitA_01_collision.DAE\n'}
[0.134816] (bopt_description) StdoutLine: {'line': b'-- Up-to-date symlink: /home/jkw/bopt_ws/install/bopt_description/share/bopt_description/models/aws_robomaker_residential_PortraitA_02/meshes/aws_PortraitA_01_visual.DAE\n'}
[0.134842] (bopt_description) StdoutLine: {'line': b'-- Up-to-date symlink: /home/jkw/bopt_ws/install/bopt_description/share/bopt_description/models/aws_robomaker_residential_PortraitA_02/model.config\n'}
[0.134868] (bopt_description) StdoutLine: {'line': b'-- Up-to-date symlink: /home/jkw/bopt_ws/install/bopt_description/share/bopt_description/models/aws_robomaker_residential_PortraitA_02/model.sdf\n'}
[0.134897] (bopt_description) StdoutLine: {'line': b'-- Up-to-date symlink: /home/jkw/bopt_ws/install/bopt_description/share/bopt_description/models/aws_robomaker_residential_PortraitB_01/materials/textures/aws_PortraitB_01.png\n'}
[0.134923] (bopt_description) StdoutLine: {'line': b'-- Up-to-date symlink: /home/jkw/bopt_ws/install/bopt_description/share/bopt_description/models/aws_robomaker_residential_PortraitB_01/materials/textures/aws_PortraitB_02.png\n'}
[0.134950] (bopt_description) StdoutLine: {'line': b'-- Up-to-date symlink: /home/jkw/bopt_ws/install/bopt_description/share/bopt_description/models/aws_robomaker_residential_PortraitB_01/meshes/aws_PortraitB_01_collision.DAE\n'}
[0.134977] (bopt_description) StdoutLine: {'line': b'-- Up-to-date symlink: /home/jkw/bopt_ws/install/bopt_description/share/bopt_description/models/aws_robomaker_residential_PortraitB_01/meshes/aws_PortraitB_01_visual.DAE\n'}
[0.135003] (bopt_description) StdoutLine: {'line': b'-- Up-to-date symlink: /home/jkw/bopt_ws/install/bopt_description/share/bopt_description/models/aws_robomaker_residential_PortraitB_01/model.config\n'}
[0.135028] (bopt_description) StdoutLine: {'line': b'-- Up-to-date symlink: /home/jkw/bopt_ws/install/bopt_description/share/bopt_description/models/aws_robomaker_residential_PortraitB_01/model.sdf\n'}
[0.135056] (bopt_description) StdoutLine: {'line': b'-- Up-to-date symlink: /home/jkw/bopt_ws/install/bopt_description/share/bopt_description/models/aws_robomaker_residential_PortraitB_02/materials/textures/aws_PortraitB_01.png\n'}
[0.135084] (bopt_description) StdoutLine: {'line': b'-- Up-to-date symlink: /home/jkw/bopt_ws/install/bopt_description/share/bopt_description/models/aws_robomaker_residential_PortraitB_02/materials/textures/aws_PortraitB_02.png\n'}
[0.135110] (bopt_description) StdoutLine: {'line': b'-- Up-to-date symlink: /home/jkw/bopt_ws/install/bopt_description/share/bopt_description/models/aws_robomaker_residential_PortraitB_02/meshes/aws_PortraitB_01_collision.DAE\n'}
[0.135138] (bopt_description) StdoutLine: {'line': b'-- Up-to-date symlink: /home/jkw/bopt_ws/install/bopt_description/share/bopt_description/models/aws_robomaker_residential_PortraitB_02/meshes/aws_PortraitB_01_visual.DAE\n'}
[0.135163] (bopt_description) StdoutLine: {'line': b'-- Up-to-date symlink: /home/jkw/bopt_ws/install/bopt_description/share/bopt_description/models/aws_robomaker_residential_PortraitB_02/model.config\n'}
[0.135190] (bopt_description) StdoutLine: {'line': b'-- Up-to-date symlink: /home/jkw/bopt_ws/install/bopt_description/share/bopt_description/models/aws_robomaker_residential_PortraitB_02/model.sdf\n'}
[0.135217] (bopt_description) StdoutLine: {'line': b'-- Up-to-date symlink: /home/jkw/bopt_ws/install/bopt_description/share/bopt_description/models/aws_robomaker_residential_PortraitB_03/materials/textures/aws_PortraitB_01.png\n'}
[0.135245] (bopt_description) StdoutLine: {'line': b'-- Up-to-date symlink: /home/jkw/bopt_ws/install/bopt_description/share/bopt_description/models/aws_robomaker_residential_PortraitB_03/materials/textures/aws_PortraitB_02.png\n'}
[0.135272] (bopt_description) StdoutLine: {'line': b'-- Up-to-date symlink: /home/jkw/bopt_ws/install/bopt_description/share/bopt_description/models/aws_robomaker_residential_PortraitB_03/meshes/aws_PortraitB_01_collision.DAE\n'}
[0.135299] (bopt_description) StdoutLine: {'line': b'-- Up-to-date symlink: /home/jkw/bopt_ws/install/bopt_description/share/bopt_description/models/aws_robomaker_residential_PortraitB_03/meshes/aws_PortraitB_01_visual.DAE\n'}
[0.135324] (bopt_description) StdoutLine: {'line': b'-- Up-to-date symlink: /home/jkw/bopt_ws/install/bopt_description/share/bopt_description/models/aws_robomaker_residential_PortraitB_03/model.config\n'}
[0.135350] (bopt_description) StdoutLine: {'line': b'-- Up-to-date symlink: /home/jkw/bopt_ws/install/bopt_description/share/bopt_description/models/aws_robomaker_residential_PortraitB_03/model.sdf\n'}
[0.135377] (bopt_description) StdoutLine: {'line': b'-- Up-to-date symlink: /home/jkw/bopt_ws/install/bopt_description/share/bopt_description/models/aws_robomaker_residential_PortraitC_01/materials/textures/aws_PortraitC_01.png\n'}
[0.135404] (bopt_description) StdoutLine: {'line': b'-- Up-to-date symlink: /home/jkw/bopt_ws/install/bopt_description/share/bopt_description/models/aws_robomaker_residential_PortraitC_01/materials/textures/aws_PortraitC_02.png\n'}
[0.135431] (bopt_description) StdoutLine: {'line': b'-- Up-to-date symlink: /home/jkw/bopt_ws/install/bopt_description/share/bopt_description/models/aws_robomaker_residential_PortraitC_01/meshes/aws_PortraitC_01_collision.DAE\n'}
[0.135456] (bopt_description) StdoutLine: {'line': b'-- Up-to-date symlink: /home/jkw/bopt_ws/install/bopt_description/share/bopt_description/models/aws_robomaker_residential_PortraitC_01/meshes/aws_PortraitC_01_visual.DAE\n'}
[0.135482] (bopt_description) StdoutLine: {'line': b'-- Up-to-date symlink: /home/jkw/bopt_ws/install/bopt_description/share/bopt_description/models/aws_robomaker_residential_PortraitC_01/model.config\n'}
[0.135508] (bopt_description) StdoutLine: {'line': b'-- Up-to-date symlink: /home/jkw/bopt_ws/install/bopt_description/share/bopt_description/models/aws_robomaker_residential_PortraitC_01/model.sdf\n'}
[0.135536] (bopt_description) StdoutLine: {'line': b'-- Up-to-date symlink: /home/jkw/bopt_ws/install/bopt_description/share/bopt_description/models/aws_robomaker_residential_PortraitD_01/materials/textures/aws_PortraitD_01.png\n'}
[0.135564] (bopt_description) StdoutLine: {'line': b'-- Up-to-date symlink: /home/jkw/bopt_ws/install/bopt_description/share/bopt_description/models/aws_robomaker_residential_PortraitD_01/materials/textures/aws_PortraitD_02.png\n'}
[0.135590] (bopt_description) StdoutLine: {'line': b'-- Up-to-date symlink: /home/jkw/bopt_ws/install/bopt_description/share/bopt_description/models/aws_robomaker_residential_PortraitD_01/meshes/aws_PortraitD_01_collision.DAE\n'}
[0.135617] (bopt_description) StdoutLine: {'line': b'-- Up-to-date symlink: /home/jkw/bopt_ws/install/bopt_description/share/bopt_description/models/aws_robomaker_residential_PortraitD_01/meshes/aws_PortraitD_01_visual.DAE\n'}
[0.135642] (bopt_description) StdoutLine: {'line': b'-- Up-to-date symlink: /home/jkw/bopt_ws/install/bopt_description/share/bopt_description/models/aws_robomaker_residential_PortraitD_01/model.config\n'}
[0.135668] (bopt_description) StdoutLine: {'line': b'-- Up-to-date symlink: /home/jkw/bopt_ws/install/bopt_description/share/bopt_description/models/aws_robomaker_residential_PortraitD_01/model.sdf\n'}
[0.135702] (bopt_description) StdoutLine: {'line': b'-- Up-to-date symlink: /home/jkw/bopt_ws/install/bopt_description/share/bopt_description/models/aws_robomaker_residential_PortraitD_02/materials/textures/aws_PortraitD_01.png\n'}
[0.135731] (bopt_description) StdoutLine: {'line': b'-- Up-to-date symlink: /home/jkw/bopt_ws/install/bopt_description/share/bopt_description/models/aws_robomaker_residential_PortraitD_02/materials/textures/aws_PortraitD_02.png\n'}
[0.135758] (bopt_description) StdoutLine: {'line': b'-- Up-to-date symlink: /home/jkw/bopt_ws/install/bopt_description/share/bopt_description/models/aws_robomaker_residential_PortraitD_02/meshes/aws_PortraitD_01_collision.DAE\n'}
[0.135785] (bopt_description) StdoutLine: {'line': b'-- Up-to-date symlink: /home/jkw/bopt_ws/install/bopt_description/share/bopt_description/models/aws_robomaker_residential_PortraitD_02/meshes/aws_PortraitD_01_visual.DAE\n'}
[0.135811] (bopt_description) StdoutLine: {'line': b'-- Up-to-date symlink: /home/jkw/bopt_ws/install/bopt_description/share/bopt_description/models/aws_robomaker_residential_PortraitD_02/model.config\n'}
[0.135838] (bopt_description) StdoutLine: {'line': b'-- Up-to-date symlink: /home/jkw/bopt_ws/install/bopt_description/share/bopt_description/models/aws_robomaker_residential_PortraitD_02/model.sdf\n'}
[0.135865] (bopt_description) StdoutLine: {'line': b'-- Up-to-date symlink: /home/jkw/bopt_ws/install/bopt_description/share/bopt_description/models/aws_robomaker_residential_PortraitE_01/materials/textures/aws_PortraitE_01.png\n'}
[0.135891] (bopt_description) StdoutLine: {'line': b'-- Up-to-date symlink: /home/jkw/bopt_ws/install/bopt_description/share/bopt_description/models/aws_robomaker_residential_PortraitE_01/materials/textures/aws_PortraitE_02.png\n'}
[0.135917] (bopt_description) StdoutLine: {'line': b'-- Up-to-date symlink: /home/jkw/bopt_ws/install/bopt_description/share/bopt_description/models/aws_robomaker_residential_PortraitE_01/meshes/aws_PortraitE_01_collision.DAE\n'}
[0.135945] (bopt_description) StdoutLine: {'line': b'-- Up-to-date symlink: /home/jkw/bopt_ws/install/bopt_description/share/bopt_description/models/aws_robomaker_residential_PortraitE_01/meshes/aws_PortraitE_01_visual.DAE\n'}
[0.135970] (bopt_description) StdoutLine: {'line': b'-- Up-to-date symlink: /home/jkw/bopt_ws/install/bopt_description/share/bopt_description/models/aws_robomaker_residential_PortraitE_01/model.config\n'}
[0.135995] (bopt_description) StdoutLine: {'line': b'-- Up-to-date symlink: /home/jkw/bopt_ws/install/bopt_description/share/bopt_description/models/aws_robomaker_residential_PortraitE_01/model.sdf\n'}
[0.136023] (bopt_description) StdoutLine: {'line': b'-- Up-to-date symlink: /home/jkw/bopt_ws/install/bopt_description/share/bopt_description/models/aws_robomaker_residential_PortraitE_02/materials/textures/aws_PortraitE_01.png\n'}
[0.136050] (bopt_description) StdoutLine: {'line': b'-- Up-to-date symlink: /home/jkw/bopt_ws/install/bopt_description/share/bopt_description/models/aws_robomaker_residential_PortraitE_02/materials/textures/aws_PortraitE_02.png\n'}
[0.136076] (bopt_description) StdoutLine: {'line': b'-- Up-to-date symlink: /home/jkw/bopt_ws/install/bopt_description/share/bopt_description/models/aws_robomaker_residential_PortraitE_02/meshes/aws_PortraitE_01_collision.DAE\n'}
[0.136104] (bopt_description) StdoutLine: {'line': b'-- Up-to-date symlink: /home/jkw/bopt_ws/install/bopt_description/share/bopt_description/models/aws_robomaker_residential_PortraitE_02/meshes/aws_PortraitE_01_visual.DAE\n'}
[0.136128] (bopt_description) StdoutLine: {'line': b'-- Up-to-date symlink: /home/jkw/bopt_ws/install/bopt_description/share/bopt_description/models/aws_robomaker_residential_PortraitE_02/model.config\n'}
[0.136153] (bopt_description) StdoutLine: {'line': b'-- Up-to-date symlink: /home/jkw/bopt_ws/install/bopt_description/share/bopt_description/models/aws_robomaker_residential_PortraitE_02/model.sdf\n'}
[0.136181] (bopt_description) StdoutLine: {'line': b'-- Up-to-date symlink: /home/jkw/bopt_ws/install/bopt_description/share/bopt_description/models/aws_robomaker_residential_Quilt_01/materials/textures/aws_Quilt_01.png\n'}
[0.136209] (bopt_description) StdoutLine: {'line': b'-- Up-to-date symlink: /home/jkw/bopt_ws/install/bopt_description/share/bopt_description/models/aws_robomaker_residential_Quilt_01/meshes/aws_Quilt_01_collision.DAE\n'}
[0.136236] (bopt_description) StdoutLine: {'line': b'-- Up-to-date symlink: /home/jkw/bopt_ws/install/bopt_description/share/bopt_description/models/aws_robomaker_residential_Quilt_01/meshes/aws_Quilt_01_visual.DAE\n'}
[0.136261] (bopt_description) StdoutLine: {'line': b'-- Up-to-date symlink: /home/jkw/bopt_ws/install/bopt_description/share/bopt_description/models/aws_robomaker_residential_Quilt_01/model.config\n'}
[0.136287] (bopt_description) StdoutLine: {'line': b'-- Up-to-date symlink: /home/jkw/bopt_ws/install/bopt_description/share/bopt_description/models/aws_robomaker_residential_Quilt_01/model.sdf\n'}
[0.136315] (bopt_description) StdoutLine: {'line': b'-- Up-to-date symlink: /home/jkw/bopt_ws/install/bopt_description/share/bopt_description/models/aws_robomaker_residential_Rangehood_01/materials/textures/aws_Rangehood_01.png\n'}
[0.136342] (bopt_description) StdoutLine: {'line': b'-- Up-to-date symlink: /home/jkw/bopt_ws/install/bopt_description/share/bopt_description/models/aws_robomaker_residential_Rangehood_01/meshes/aws_Rangehood_01_collision.DAE\n'}
[0.136368] (bopt_description) StdoutLine: {'line': b'-- Up-to-date symlink: /home/jkw/bopt_ws/install/bopt_description/share/bopt_description/models/aws_robomaker_residential_Rangehood_01/meshes/aws_Rangehood_01_visual.DAE\n'}
[0.136394] (bopt_description) StdoutLine: {'line': b'-- Up-to-date symlink: /home/jkw/bopt_ws/install/bopt_description/share/bopt_description/models/aws_robomaker_residential_Rangehood_01/model.config\n'}
[0.136419] (bopt_description) StdoutLine: {'line': b'-- Up-to-date symlink: /home/jkw/bopt_ws/install/bopt_description/share/bopt_description/models/aws_robomaker_residential_Rangehood_01/model.sdf\n'}
[0.136449] (bopt_description) StdoutLine: {'line': b'-- Up-to-date symlink: /home/jkw/bopt_ws/install/bopt_description/share/bopt_description/models/aws_robomaker_residential_ReadingDesk_01/materials/textures/aws_ReadingDesk_01.png\n'}
[0.136475] (bopt_description) StdoutLine: {'line': b'-- Up-to-date symlink: /home/jkw/bopt_ws/install/bopt_description/share/bopt_description/models/aws_robomaker_residential_ReadingDesk_01/meshes/aws_ReadingDesk_01_collision.DAE\n'}
[0.136502] (bopt_description) StdoutLine: {'line': b'-- Up-to-date symlink: /home/jkw/bopt_ws/install/bopt_description/share/bopt_description/models/aws_robomaker_residential_ReadingDesk_01/meshes/aws_ReadingDesk_01_visual.DAE\n'}
[0.136528] (bopt_description) StdoutLine: {'line': b'-- Up-to-date symlink: /home/jkw/bopt_ws/install/bopt_description/share/bopt_description/models/aws_robomaker_residential_ReadingDesk_01/model.config\n'}
[0.136554] (bopt_description) StdoutLine: {'line': b'-- Up-to-date symlink: /home/jkw/bopt_ws/install/bopt_description/share/bopt_description/models/aws_robomaker_residential_ReadingDesk_01/model.sdf\n'}
[0.136583] (bopt_description) StdoutLine: {'line': b'-- Up-to-date symlink: /home/jkw/bopt_ws/install/bopt_description/share/bopt_description/models/aws_robomaker_residential_Refrigerator_01/materials/textures/aws_Refrigerator_01.png\n'}
[0.136610] (bopt_description) StdoutLine: {'line': b'-- Up-to-date symlink: /home/jkw/bopt_ws/install/bopt_description/share/bopt_description/models/aws_robomaker_residential_Refrigerator_01/materials/textures/aws_Refrigerator_02.png\n'}
[0.136638] (bopt_description) StdoutLine: {'line': b'-- Up-to-date symlink: /home/jkw/bopt_ws/install/bopt_description/share/bopt_description/models/aws_robomaker_residential_Refrigerator_01/meshes/aws_Refrigerator_01.DAE\n'}
[0.136664] (bopt_description) StdoutLine: {'line': b'-- Up-to-date symlink: /home/jkw/bopt_ws/install/bopt_description/share/bopt_description/models/aws_robomaker_residential_Refrigerator_01/meshes/aws_Refrigerator_01_collision.DAE\n'}
[0.136694] (bopt_description) StdoutLine: {'line': b'-- Up-to-date symlink: /home/jkw/bopt_ws/install/bopt_description/share/bopt_description/models/aws_robomaker_residential_Refrigerator_01/meshes/aws_Refrigerator_01_visual.DAE\n'}
[0.136720] (bopt_description) StdoutLine: {'line': b'-- Up-to-date symlink: /home/jkw/bopt_ws/install/bopt_description/share/bopt_description/models/aws_robomaker_residential_Refrigerator_01/model.config\n'}
[0.136744] (bopt_description) StdoutLine: {'line': b'-- Up-to-date symlink: /home/jkw/bopt_ws/install/bopt_description/share/bopt_description/models/aws_robomaker_residential_Refrigerator_01/model.sdf\n'}
[0.136772] (bopt_description) StdoutLine: {'line': b'-- Up-to-date symlink: /home/jkw/bopt_ws/install/bopt_description/share/bopt_description/models/aws_robomaker_residential_RoomCeiling_01/materials/textures/aws_RoomCeiling_01.png\n'}
[0.136800] (bopt_description) StdoutLine: {'line': b'-- Up-to-date symlink: /home/jkw/bopt_ws/install/bopt_description/share/bopt_description/models/aws_robomaker_residential_RoomCeiling_01/meshes/aws_RoomCeiling_01_collision.DAE\n'}
[0.136825] (bopt_description) StdoutLine: {'line': b'-- Up-to-date symlink: /home/jkw/bopt_ws/install/bopt_description/share/bopt_description/models/aws_robomaker_residential_RoomCeiling_01/meshes/aws_RoomCeiling_01_visual.DAE\n'}
[0.136852] (bopt_description) StdoutLine: {'line': b'-- Up-to-date symlink: /home/jkw/bopt_ws/install/bopt_description/share/bopt_description/models/aws_robomaker_residential_RoomCeiling_01/model.config\n'}
[0.136877] (bopt_description) StdoutLine: {'line': b'-- Up-to-date symlink: /home/jkw/bopt_ws/install/bopt_description/share/bopt_description/models/aws_robomaker_residential_RoomCeiling_01/model.sdf\n'}
[0.136905] (bopt_description) StdoutLine: {'line': b'-- Up-to-date symlink: /home/jkw/bopt_ws/install/bopt_description/share/bopt_description/models/aws_robomaker_residential_RoomWall_01/materials/textures/aws_RoomWall_01.png\n'}
[0.136933] (bopt_description) StdoutLine: {'line': b'-- Up-to-date symlink: /home/jkw/bopt_ws/install/bopt_description/share/bopt_description/models/aws_robomaker_residential_RoomWall_01/meshes/aws_RoomWall_01_collision.DAE\n'}
[0.136958] (bopt_description) StdoutLine: {'line': b'-- Up-to-date symlink: /home/jkw/bopt_ws/install/bopt_description/share/bopt_description/models/aws_robomaker_residential_RoomWall_01/meshes/aws_RoomWall_01_visual.DAE\n'}
[0.136984] (bopt_description) StdoutLine: {'line': b'-- Up-to-date symlink: /home/jkw/bopt_ws/install/bopt_description/share/bopt_description/models/aws_robomaker_residential_RoomWall_01/model.config\n'}
[0.137009] (bopt_description) StdoutLine: {'line': b'-- Up-to-date symlink: /home/jkw/bopt_ws/install/bopt_description/share/bopt_description/models/aws_robomaker_residential_RoomWall_01/model.sdf\n'}
[0.137037] (bopt_description) StdoutLine: {'line': b'-- Up-to-date symlink: /home/jkw/bopt_ws/install/bopt_description/share/bopt_description/models/aws_robomaker_residential_RoomWindow_01/materials/textures/aws_RoomWindow_01.png\n'}
[0.137064] (bopt_description) StdoutLine: {'line': b'-- Up-to-date symlink: /home/jkw/bopt_ws/install/bopt_description/share/bopt_description/models/aws_robomaker_residential_RoomWindow_01/meshes/aws_RoomWindow_01_collision.DAE\n'}
[0.137090] (bopt_description) StdoutLine: {'line': b'-- Up-to-date symlink: /home/jkw/bopt_ws/install/bopt_description/share/bopt_description/models/aws_robomaker_residential_RoomWindow_01/meshes/aws_RoomWindow_01_visual.DAE\n'}
[0.137117] (bopt_description) StdoutLine: {'line': b'-- Up-to-date symlink: /home/jkw/bopt_ws/install/bopt_description/share/bopt_description/models/aws_robomaker_residential_RoomWindow_01/model.config\n'}
[0.137141] (bopt_description) StdoutLine: {'line': b'-- Up-to-date symlink: /home/jkw/bopt_ws/install/bopt_description/share/bopt_description/models/aws_robomaker_residential_RoomWindow_01/model.sdf\n'}
[0.137169] (bopt_description) StdoutLine: {'line': b'-- Up-to-date symlink: /home/jkw/bopt_ws/install/bopt_description/share/bopt_description/models/aws_robomaker_residential_SeasoningBox_01/materials/textures/aws_SeasoningBox_01.png\n'}
[0.137196] (bopt_description) StdoutLine: {'line': b'-- Up-to-date symlink: /home/jkw/bopt_ws/install/bopt_description/share/bopt_description/models/aws_robomaker_residential_SeasoningBox_01/meshes/aws_SeasoningBox_01_collision.DAE\n'}
[0.137222] (bopt_description) StdoutLine: {'line': b'-- Up-to-date symlink: /home/jkw/bopt_ws/install/bopt_description/share/bopt_description/models/aws_robomaker_residential_SeasoningBox_01/meshes/aws_SeasoningBox_01_visual.DAE\n'}
[0.137249] (bopt_description) StdoutLine: {'line': b'-- Up-to-date symlink: /home/jkw/bopt_ws/install/bopt_description/share/bopt_description/models/aws_robomaker_residential_SeasoningBox_01/model.config\n'}
[0.137274] (bopt_description) StdoutLine: {'line': b'-- Up-to-date symlink: /home/jkw/bopt_ws/install/bopt_description/share/bopt_description/models/aws_robomaker_residential_SeasoningBox_01/model.sdf\n'}
[0.137303] (bopt_description) StdoutLine: {'line': b'-- Up-to-date symlink: /home/jkw/bopt_ws/install/bopt_description/share/bopt_description/models/aws_robomaker_residential_SecurityCamera_01/materials/textures/aws_SecurityCamera_01.png\n'}
[0.137331] (bopt_description) StdoutLine: {'line': b'-- Up-to-date symlink: /home/jkw/bopt_ws/install/bopt_description/share/bopt_description/models/aws_robomaker_residential_SecurityCamera_01/meshes/aws_SecurityCamera_01_collision.DAE\n'}
[0.137358] (bopt_description) StdoutLine: {'line': b'-- Up-to-date symlink: /home/jkw/bopt_ws/install/bopt_description/share/bopt_description/models/aws_robomaker_residential_SecurityCamera_01/meshes/aws_SecurityCamera_01_visual.DAE\n'}
[0.137383] (bopt_description) StdoutLine: {'line': b'-- Up-to-date symlink: /home/jkw/bopt_ws/install/bopt_description/share/bopt_description/models/aws_robomaker_residential_SecurityCamera_01/model.config\n'}
[0.137409] (bopt_description) StdoutLine: {'line': b'-- Up-to-date symlink: /home/jkw/bopt_ws/install/bopt_description/share/bopt_description/models/aws_robomaker_residential_SecurityCamera_01/model.sdf\n'}
[0.137437] (bopt_description) StdoutLine: {'line': b'-- Up-to-date symlink: /home/jkw/bopt_ws/install/bopt_description/share/bopt_description/models/aws_robomaker_residential_ShoeRack_01/materials/textures/aws_ShoeRack_01.png\n'}
[0.137463] (bopt_description) StdoutLine: {'line': b'-- Up-to-date symlink: /home/jkw/bopt_ws/install/bopt_description/share/bopt_description/models/aws_robomaker_residential_ShoeRack_01/meshes/aws_ShoeRack_01_collision.DAE\n'}
[0.137490] (bopt_description) StdoutLine: {'line': b'-- Up-to-date symlink: /home/jkw/bopt_ws/install/bopt_description/share/bopt_description/models/aws_robomaker_residential_ShoeRack_01/meshes/aws_ShoeRack_01_visual.DAE\n'}
[0.137515] (bopt_description) StdoutLine: {'line': b'-- Up-to-date symlink: /home/jkw/bopt_ws/install/bopt_description/share/bopt_description/models/aws_robomaker_residential_ShoeRack_01/model.config\n'}
[0.137540] (bopt_description) StdoutLine: {'line': b'-- Up-to-date symlink: /home/jkw/bopt_ws/install/bopt_description/share/bopt_description/models/aws_robomaker_residential_ShoeRack_01/model.sdf\n'}
[0.137569] (bopt_description) StdoutLine: {'line': b'-- Up-to-date symlink: /home/jkw/bopt_ws/install/bopt_description/share/bopt_description/models/aws_robomaker_residential_SofaB_01/materials/textures/aws_SofaB_01.png\n'}
[0.137596] (bopt_description) StdoutLine: {'line': b'-- Up-to-date symlink: /home/jkw/bopt_ws/install/bopt_description/share/bopt_description/models/aws_robomaker_residential_SofaB_01/meshes/aws_SofaB_01_collision.DAE\n'}
[0.137622] (bopt_description) StdoutLine: {'line': b'-- Up-to-date symlink: /home/jkw/bopt_ws/install/bopt_description/share/bopt_description/models/aws_robomaker_residential_SofaB_01/meshes/aws_SofaB_01_visual.DAE\n'}
[0.137648] (bopt_description) StdoutLine: {'line': b'-- Up-to-date symlink: /home/jkw/bopt_ws/install/bopt_description/share/bopt_description/models/aws_robomaker_residential_SofaB_01/model.config\n'}
[0.137676] (bopt_description) StdoutLine: {'line': b'-- Up-to-date symlink: /home/jkw/bopt_ws/install/bopt_description/share/bopt_description/models/aws_robomaker_residential_SofaB_01/model.sdf\n'}
[0.137704] (bopt_description) StdoutLine: {'line': b'-- Up-to-date symlink: /home/jkw/bopt_ws/install/bopt_description/share/bopt_description/models/aws_robomaker_residential_SofaC_01/materials/textures/aws_SofaC_01.png\n'}
[0.137730] (bopt_description) StdoutLine: {'line': b'-- Up-to-date symlink: /home/jkw/bopt_ws/install/bopt_description/share/bopt_description/models/aws_robomaker_residential_SofaC_01/meshes/aws_SofaC_01_collision.DAE\n'}
[0.137757] (bopt_description) StdoutLine: {'line': b'-- Up-to-date symlink: /home/jkw/bopt_ws/install/bopt_description/share/bopt_description/models/aws_robomaker_residential_SofaC_01/meshes/aws_SofaC_01_visual.DAE\n'}
[0.137782] (bopt_description) StdoutLine: {'line': b'-- Up-to-date symlink: /home/jkw/bopt_ws/install/bopt_description/share/bopt_description/models/aws_robomaker_residential_SofaC_01/model.config\n'}
[0.137808] (bopt_description) StdoutLine: {'line': b'-- Up-to-date symlink: /home/jkw/bopt_ws/install/bopt_description/share/bopt_description/models/aws_robomaker_residential_SofaC_01/model.sdf\n'}
[0.137836] (bopt_description) StdoutLine: {'line': b'-- Up-to-date symlink: /home/jkw/bopt_ws/install/bopt_description/share/bopt_description/models/aws_robomaker_residential_Sofa_01/materials/textures/aws_Sofa_01.png\n'}
[0.137863] (bopt_description) StdoutLine: {'line': b'-- Up-to-date symlink: /home/jkw/bopt_ws/install/bopt_description/share/bopt_description/models/aws_robomaker_residential_Sofa_01/meshes/aws_Sofa_01.DAE\n'}
[0.137889] (bopt_description) StdoutLine: {'line': b'-- Up-to-date symlink: /home/jkw/bopt_ws/install/bopt_description/share/bopt_description/models/aws_robomaker_residential_Sofa_01/meshes/aws_Sofa_01_collision.DAE\n'}
[0.137916] (bopt_description) StdoutLine: {'line': b'-- Up-to-date symlink: /home/jkw/bopt_ws/install/bopt_description/share/bopt_description/models/aws_robomaker_residential_Sofa_01/meshes/aws_Sofa_01_visual.DAE\n'}
[0.137941] (bopt_description) StdoutLine: {'line': b'-- Up-to-date symlink: /home/jkw/bopt_ws/install/bopt_description/share/bopt_description/models/aws_robomaker_residential_Sofa_01/model.config\n'}
[0.137967] (bopt_description) StdoutLine: {'line': b'-- Up-to-date symlink: /home/jkw/bopt_ws/install/bopt_description/share/bopt_description/models/aws_robomaker_residential_Sofa_01/model.sdf\n'}
[0.137996] (bopt_description) StdoutLine: {'line': b'-- Up-to-date symlink: /home/jkw/bopt_ws/install/bopt_description/share/bopt_description/models/aws_robomaker_residential_TVCabinet_01/materials/textures/aws_TVCabinet_01.png\n'}
[0.138023] (bopt_description) StdoutLine: {'line': b'-- Up-to-date symlink: /home/jkw/bopt_ws/install/bopt_description/share/bopt_description/models/aws_robomaker_residential_TVCabinet_01/meshes/aws_TVCabinet_01_collision.DAE\n'}
[0.138050] (bopt_description) StdoutLine: {'line': b'-- Up-to-date symlink: /home/jkw/bopt_ws/install/bopt_description/share/bopt_description/models/aws_robomaker_residential_TVCabinet_01/meshes/aws_TVCabinet_01_visual.DAE\n'}
[0.138078] (bopt_description) StdoutLine: {'line': b'-- Up-to-date symlink: /home/jkw/bopt_ws/install/bopt_description/share/bopt_description/models/aws_robomaker_residential_TVCabinet_01/model.config\n'}
[0.138103] (bopt_description) StdoutLine: {'line': b'-- Up-to-date symlink: /home/jkw/bopt_ws/install/bopt_description/share/bopt_description/models/aws_robomaker_residential_TVCabinet_01/model.sdf\n'}
[0.138132] (bopt_description) StdoutLine: {'line': b'-- Up-to-date symlink: /home/jkw/bopt_ws/install/bopt_description/share/bopt_description/models/aws_robomaker_residential_TV_01/materials/textures/aws_TV_01.png\n'}
[0.138159] (bopt_description) StdoutLine: {'line': b'-- Up-to-date symlink: /home/jkw/bopt_ws/install/bopt_description/share/bopt_description/models/aws_robomaker_residential_TV_01/meshes/aws_TV_01_collision.DAE\n'}
[0.138185] (bopt_description) StdoutLine: {'line': b'-- Up-to-date symlink: /home/jkw/bopt_ws/install/bopt_description/share/bopt_description/models/aws_robomaker_residential_TV_01/meshes/aws_TV_01_visual.DAE\n'}
[0.138211] (bopt_description) StdoutLine: {'line': b'-- Up-to-date symlink: /home/jkw/bopt_ws/install/bopt_description/share/bopt_description/models/aws_robomaker_residential_TV_01/model.config\n'}
[0.138238] (bopt_description) StdoutLine: {'line': b'-- Up-to-date symlink: /home/jkw/bopt_ws/install/bopt_description/share/bopt_description/models/aws_robomaker_residential_TV_01/model.sdf\n'}
[0.138265] (bopt_description) StdoutLine: {'line': b'-- Up-to-date symlink: /home/jkw/bopt_ws/install/bopt_description/share/bopt_description/models/aws_robomaker_residential_TV_02/materials/textures/aws_TV_01.png\n'}
[0.138292] (bopt_description) StdoutLine: {'line': b'-- Up-to-date symlink: /home/jkw/bopt_ws/install/bopt_description/share/bopt_description/models/aws_robomaker_residential_TV_02/meshes/aws_TV_01_collision.DAE\n'}
[0.138319] (bopt_description) StdoutLine: {'line': b'-- Up-to-date symlink: /home/jkw/bopt_ws/install/bopt_description/share/bopt_description/models/aws_robomaker_residential_TV_02/meshes/aws_TV_01_visual.DAE\n'}
[0.138344] (bopt_description) StdoutLine: {'line': b'-- Up-to-date symlink: /home/jkw/bopt_ws/install/bopt_description/share/bopt_description/models/aws_robomaker_residential_TV_02/model.config\n'}
[0.138370] (bopt_description) StdoutLine: {'line': b'-- Up-to-date symlink: /home/jkw/bopt_ws/install/bopt_description/share/bopt_description/models/aws_robomaker_residential_TV_02/model.sdf\n'}
[0.138398] (bopt_description) StdoutLine: {'line': b'-- Up-to-date symlink: /home/jkw/bopt_ws/install/bopt_description/share/bopt_description/models/aws_robomaker_residential_Tablet_01/materials/textures/aws_Tablet_01_nologo.png\n'}
[0.138424] (bopt_description) StdoutLine: {'line': b'-- Up-to-date symlink: /home/jkw/bopt_ws/install/bopt_description/share/bopt_description/models/aws_robomaker_residential_Tablet_01/meshes/aws_Tablet_01_collision.DAE\n'}
[0.138451] (bopt_description) StdoutLine: {'line': b'-- Up-to-date symlink: /home/jkw/bopt_ws/install/bopt_description/share/bopt_description/models/aws_robomaker_residential_Tablet_01/meshes/aws_Tablet_01_visual.DAE\n'}
[0.138477] (bopt_description) StdoutLine: {'line': b'-- Up-to-date symlink: /home/jkw/bopt_ws/install/bopt_description/share/bopt_description/models/aws_robomaker_residential_Tablet_01/model.config\n'}
[0.138502] (bopt_description) StdoutLine: {'line': b'-- Up-to-date symlink: /home/jkw/bopt_ws/install/bopt_description/share/bopt_description/models/aws_robomaker_residential_Tablet_01/model.sdf\n'}
[0.138531] (bopt_description) StdoutLine: {'line': b'-- Up-to-date symlink: /home/jkw/bopt_ws/install/bopt_description/share/bopt_description/models/aws_robomaker_residential_Tableware_01/materials/textures/aws_Tableware_01.png\n'}
[0.138558] (bopt_description) StdoutLine: {'line': b'-- Up-to-date symlink: /home/jkw/bopt_ws/install/bopt_description/share/bopt_description/models/aws_robomaker_residential_Tableware_01/meshes/aws_Tableware_01_collision.DAE\n'}
[0.138585] (bopt_description) StdoutLine: {'line': b'-- Up-to-date symlink: /home/jkw/bopt_ws/install/bopt_description/share/bopt_description/models/aws_robomaker_residential_Tableware_01/meshes/aws_Tableware_01_visual.DAE\n'}
[0.138610] (bopt_description) StdoutLine: {'line': b'-- Up-to-date symlink: /home/jkw/bopt_ws/install/bopt_description/share/bopt_description/models/aws_robomaker_residential_Tableware_01/model.config\n'}
[0.138635] (bopt_description) StdoutLine: {'line': b'-- Up-to-date symlink: /home/jkw/bopt_ws/install/bopt_description/share/bopt_description/models/aws_robomaker_residential_Tableware_01/model.sdf\n'}
[0.138664] (bopt_description) StdoutLine: {'line': b'-- Up-to-date symlink: /home/jkw/bopt_ws/install/bopt_description/share/bopt_description/models/aws_robomaker_residential_Trash_01/materials/textures/aws_Trash_01.png\n'}
[0.138701] (bopt_description) StdoutLine: {'line': b'-- Up-to-date symlink: /home/jkw/bopt_ws/install/bopt_description/share/bopt_description/models/aws_robomaker_residential_Trash_01/meshes/aws_Trash_01_collision.DAE\n'}
[0.138727] (bopt_description) StdoutLine: {'line': b'-- Up-to-date symlink: /home/jkw/bopt_ws/install/bopt_description/share/bopt_description/models/aws_robomaker_residential_Trash_01/meshes/aws_Trash_01_visual.DAE\n'}
[0.138752] (bopt_description) StdoutLine: {'line': b'-- Up-to-date symlink: /home/jkw/bopt_ws/install/bopt_description/share/bopt_description/models/aws_robomaker_residential_Trash_01/model.config\n'}
[0.138778] (bopt_description) StdoutLine: {'line': b'-- Up-to-date symlink: /home/jkw/bopt_ws/install/bopt_description/share/bopt_description/models/aws_robomaker_residential_Trash_01/model.sdf\n'}
[0.138806] (bopt_description) StdoutLine: {'line': b'-- Up-to-date symlink: /home/jkw/bopt_ws/install/bopt_description/share/bopt_description/models/aws_robomaker_residential_Vase_01/materials/textures/aws_Vase_01.png\n'}
[0.138833] (bopt_description) StdoutLine: {'line': b'-- Up-to-date symlink: /home/jkw/bopt_ws/install/bopt_description/share/bopt_description/models/aws_robomaker_residential_Vase_01/meshes/aws_Vase_01_collision.DAE\n'}
[0.138860] (bopt_description) StdoutLine: {'line': b'-- Up-to-date symlink: /home/jkw/bopt_ws/install/bopt_description/share/bopt_description/models/aws_robomaker_residential_Vase_01/meshes/aws_Vase_01_visual.DAE\n'}
[0.138886] (bopt_description) StdoutLine: {'line': b'-- Up-to-date symlink: /home/jkw/bopt_ws/install/bopt_description/share/bopt_description/models/aws_robomaker_residential_Vase_01/model.config\n'}
[0.138911] (bopt_description) StdoutLine: {'line': b'-- Up-to-date symlink: /home/jkw/bopt_ws/install/bopt_description/share/bopt_description/models/aws_robomaker_residential_Vase_01/model.sdf\n'}
[0.138941] (bopt_description) StdoutLine: {'line': b'-- Up-to-date symlink: /home/jkw/bopt_ws/install/bopt_description/share/bopt_description/models/aws_robomaker_residential_Wardrobe_01/materials/textures/aws_Wardrobe_01.png\n'}
[0.138968] (bopt_description) StdoutLine: {'line': b'-- Up-to-date symlink: /home/jkw/bopt_ws/install/bopt_description/share/bopt_description/models/aws_robomaker_residential_Wardrobe_01/meshes/aws_Wardrobe_01_collision.DAE\n'}
[0.138994] (bopt_description) StdoutLine: {'line': b'-- Up-to-date symlink: /home/jkw/bopt_ws/install/bopt_description/share/bopt_description/models/aws_robomaker_residential_Wardrobe_01/meshes/aws_Wardrobe_01_visual.DAE\n'}
[0.139020] (bopt_description) StdoutLine: {'line': b'-- Up-to-date symlink: /home/jkw/bopt_ws/install/bopt_description/share/bopt_description/models/aws_robomaker_residential_Wardrobe_01/model.config\n'}
[0.139045] (bopt_description) StdoutLine: {'line': b'-- Up-to-date symlink: /home/jkw/bopt_ws/install/bopt_description/share/bopt_description/models/aws_robomaker_residential_Wardrobe_01/model.sdf\n'}
[0.139071] (bopt_description) StdoutLine: {'line': b'-- Up-to-date symlink: /home/jkw/bopt_ws/install/bopt_description/share/bopt_description/models/aws_robomaker_warehouse_Bucket_01/.DS_Store\n'}
[0.139099] (bopt_description) StdoutLine: {'line': b'-- Up-to-date symlink: /home/jkw/bopt_ws/install/bopt_description/share/bopt_description/models/aws_robomaker_warehouse_Bucket_01/materials/.DS_Store\n'}
[0.139127] (bopt_description) StdoutLine: {'line': b'-- Up-to-date symlink: /home/jkw/bopt_ws/install/bopt_description/share/bopt_description/models/aws_robomaker_warehouse_Bucket_01/materials/textures/aws_robomaker_warehouse_Bucket_01.png\n'}
[0.139155] (bopt_description) StdoutLine: {'line': b'-- Up-to-date symlink: /home/jkw/bopt_ws/install/bopt_description/share/bopt_description/models/aws_robomaker_warehouse_Bucket_01/meshes/aws_robomaker_warehouse_Bucket_01_collision.DAE\n'}
[0.139182] (bopt_description) StdoutLine: {'line': b'-- Up-to-date symlink: /home/jkw/bopt_ws/install/bopt_description/share/bopt_description/models/aws_robomaker_warehouse_Bucket_01/meshes/aws_robomaker_warehouse_Bucket_01_visual.DAE\n'}
[0.139209] (bopt_description) StdoutLine: {'line': b'-- Up-to-date symlink: /home/jkw/bopt_ws/install/bopt_description/share/bopt_description/models/aws_robomaker_warehouse_Bucket_01/model.config\n'}
[0.139234] (bopt_description) StdoutLine: {'line': b'-- Up-to-date symlink: /home/jkw/bopt_ws/install/bopt_description/share/bopt_description/models/aws_robomaker_warehouse_Bucket_01/model.sdf\n'}
[0.139261] (bopt_description) StdoutLine: {'line': b'-- Up-to-date symlink: /home/jkw/bopt_ws/install/bopt_description/share/bopt_description/models/aws_robomaker_warehouse_ClutteringA_01/.DS_Store\n'}
[0.139287] (bopt_description) StdoutLine: {'line': b'-- Up-to-date symlink: /home/jkw/bopt_ws/install/bopt_description/share/bopt_description/models/aws_robomaker_warehouse_ClutteringA_01/materials/.DS_Store\n'}
[0.139315] (bopt_description) StdoutLine: {'line': b'-- Up-to-date symlink: /home/jkw/bopt_ws/install/bopt_description/share/bopt_description/models/aws_robomaker_warehouse_ClutteringA_01/materials/textures/.DS_Store\n'}
[0.139343] (bopt_description) StdoutLine: {'line': b'-- Up-to-date symlink: /home/jkw/bopt_ws/install/bopt_description/share/bopt_description/models/aws_robomaker_warehouse_ClutteringA_01/materials/textures/aws_robomaker_warehouse_ClutteringA_01.png\n'}
[0.139372] (bopt_description) StdoutLine: {'line': b'-- Up-to-date symlink: /home/jkw/bopt_ws/install/bopt_description/share/bopt_description/models/aws_robomaker_warehouse_ClutteringA_01/materials/textures/aws_robomaker_warehouse_ClutteringA_02.png\n'}
[0.139399] (bopt_description) StdoutLine: {'line': b'-- Up-to-date symlink: /home/jkw/bopt_ws/install/bopt_description/share/bopt_description/models/aws_robomaker_warehouse_ClutteringA_01/materials/textures/aws_robomaker_warehouse_ClutteringA_03.png\n'}
[0.139426] (bopt_description) StdoutLine: {'line': b'-- Up-to-date symlink: /home/jkw/bopt_ws/install/bopt_description/share/bopt_description/models/aws_robomaker_warehouse_ClutteringA_01/meshes/aws_robomaker_warehouse_ClutteringA_01_collision.DAE\n'}
[0.139452] (bopt_description) StdoutLine: {'line': b'-- Up-to-date symlink: /home/jkw/bopt_ws/install/bopt_description/share/bopt_description/models/aws_robomaker_warehouse_ClutteringA_01/meshes/aws_robomaker_warehouse_ClutteringA_01_visual.DAE\n'}
[0.139479] (bopt_description) StdoutLine: {'line': b'-- Up-to-date symlink: /home/jkw/bopt_ws/install/bopt_description/share/bopt_description/models/aws_robomaker_warehouse_ClutteringA_01/model.config\n'}
[0.139504] (bopt_description) StdoutLine: {'line': b'-- Up-to-date symlink: /home/jkw/bopt_ws/install/bopt_description/share/bopt_description/models/aws_robomaker_warehouse_ClutteringA_01/model.sdf\n'}
[0.139534] (bopt_description) StdoutLine: {'line': b'-- Up-to-date symlink: /home/jkw/bopt_ws/install/bopt_description/share/bopt_description/models/aws_robomaker_warehouse_ClutteringC_01/materials/textures/aws_robomaker_warehouse_ClutteringC_01.png\n'}
[0.139560] (bopt_description) StdoutLine: {'line': b'-- Up-to-date symlink: /home/jkw/bopt_ws/install/bopt_description/share/bopt_description/models/aws_robomaker_warehouse_ClutteringC_01/materials/textures/aws_robomaker_warehouse_ClutteringC_02.png\n'}
[0.139588] (bopt_description) StdoutLine: {'line': b'-- Up-to-date symlink: /home/jkw/bopt_ws/install/bopt_description/share/bopt_description/models/aws_robomaker_warehouse_ClutteringC_01/meshes/aws_robomaker_warehouse_ClutteringC_01_collision.DAE\n'}
[0.139614] (bopt_description) StdoutLine: {'line': b'-- Up-to-date symlink: /home/jkw/bopt_ws/install/bopt_description/share/bopt_description/models/aws_robomaker_warehouse_ClutteringC_01/meshes/aws_robomaker_warehouse_ClutteringC_01_visual.DAE\n'}
[0.139639] (bopt_description) StdoutLine: {'line': b'-- Up-to-date symlink: /home/jkw/bopt_ws/install/bopt_description/share/bopt_description/models/aws_robomaker_warehouse_ClutteringC_01/model.config\n'}
[0.139666] (bopt_description) StdoutLine: {'line': b'-- Up-to-date symlink: /home/jkw/bopt_ws/install/bopt_description/share/bopt_description/models/aws_robomaker_warehouse_ClutteringC_01/model.sdf\n'}
[0.139698] (bopt_description) StdoutLine: {'line': b'-- Up-to-date symlink: /home/jkw/bopt_ws/install/bopt_description/share/bopt_description/models/aws_robomaker_warehouse_ClutteringD_01/materials/textures/aws_robomaker_warehouse_ClutteringD_01.png\n'}
[0.139724] (bopt_description) StdoutLine: {'line': b'-- Up-to-date symlink: /home/jkw/bopt_ws/install/bopt_description/share/bopt_description/models/aws_robomaker_warehouse_ClutteringD_01/materials/textures/aws_robomaker_warehouse_ClutteringD_02.png\n'}
[0.139752] (bopt_description) StdoutLine: {'line': b'-- Up-to-date symlink: /home/jkw/bopt_ws/install/bopt_description/share/bopt_description/models/aws_robomaker_warehouse_ClutteringD_01/meshes/aws_robomaker_warehouse_ClutteringD_01_collision.DAE\n'}
[0.139778] (bopt_description) StdoutLine: {'line': b'-- Up-to-date symlink: /home/jkw/bopt_ws/install/bopt_description/share/bopt_description/models/aws_robomaker_warehouse_ClutteringD_01/meshes/aws_robomaker_warehouse_ClutteringD_01_visual.DAE\n'}
[0.139803] (bopt_description) StdoutLine: {'line': b'-- Up-to-date symlink: /home/jkw/bopt_ws/install/bopt_description/share/bopt_description/models/aws_robomaker_warehouse_ClutteringD_01/model.config\n'}
[0.139829] (bopt_description) StdoutLine: {'line': b'-- Up-to-date symlink: /home/jkw/bopt_ws/install/bopt_description/share/bopt_description/models/aws_robomaker_warehouse_ClutteringD_01/model.sdf\n'}
[0.139856] (bopt_description) StdoutLine: {'line': b'-- Up-to-date symlink: /home/jkw/bopt_ws/install/bopt_description/share/bopt_description/models/aws_robomaker_warehouse_DeskC_01/materials/.DS_Store\n'}
[0.139885] (bopt_description) StdoutLine: {'line': b'-- Up-to-date symlink: /home/jkw/bopt_ws/install/bopt_description/share/bopt_description/models/aws_robomaker_warehouse_DeskC_01/materials/textures/aws_robomaker_warehouse_DeskC_01.png\n'}
[0.139912] (bopt_description) StdoutLine: {'line': b'-- Up-to-date symlink: /home/jkw/bopt_ws/install/bopt_description/share/bopt_description/models/aws_robomaker_warehouse_DeskC_01/materials/textures/aws_robomaker_warehouse_DeskC_02.png\n'}
[0.139940] (bopt_description) StdoutLine: {'line': b'-- Up-to-date symlink: /home/jkw/bopt_ws/install/bopt_description/share/bopt_description/models/aws_robomaker_warehouse_DeskC_01/materials/textures/aws_robomaker_warehouse_DeskC_03.png\n'}
[0.139966] (bopt_description) StdoutLine: {'line': b'-- Up-to-date symlink: /home/jkw/bopt_ws/install/bopt_description/share/bopt_description/models/aws_robomaker_warehouse_DeskC_01/materials/textures/aws_robomaker_warehouse_DeskC_03.psd\n'}
[0.139993] (bopt_description) StdoutLine: {'line': b'-- Up-to-date symlink: /home/jkw/bopt_ws/install/bopt_description/share/bopt_description/models/aws_robomaker_warehouse_DeskC_01/materials/textures/aws_robomaker_warehouse_DeskC_04.png\n'}
[0.140020] (bopt_description) StdoutLine: {'line': b'-- Up-to-date symlink: /home/jkw/bopt_ws/install/bopt_description/share/bopt_description/models/aws_robomaker_warehouse_DeskC_01/meshes/aws_robomaker_warehouse_DeskC_01_collision.DAE\n'}
[0.140048] (bopt_description) StdoutLine: {'line': b'-- Up-to-date symlink: /home/jkw/bopt_ws/install/bopt_description/share/bopt_description/models/aws_robomaker_warehouse_DeskC_01/meshes/aws_robomaker_warehouse_DeskC_01_visual.DAE\n'}
[0.140073] (bopt_description) StdoutLine: {'line': b'-- Up-to-date symlink: /home/jkw/bopt_ws/install/bopt_description/share/bopt_description/models/aws_robomaker_warehouse_DeskC_01/model.config\n'}
[0.140099] (bopt_description) StdoutLine: {'line': b'-- Up-to-date symlink: /home/jkw/bopt_ws/install/bopt_description/share/bopt_description/models/aws_robomaker_warehouse_DeskC_01/model.sdf\n'}
[0.140128] (bopt_description) StdoutLine: {'line': b'-- Up-to-date symlink: /home/jkw/bopt_ws/install/bopt_description/share/bopt_description/models/aws_robomaker_warehouse_GroundB_01/materials/textures/aws_robomaker_warehouse_GroundB_01.png\n'}
[0.140155] (bopt_description) StdoutLine: {'line': b'-- Up-to-date symlink: /home/jkw/bopt_ws/install/bopt_description/share/bopt_description/models/aws_robomaker_warehouse_GroundB_01/materials/textures/aws_robomaker_warehouse_GroundB_02.png\n'}
[0.140184] (bopt_description) StdoutLine: {'line': b'-- Up-to-date symlink: /home/jkw/bopt_ws/install/bopt_description/share/bopt_description/models/aws_robomaker_warehouse_GroundB_01/meshes/aws_robomaker_warehouse_GroundB_01_collision.DAE\n'}
[0.140211] (bopt_description) StdoutLine: {'line': b'-- Up-to-date symlink: /home/jkw/bopt_ws/install/bopt_description/share/bopt_description/models/aws_robomaker_warehouse_GroundB_01/meshes/aws_robomaker_warehouse_GroundB_01_visual.DAE\n'}
[0.140236] (bopt_description) StdoutLine: {'line': b'-- Up-to-date symlink: /home/jkw/bopt_ws/install/bopt_description/share/bopt_description/models/aws_robomaker_warehouse_GroundB_01/model.config\n'}
[0.140262] (bopt_description) StdoutLine: {'line': b'-- Up-to-date symlink: /home/jkw/bopt_ws/install/bopt_description/share/bopt_description/models/aws_robomaker_warehouse_GroundB_01/model.sdf\n'}
[0.140290] (bopt_description) StdoutLine: {'line': b'-- Up-to-date symlink: /home/jkw/bopt_ws/install/bopt_description/share/bopt_description/models/aws_robomaker_warehouse_Lamp_01/materials/textures/aws_robomaker_warehouse_Lamp_01.png\n'}
[0.140317] (bopt_description) StdoutLine: {'line': b'-- Up-to-date symlink: /home/jkw/bopt_ws/install/bopt_description/share/bopt_description/models/aws_robomaker_warehouse_Lamp_01/meshes/aws_robomaker_warehouse_Lamp_01_collision.DAE\n'}
[0.140344] (bopt_description) StdoutLine: {'line': b'-- Up-to-date symlink: /home/jkw/bopt_ws/install/bopt_description/share/bopt_description/models/aws_robomaker_warehouse_Lamp_01/meshes/aws_robomaker_warehouse_Lamp_01_visual.DAE\n'}
[0.140371] (bopt_description) StdoutLine: {'line': b'-- Up-to-date symlink: /home/jkw/bopt_ws/install/bopt_description/share/bopt_description/models/aws_robomaker_warehouse_Lamp_01/model.config\n'}
[0.140397] (bopt_description) StdoutLine: {'line': b'-- Up-to-date symlink: /home/jkw/bopt_ws/install/bopt_description/share/bopt_description/models/aws_robomaker_warehouse_Lamp_01/model.sdf\n'}
[0.140424] (bopt_description) StdoutLine: {'line': b'-- Up-to-date symlink: /home/jkw/bopt_ws/install/bopt_description/share/bopt_description/models/aws_robomaker_warehouse_PalletJackB_01/.DS_Store\n'}
[0.140450] (bopt_description) StdoutLine: {'line': b'-- Up-to-date symlink: /home/jkw/bopt_ws/install/bopt_description/share/bopt_description/models/aws_robomaker_warehouse_PalletJackB_01/materials/.DS_Store\n'}
[0.140479] (bopt_description) StdoutLine: {'line': b'-- Up-to-date symlink: /home/jkw/bopt_ws/install/bopt_description/share/bopt_description/models/aws_robomaker_warehouse_PalletJackB_01/materials/textures/aws_robomaker_warehouse_PalletJackB_01.png\n'}
[0.140507] (bopt_description) StdoutLine: {'line': b'-- Up-to-date symlink: /home/jkw/bopt_ws/install/bopt_description/share/bopt_description/models/aws_robomaker_warehouse_PalletJackB_01/materials/textures/aws_robomaker_warehouse_PalletJackB_02.png\n'}
[0.140535] (bopt_description) StdoutLine: {'line': b'-- Up-to-date symlink: /home/jkw/bopt_ws/install/bopt_description/share/bopt_description/models/aws_robomaker_warehouse_PalletJackB_01/meshes/aws_robomaker_warehouse_PalletJackB_01_collision.DAE\n'}
[0.140561] (bopt_description) StdoutLine: {'line': b'-- Up-to-date symlink: /home/jkw/bopt_ws/install/bopt_description/share/bopt_description/models/aws_robomaker_warehouse_PalletJackB_01/meshes/aws_robomaker_warehouse_PalletJackB_01_visual.DAE\n'}
[0.140587] (bopt_description) StdoutLine: {'line': b'-- Up-to-date symlink: /home/jkw/bopt_ws/install/bopt_description/share/bopt_description/models/aws_robomaker_warehouse_PalletJackB_01/model.config\n'}
[0.140613] (bopt_description) StdoutLine: {'line': b'-- Up-to-date symlink: /home/jkw/bopt_ws/install/bopt_description/share/bopt_description/models/aws_robomaker_warehouse_PalletJackB_01/model.sdf\n'}
[0.140642] (bopt_description) StdoutLine: {'line': b'-- Up-to-date symlink: /home/jkw/bopt_ws/install/bopt_description/share/bopt_description/models/aws_robomaker_warehouse_RoofB_01/materials/textures/aws_robomaker_warehouse_RoofB_01.png\n'}
[0.140670] (bopt_description) StdoutLine: {'line': b'-- Up-to-date symlink: /home/jkw/bopt_ws/install/bopt_description/share/bopt_description/models/aws_robomaker_warehouse_RoofB_01/meshes/aws_robomaker_warehouse_RoofB_01_collision.DAE\n'}
[0.140697] (bopt_description) StdoutLine: {'line': b'-- Up-to-date symlink: /home/jkw/bopt_ws/install/bopt_description/share/bopt_description/models/aws_robomaker_warehouse_RoofB_01/meshes/aws_robomaker_warehouse_RoofB_01_visual.DAE\n'}
[0.140726] (bopt_description) StdoutLine: {'line': b'-- Up-to-date symlink: /home/jkw/bopt_ws/install/bopt_description/share/bopt_description/models/aws_robomaker_warehouse_RoofB_01/model.config\n'}
[0.140750] (bopt_description) StdoutLine: {'line': b'-- Up-to-date symlink: /home/jkw/bopt_ws/install/bopt_description/share/bopt_description/models/aws_robomaker_warehouse_RoofB_01/model.sdf\n'}
[0.140780] (bopt_description) StdoutLine: {'line': b'-- Up-to-date symlink: /home/jkw/bopt_ws/install/bopt_description/share/bopt_description/models/aws_robomaker_warehouse_ShelfD_01/materials/textures/aws_robomaker_warehouse_ShelfD_01.png\n'}
[0.140807] (bopt_description) StdoutLine: {'line': b'-- Up-to-date symlink: /home/jkw/bopt_ws/install/bopt_description/share/bopt_description/models/aws_robomaker_warehouse_ShelfD_01/materials/textures/aws_robomaker_warehouse_ShelfD_02.png\n'}
[0.140834] (bopt_description) StdoutLine: {'line': b'-- Up-to-date symlink: /home/jkw/bopt_ws/install/bopt_description/share/bopt_description/models/aws_robomaker_warehouse_ShelfD_01/materials/textures/aws_robomaker_warehouse_ShelfD_03.png\n'}
[0.140861] (bopt_description) StdoutLine: {'line': b'-- Up-to-date symlink: /home/jkw/bopt_ws/install/bopt_description/share/bopt_description/models/aws_robomaker_warehouse_ShelfD_01/materials/textures/aws_robomaker_warehouse_ShelfD_04.png\n'}
[0.140888] (bopt_description) StdoutLine: {'line': b'-- Up-to-date symlink: /home/jkw/bopt_ws/install/bopt_description/share/bopt_description/models/aws_robomaker_warehouse_ShelfD_01/meshes/aws_robomaker_warehouse_ShelfD_01_collision.DAE\n'}
[0.140915] (bopt_description) StdoutLine: {'line': b'-- Up-to-date symlink: /home/jkw/bopt_ws/install/bopt_description/share/bopt_description/models/aws_robomaker_warehouse_ShelfD_01/meshes/aws_robomaker_warehouse_ShelfD_01_visual.DAE\n'}
[0.140942] (bopt_description) StdoutLine: {'line': b'-- Up-to-date symlink: /home/jkw/bopt_ws/install/bopt_description/share/bopt_description/models/aws_robomaker_warehouse_ShelfD_01/model.config\n'}
[0.140967] (bopt_description) StdoutLine: {'line': b'-- Up-to-date symlink: /home/jkw/bopt_ws/install/bopt_description/share/bopt_description/models/aws_robomaker_warehouse_ShelfD_01/model.sdf\n'}
[0.140993] (bopt_description) StdoutLine: {'line': b'-- Up-to-date symlink: /home/jkw/bopt_ws/install/bopt_description/share/bopt_description/models/aws_robomaker_warehouse_ShelfE_01/.DS_Store\n'}
[0.141020] (bopt_description) StdoutLine: {'line': b'-- Up-to-date symlink: /home/jkw/bopt_ws/install/bopt_description/share/bopt_description/models/aws_robomaker_warehouse_ShelfE_01/materials/.DS_Store\n'}
[0.141048] (bopt_description) StdoutLine: {'line': b'-- Up-to-date symlink: /home/jkw/bopt_ws/install/bopt_description/share/bopt_description/models/aws_robomaker_warehouse_ShelfE_01/materials/textures/aws_robomaker_warehouse_ShelfE_01.png\n'}
[0.141075] (bopt_description) StdoutLine: {'line': b'-- Up-to-date symlink: /home/jkw/bopt_ws/install/bopt_description/share/bopt_description/models/aws_robomaker_warehouse_ShelfE_01/materials/textures/aws_robomaker_warehouse_ShelfE_02.png\n'}
[0.141103] (bopt_description) StdoutLine: {'line': b'-- Up-to-date symlink: /home/jkw/bopt_ws/install/bopt_description/share/bopt_description/models/aws_robomaker_warehouse_ShelfE_01/materials/textures/aws_robomaker_warehouse_ShelfE_03.png\n'}
[0.141129] (bopt_description) StdoutLine: {'line': b'-- Up-to-date symlink: /home/jkw/bopt_ws/install/bopt_description/share/bopt_description/models/aws_robomaker_warehouse_ShelfE_01/materials/textures/aws_robomaker_warehouse_ShelfE_04.png\n'}
[0.141156] (bopt_description) StdoutLine: {'line': b'-- Up-to-date symlink: /home/jkw/bopt_ws/install/bopt_description/share/bopt_description/models/aws_robomaker_warehouse_ShelfE_01/meshes/aws_robomaker_warehouse_ShelfE_01_collision.DAE\n'}
[0.141183] (bopt_description) StdoutLine: {'line': b'-- Up-to-date symlink: /home/jkw/bopt_ws/install/bopt_description/share/bopt_description/models/aws_robomaker_warehouse_ShelfE_01/meshes/aws_robomaker_warehouse_ShelfE_01_visual.DAE\n'}
[0.141209] (bopt_description) StdoutLine: {'line': b'-- Up-to-date symlink: /home/jkw/bopt_ws/install/bopt_description/share/bopt_description/models/aws_robomaker_warehouse_ShelfE_01/model.config\n'}
[0.141235] (bopt_description) StdoutLine: {'line': b'-- Up-to-date symlink: /home/jkw/bopt_ws/install/bopt_description/share/bopt_description/models/aws_robomaker_warehouse_ShelfE_01/model.sdf\n'}
[0.141262] (bopt_description) StdoutLine: {'line': b'-- Up-to-date symlink: /home/jkw/bopt_ws/install/bopt_description/share/bopt_description/models/aws_robomaker_warehouse_ShelfF_01/materials/textures/aws_robomaker_warehouse_ShelfF_01.png\n'}
[0.141290] (bopt_description) StdoutLine: {'line': b'-- Up-to-date symlink: /home/jkw/bopt_ws/install/bopt_description/share/bopt_description/models/aws_robomaker_warehouse_ShelfF_01/materials/textures/aws_robomaker_warehouse_ShelfF_02.png\n'}
[0.141317] (bopt_description) StdoutLine: {'line': b'-- Up-to-date symlink: /home/jkw/bopt_ws/install/bopt_description/share/bopt_description/models/aws_robomaker_warehouse_ShelfF_01/materials/textures/aws_robomaker_warehouse_ShelfF_03.png\n'}
[0.141344] (bopt_description) StdoutLine: {'line': b'-- Up-to-date symlink: /home/jkw/bopt_ws/install/bopt_description/share/bopt_description/models/aws_robomaker_warehouse_ShelfF_01/meshes/aws_robomaker_warehouse_ShelfF_01_collision.DAE\n'}
[0.141371] (bopt_description) StdoutLine: {'line': b'-- Up-to-date symlink: /home/jkw/bopt_ws/install/bopt_description/share/bopt_description/models/aws_robomaker_warehouse_ShelfF_01/meshes/aws_robomaker_warehouse_ShelfF_01_visual.DAE\n'}
[0.141396] (bopt_description) StdoutLine: {'line': b'-- Up-to-date symlink: /home/jkw/bopt_ws/install/bopt_description/share/bopt_description/models/aws_robomaker_warehouse_ShelfF_01/model.config\n'}
[0.141421] (bopt_description) StdoutLine: {'line': b'-- Up-to-date symlink: /home/jkw/bopt_ws/install/bopt_description/share/bopt_description/models/aws_robomaker_warehouse_ShelfF_01/model.sdf\n'}
[0.141451] (bopt_description) StdoutLine: {'line': b'-- Up-to-date symlink: /home/jkw/bopt_ws/install/bopt_description/share/bopt_description/models/aws_robomaker_warehouse_TrashCanC_01/materials/textures/aws_robomaker_warehouse_TrashCanC_01.png\n'}
[0.141478] (bopt_description) StdoutLine: {'line': b'-- Up-to-date symlink: /home/jkw/bopt_ws/install/bopt_description/share/bopt_description/models/aws_robomaker_warehouse_TrashCanC_01/meshes/aws_robomaker_warehouse_TrashCanC_01_collision.DAE\n'}
[0.141503] (bopt_description) StdoutLine: {'line': b'-- Up-to-date symlink: /home/jkw/bopt_ws/install/bopt_description/share/bopt_description/models/aws_robomaker_warehouse_TrashCanC_01/meshes/aws_robomaker_warehouse_TrashCanC_01_visual.DAE\n'}
[0.141530] (bopt_description) StdoutLine: {'line': b'-- Up-to-date symlink: /home/jkw/bopt_ws/install/bopt_description/share/bopt_description/models/aws_robomaker_warehouse_TrashCanC_01/model.config\n'}
[0.141555] (bopt_description) StdoutLine: {'line': b'-- Up-to-date symlink: /home/jkw/bopt_ws/install/bopt_description/share/bopt_description/models/aws_robomaker_warehouse_TrashCanC_01/model.sdf\n'}
[0.141582] (bopt_description) StdoutLine: {'line': b'-- Up-to-date symlink: /home/jkw/bopt_ws/install/bopt_description/share/bopt_description/models/aws_robomaker_warehouse_WallB_01/materials/textures/aws_robomaker_warehouse_WallB_01.png\n'}
[0.141609] (bopt_description) StdoutLine: {'line': b'-- Up-to-date symlink: /home/jkw/bopt_ws/install/bopt_description/share/bopt_description/models/aws_robomaker_warehouse_WallB_01/meshes/aws_robomaker_warehouse_WallB_01_collision.DAE\n'}
[0.141636] (bopt_description) StdoutLine: {'line': b'-- Up-to-date symlink: /home/jkw/bopt_ws/install/bopt_description/share/bopt_description/models/aws_robomaker_warehouse_WallB_01/meshes/aws_robomaker_warehouse_WallB_01_visual.DAE\n'}
[0.141662] (bopt_description) StdoutLine: {'line': b'-- Up-to-date symlink: /home/jkw/bopt_ws/install/bopt_description/share/bopt_description/models/aws_robomaker_warehouse_WallB_01/model.config\n'}
[0.141688] (bopt_description) StdoutLine: {'line': b'-- Up-to-date symlink: /home/jkw/bopt_ws/install/bopt_description/share/bopt_description/models/aws_robomaker_warehouse_WallB_01/model.sdf\n'}
[0.141717] (bopt_description) StdoutLine: {'line': b'-- Up-to-date symlink: /home/jkw/bopt_ws/install/bopt_description/share/bopt_description/models/heightmap/.model.sdf.swp\n'}
[0.141743] (bopt_description) StdoutLine: {'line': b'-- Up-to-date symlink: /home/jkw/bopt_ws/install/bopt_description/share/bopt_description/models/heightmap/MSEL_ign.png\n'}
[0.141772] (bopt_description) StdoutLine: {'line': b'-- Up-to-date symlink: /home/jkw/bopt_ws/install/bopt_description/share/bopt_description/models/heightmap/materials/textures/MSEL - WORLD.dae\n'}
[0.141800] (bopt_description) StdoutLine: {'line': b'-- Up-to-date symlink: /home/jkw/bopt_ws/install/bopt_description/share/bopt_description/models/heightmap/materials/textures/MSEL-e.png\n'}
[0.141827] (bopt_description) StdoutLine: {'line': b'-- Up-to-date symlink: /home/jkw/bopt_ws/install/bopt_description/share/bopt_description/models/heightmap/materials/textures/MSEL-e1.png\n'}
[0.141853] (bopt_description) StdoutLine: {'line': b'-- Up-to-date symlink: /home/jkw/bopt_ws/install/bopt_description/share/bopt_description/models/heightmap/materials/textures/MSEL-e2.png\n'}
[0.141880] (bopt_description) StdoutLine: {'line': b'-- Up-to-date symlink: /home/jkw/bopt_ws/install/bopt_description/share/bopt_description/models/heightmap/materials/textures/MSEL-e3.png\n'}
[0.141907] (bopt_description) StdoutLine: {'line': b'-- Up-to-date symlink: /home/jkw/bopt_ws/install/bopt_description/share/bopt_description/models/heightmap/materials/textures/MSEL-e4.png\n'}
[0.141934] (bopt_description) StdoutLine: {'line': b'-- Up-to-date symlink: /home/jkw/bopt_ws/install/bopt_description/share/bopt_description/models/heightmap/materials/textures/MSEL.png\n'}
[0.141963] (bopt_description) StdoutLine: {'line': b'-- Up-to-date symlink: /home/jkw/bopt_ws/install/bopt_description/share/bopt_description/models/heightmap/materials/textures/MSEL_World_01.png\n'}
[0.141990] (bopt_description) StdoutLine: {'line': b'-- Up-to-date symlink: /home/jkw/bopt_ws/install/bopt_description/share/bopt_description/models/heightmap/materials/textures/MSEL_color.jpg\n'}
[0.142016] (bopt_description) StdoutLine: {'line': b'-- Up-to-date symlink: /home/jkw/bopt_ws/install/bopt_description/share/bopt_description/models/heightmap/materials/textures/MSEL_gz.png\n'}
[0.142043] (bopt_description) StdoutLine: {'line': b'-- Up-to-date symlink: /home/jkw/bopt_ws/install/bopt_description/share/bopt_description/models/heightmap/materials/textures/MSEL_ign.png\n'}
[0.142070] (bopt_description) StdoutLine: {'line': b'-- Up-to-date symlink: /home/jkw/bopt_ws/install/bopt_description/share/bopt_description/models/heightmap/materials/textures/MSEL_ign_fixed.png\n'}
[0.142097] (bopt_description) StdoutLine: {'line': b'-- Up-to-date symlink: /home/jkw/bopt_ws/install/bopt_description/share/bopt_description/models/heightmap/materials/textures/MSEL_world.dae\n'}
[0.142126] (bopt_description) StdoutLine: {'line': b'-- Up-to-date symlink: /home/jkw/bopt_ws/install/bopt_description/share/bopt_description/models/heightmap/materials/textures/back_01.jpg\n'}
[0.142153] (bopt_description) StdoutLine: {'line': b'-- Up-to-date symlink: /home/jkw/bopt_ws/install/bopt_description/share/bopt_description/models/heightmap/materials/textures/empty.dae\n'}
[0.142180] (bopt_description) StdoutLine: {'line': b'-- Up-to-date symlink: /home/jkw/bopt_ws/install/bopt_description/share/bopt_description/models/heightmap/materials/textures/heightmap.png\n'}
[0.142206] (bopt_description) StdoutLine: {'line': b'-- Up-to-date symlink: /home/jkw/bopt_ws/install/bopt_description/share/bopt_description/models/heightmap/materials/textures/workshop_speed.bak.png\n'}
[0.142233] (bopt_description) StdoutLine: {'line': b'-- Up-to-date symlink: /home/jkw/bopt_ws/install/bopt_description/share/bopt_description/models/heightmap/materials/textures/workshop_speed.png\n'}
[0.142259] (bopt_description) StdoutLine: {'line': b'-- Up-to-date symlink: /home/jkw/bopt_ws/install/bopt_description/share/bopt_description/models/heightmap/model-1_2.sdf\n'}
[0.142285] (bopt_description) StdoutLine: {'line': b'-- Up-to-date symlink: /home/jkw/bopt_ws/install/bopt_description/share/bopt_description/models/heightmap/model-1_3.sdf\n'}
[0.142309] (bopt_description) StdoutLine: {'line': b'-- Up-to-date symlink: /home/jkw/bopt_ws/install/bopt_description/share/bopt_description/models/heightmap/model-1_4.sdf\n'}
[0.142335] (bopt_description) StdoutLine: {'line': b'-- Up-to-date symlink: /home/jkw/bopt_ws/install/bopt_description/share/bopt_description/models/heightmap/model.config\n'}
[0.142359] (bopt_description) StdoutLine: {'line': b'-- Up-to-date symlink: /home/jkw/bopt_ws/install/bopt_description/share/bopt_description/models/heightmap/model.sdf\n'}
[0.142385] (bopt_description) StdoutLine: {'line': b'-- Up-to-date symlink: /home/jkw/bopt_ws/install/bopt_description/share/bopt_description/models/heightmap/model2.sdf\n'}
[0.142410] (bopt_description) StdoutLine: {'line': b'-- Up-to-date symlink: /home/jkw/bopt_ws/install/bopt_description/share/bopt_description/models/safety_box/model.config\n'}
[0.142434] (bopt_description) StdoutLine: {'line': b'-- Up-to-date symlink: /home/jkw/bopt_ws/install/bopt_description/share/bopt_description/models/safety_box/model.sdf\n'}
[0.142459] (bopt_description) StdoutLine: {'line': b'-- Up-to-date symlink: /home/jkw/bopt_ws/install/bopt_description/share/bopt_description/models/testing_ground_amcl.stl\n'}
[0.142553] (bopt_description) StdoutLine: {'line': b'-- Up-to-date symlink: /home/jkw/bopt_ws/install/bopt_description/share/ament_index/resource_index/package_run_dependencies/bopt_description\n'}
[0.142599] (bopt_description) StdoutLine: {'line': b'-- Up-to-date symlink: /home/jkw/bopt_ws/install/bopt_description/share/ament_index/resource_index/parent_prefix_path/bopt_description\n'}
[0.142642] (bopt_description) StdoutLine: {'line': b'-- Up-to-date symlink: /home/jkw/bopt_ws/install/bopt_description/share/bopt_description/environment/ament_prefix_path.sh\n'}
[0.142684] (bopt_description) StdoutLine: {'line': b'-- Up-to-date symlink: /home/jkw/bopt_ws/install/bopt_description/share/bopt_description/environment/ament_prefix_path.dsv\n'}
[0.142730] (bopt_description) StdoutLine: {'line': b'-- Up-to-date symlink: /home/jkw/bopt_ws/install/bopt_description/share/bopt_description/environment/path.sh\n'}
[0.142767] (bopt_description) StdoutLine: {'line': b'-- Up-to-date symlink: /home/jkw/bopt_ws/install/bopt_description/share/bopt_description/environment/path.dsv\n'}
[0.142805] (bopt_description) StdoutLine: {'line': b'-- Up-to-date symlink: /home/jkw/bopt_ws/install/bopt_description/share/bopt_description/local_setup.bash\n'}
[0.142842] (bopt_description) StdoutLine: {'line': b'-- Up-to-date symlink: /home/jkw/bopt_ws/install/bopt_description/share/bopt_description/local_setup.sh\n'}
[0.142878] (bopt_description) StdoutLine: {'line': b'-- Up-to-date symlink: /home/jkw/bopt_ws/install/bopt_description/share/bopt_description/local_setup.zsh\n'}
[0.142913] (bopt_description) StdoutLine: {'line': b'-- Up-to-date symlink: /home/jkw/bopt_ws/install/bopt_description/share/bopt_description/local_setup.dsv\n'}
[0.142940] (bopt_description) StdoutLine: {'line': b'-- Symlinking: /home/jkw/bopt_ws/install/bopt_description/share/bopt_description/package.dsv\n'}
[0.146160] (bopt_description) StdoutLine: {'line': b'-- Up-to-date symlink: /home/jkw/bopt_ws/install/bopt_description/share/ament_index/resource_index/packages/bopt_description\n'}
[0.146202] (bopt_description) StdoutLine: {'line': b'-- Up-to-date symlink: /home/jkw/bopt_ws/install/bopt_description/share/bopt_description/cmake/bopt_descriptionConfig.cmake\n'}
[0.146230] (bopt_description) StdoutLine: {'line': b'-- Up-to-date symlink: /home/jkw/bopt_ws/install/bopt_description/share/bopt_description/cmake/bopt_descriptionConfig-version.cmake\n'}
[0.146268] (bopt_description) StdoutLine: {'line': b'-- Up-to-date symlink: /home/jkw/bopt_ws/install/bopt_description/share/bopt_description/package.xml\n'}
[0.147074] (bopt_description) CommandEnded: {'returncode': 0}
[0.153231] (bopt_description) JobEnded: {'identifier': 'bopt_description', 'rc': 0}
[0.199902] (-) TimerEvent: {}
[0.239150] (bopt_controller) Command: {'cmd': ['/usr/bin/python3', '-W', 'ignore:setup.py install is deprecated', '-W', 'ignore:easy_install command is deprecated', 'setup.py', 'egg_info', '--egg-base', '../../build/bopt_controller', 'build', '--build-base', '/home/jkw/bopt_ws/build/bopt_controller/build', 'install', '--record', '/home/jkw/bopt_ws/build/bopt_controller/install.log', '--install-scripts', '$base/lib/bopt_controller', '--single-version-externally-managed', 'install_data'], 'cwd': '/home/jkw/bopt_ws/src/bopt_controller', 'env': {'PYENV_VIRTUALENV_INIT': '1', 'GJS_DEBUG_TOPICS': 'JS ERROR;JS LOG', 'PYTHON_BASIC_REPL': '1', 'LESSOPEN': '| /usr/bin/lesspipe %s', 'LANGUAGE': 'en_IN:en', 'USER': 'jkw', 'XDG_SESSION_TYPE': 'x11', 'GIT_ASKPASS': '/home/jkw/Downloads/Antigravity IDE/resources/app/extensions/git/dist/askpass.sh', 'SHLVL': '2', 'LD_LIBRARY_PATH': '/usr/lib/x86_64-linux-gnu/gazebo-11/plugins:/opt/ros/humble/opt/rviz_ogre_vendor/lib:/opt/ros/humble/lib/x86_64-linux-gnu:/opt/ros/humble/lib', 'ANTIGRAVITY_CLI_ALIAS': 'agy-ide', 'HOME': '/home/jkw', 'CHROME_DESKTOP': 'antigravity-ide.desktop', 'OLDPWD': '/home/jkw/Downloads', 'TERM_PROGRAM_VERSION': '1.107.0', 'DESKTOP_SESSION': 'ubuntu', 'PYENV_SHELL': 'bash', 'GIO_LAUNCHED_DESKTOP_FILE': '/usr/share/applications/terminator.desktop', 'ROS_PYTHON_VERSION': '3', 'GNOME_SHELL_SESSION_MODE': 'ubuntu', 'GTK_MODULES': 'gail:atk-bridge', 'VSCODE_GIT_ASKPASS_MAIN': '/home/jkw/Downloads/Antigravity IDE/resources/app/extensions/git/dist/askpass-main.js', 'VSCODE_GIT_ASKPASS_NODE': '/home/jkw/Downloads/Antigravity IDE/antigravity-ide', 'MANAGERPID': '2086', 'PYDEVD_DISABLE_FILE_VALIDATION': '1', 'SYSTEMD_EXEC_PID': '2347', 'BUNDLED_DEBUGPY_PATH': '/home/jkw/.antigravity-ide/extensions/ms-python.debugpy-2026.6.0-linux-x64/bundled/libs/debugpy', 'VSCODE_PYTHON_AUTOACTIVATE_GUARD': '1', 'DBUS_SESSION_BUS_ADDRESS': 'unix:path=/run/user/1000/bus', 'COLORTERM': 'truecolor', 'TERMINATOR_DBUS_NAME': 'net.tenshu.Terminator23558193cd9818af7fe4d2c2f5bd9d00f', 'GIO_LAUNCHED_DESKTOP_FILE_PID': '11014', 'COLCON_PREFIX_PATH': '/home/jkw/bopt_ws/install', 'ROS_DISTRO': 'humble', 'GTK_IM_MODULE': 'ibus', 'LOGNAME': 'jkw', 'JOURNAL_STREAM': '8:19756', '_': '/usr/bin/colcon', 'ROS_VERSION': '2', 'XDG_SESSION_CLASS': 'user', 'USERNAME': 'jkw', 'TERM': 'xterm-256color', 'GNOME_DESKTOP_SESSION_ID': 'this-is-deprecated', 'FC_FONTATIONS': '1', 'ROS_LOCALHOST_ONLY': '0', 'WINDOWPATH': '2', 'PATH': '/home/jkw/.local/bin:/home/jkw/.pyenv/plugins/pyenv-virtualenv/shims:/home/jkw/.pyenv/shims:/home/jkw/.pyenv/bin:/home/jkw/.local/kitty.app/bin:/home/jkw/.local/bin:/home/jkw/.local/bin:/home/jkw/.local/bin:/home/jkw/.pyenv/plugins/pyenv-virtualenv/shims:/home/jkw/.pyenv/bin:/home/jkw/.local/kitty.app/bin:/home/jkw/.local/bin:/home/jkw/.pyenv/plugins/pyenv-virtualenv/shims:/home/jkw/.pyenv/bin:/home/jkw/.local/kitty.app/bin:/opt/ros/humble/bin:/home/jkw/.local/bin:/home/jkw/.local/bin:/usr/local/sbin:/usr/local/bin:/usr/sbin:/usr/bin:/sbin:/bin:/usr/games:/usr/local/games:/snap/bin:/snap/bin:/home/jkw/.antigravity-ide/extensions/ms-python.debugpy-2026.6.0-linux-x64/bundled/scripts/noConfigScripts', 'SESSION_MANAGER': 'local/jkw-MS-7E59:@/tmp/.ICE-unix/2328,unix/jkw-MS-7E59:/tmp/.ICE-unix/2328', 'INVOCATION_ID': '0d2690ebc2fe4021a28edc458181117b', 'XDG_MENU_PREFIX': 'gnome-', 'XDG_RUNTIME_DIR': '/run/user/1000', 'GDK_BACKEND': 'x11', 'DISPLAY': ':1', 'VSCODE_DEBUGPY_ADAPTER_ENDPOINTS': '/home/jkw/.antigravity-ide/extensions/ms-python.debugpy-2026.6.0-linux-x64/.noConfigDebugAdapterEndpoints/endpoint-cb60908d1216bfbb.txt', 'TERMINATOR_DBUS_PATH': '/net/tenshu/Terminator2', 'LANG': 'en_US.UTF-8', 'XDG_CURRENT_DESKTOP': 'ubuntu:GNOME', 'PYTHONSTARTUP': '/home/jkw/.config/Antigravity IDE/User/workspaceStorage/41f3336bc77ddcef4ec35eb017ffa178/ms-python.python/pythonrc.py', 'IBUS_DISABLE_SNOOPER': '1', 'XMODIFIERS': '@im=ibus', 'XDG_SESSION_DESKTOP': 'ubuntu', 'XAUTHORITY': '/run/user/1000/gdm/Xauthority', 'LS_COLORS': 'rs=0:di=01;34:ln=01;36:mh=00:pi=40;33:so=01;35:do=01;35:bd=40;33;01:cd=40;33;01:or=40;31;01:mi=00:su=37;41:sg=30;43:ca=30;41:tw=30;42:ow=34;42:st=37;44:ex=01;32:*.tar=01;31:*.tgz=01;31:*.arc=01;31:*.arj=01;31:*.taz=01;31:*.lha=01;31:*.lz4=01;31:*.lzh=01;31:*.lzma=01;31:*.tlz=01;31:*.txz=01;31:*.tzo=01;31:*.t7z=01;31:*.zip=01;31:*.z=01;31:*.dz=01;31:*.gz=01;31:*.lrz=01;31:*.lz=01;31:*.lzo=01;31:*.xz=01;31:*.zst=01;31:*.tzst=01;31:*.bz2=01;31:*.bz=01;31:*.tbz=01;31:*.tbz2=01;31:*.tz=01;31:*.deb=01;31:*.rpm=01;31:*.jar=01;31:*.war=01;31:*.ear=01;31:*.sar=01;31:*.rar=01;31:*.alz=01;31:*.ace=01;31:*.zoo=01;31:*.cpio=01;31:*.7z=01;31:*.rz=01;31:*.cab=01;31:*.wim=01;31:*.swm=01;31:*.dwm=01;31:*.esd=01;31:*.jpg=01;35:*.jpeg=01;35:*.mjpg=01;35:*.mjpeg=01;35:*.gif=01;35:*.bmp=01;35:*.pbm=01;35:*.pgm=01;35:*.ppm=01;35:*.tga=01;35:*.xbm=01;35:*.xpm=01;35:*.tif=01;35:*.tiff=01;35:*.png=01;35:*.svg=01;35:*.svgz=01;35:*.mng=01;35:*.pcx=01;35:*.mov=01;35:*.mpg=01;35:*.mpeg=01;35:*.m2v=01;35:*.mkv=01;35:*.webm=01;35:*.webp=01;35:*.ogm=01;35:*.mp4=01;35:*.m4v=01;35:*.mp4v=01;35:*.vob=01;35:*.qt=01;35:*.nuv=01;35:*.wmv=01;35:*.asf=01;35:*.rm=01;35:*.rmvb=01;35:*.flc=01;35:*.avi=01;35:*.fli=01;35:*.flv=01;35:*.gl=01;35:*.dl=01;35:*.xcf=01;35:*.xwd=01;35:*.yuv=01;35:*.cgm=01;35:*.emf=01;35:*.ogv=01;35:*.ogx=01;35:*.aac=00;36:*.au=00;36:*.flac=00;36:*.m4a=00;36:*.mid=00;36:*.midi=00;36:*.mka=00;36:*.mp3=00;36:*.mpc=00;36:*.ogg=00;36:*.ra=00;36:*.wav=00;36:*.oga=00;36:*.opus=00;36:*.spx=00;36:*.xspf=00;36:', 'VSCODE_GIT_IPC_HANDLE': '/run/user/1000/vscode-git-2b1d280fd0.sock', 'TERM_PROGRAM': 'vscode', 'SSH_AGENT_LAUNCHER': 'gnome-keyring', 'SSH_AUTH_SOCK': '/run/user/1000/keyring/ssh', 'AMENT_PREFIX_PATH': '/home/jkw/bopt_ws/install/bopt_description:/home/jkw/bopt_ws/install/bopt_controller:/opt/ros/humble', 'SHELL': '/bin/bash', 'TERMINATOR_UUID': 'urn:uuid:1a38befa-d785-41b4-8b2b-c56d1ecd8e53', 'QT_ACCESSIBILITY': '1', 'GDMSESSION': 'ubuntu', 'LESSCLOSE': '/usr/bin/lesspipe %s %s', 'GPG_AGENT_INFO': '/run/user/1000/gnupg/S.gpg-agent:0:1', 'GJS_DEBUG_OUTPUT': 'stderr', 'VSCODE_GIT_ASKPASS_EXTRA_ARGS': '', 'QT_IM_MODULE': 'ibus', 'PWD': '/home/jkw/bopt_ws/build/bopt_controller', 'LC_ALL': 'en_US.UTF-8', 'XDG_CONFIG_DIRS': '/etc/xdg/xdg-ubuntu:/etc/xdg', 'PYENV_ROOT': '/home/jkw/.pyenv', 'XDG_DATA_DIRS': '/usr/share/ubuntu:/usr/share/gnome:/usr/local/share/:/usr/share/:/var/lib/snapd/desktop', 'PYTHONPATH': '/home/jkw/bopt_ws/build/bopt_controller/prefix_override:/usr/lib/python3/dist-packages/colcon_core/task/python/colcon_distutils_commands:/home/jkw/bopt_ws/install/bopt_controller/lib/python3.10/site-packages:/home/jkw/bopt_ws/install/bopt_controller/lib/python3.10/site-packages:/opt/ros/humble/lib/python3.10/site-packages:/opt/ros/humble/local/lib/python3.10/dist-packages', 'COLCON': '1', 'VTE_VERSION': '6800', 'CMAKE_PREFIX_PATH': '/home/jkw/bopt_ws/install/bopt_description'}, 'shell': False}
[0.299957] (-) TimerEvent: {}
[0.326514] (bopt_controller) StdoutLine: {'line': b'running egg_info\n'}
[0.326780] (bopt_controller) StdoutLine: {'line': b'writing ../../build/bopt_controller/bopt_controller.egg-info/PKG-INFO\n'}
[0.326879] (bopt_controller) StdoutLine: {'line': b'writing dependency_links to ../../build/bopt_controller/bopt_controller.egg-info/dependency_links.txt\n'}
[0.326941] (bopt_controller) StdoutLine: {'line': b'writing entry points to ../../build/bopt_controller/bopt_controller.egg-info/entry_points.txt\n'}
[0.327001] (bopt_controller) StdoutLine: {'line': b'writing requirements to ../../build/bopt_controller/bopt_controller.egg-info/requires.txt\n'}
[0.327022] (bopt_controller) StdoutLine: {'line': b'writing top-level names to ../../build/bopt_controller/bopt_controller.egg-info/top_level.txt\n'}
[0.327616] (bopt_controller) StdoutLine: {'line': b"reading manifest file '../../build/bopt_controller/bopt_controller.egg-info/SOURCES.txt'\n"}
[0.327967] (bopt_controller) StdoutLine: {'line': b"writing manifest file '../../build/bopt_controller/bopt_controller.egg-info/SOURCES.txt'\n"}
[0.328016] (bopt_controller) StdoutLine: {'line': b'running build\n'}
[0.328037] (bopt_controller) StdoutLine: {'line': b'running build_py\n'}
[0.328127] (bopt_controller) StdoutLine: {'line': b'running install\n'}
[0.328248] (bopt_controller) StdoutLine: {'line': b'running install_lib\n'}
[0.328670] (bopt_controller) StdoutLine: {'line': b'running install_data\n'}
[0.328717] (bopt_controller) StdoutLine: {'line': b'running install_egg_info\n'}
[0.329361] (bopt_controller) StdoutLine: {'line': b"removing '/home/jkw/bopt_ws/install/bopt_controller/lib/python3.10/site-packages/bopt_controller-0.0.0-py3.10.egg-info' (and everything under it)\n"}
[0.329489] (bopt_controller) StdoutLine: {'line': b'Copying ../../build/bopt_controller/bopt_controller.egg-info to /home/jkw/bopt_ws/install/bopt_controller/lib/python3.10/site-packages/bopt_controller-0.0.0-py3.10.egg-info\n'}
[0.329727] (bopt_controller) StdoutLine: {'line': b'running install_scripts\n'}
[0.337581] (bopt_controller) StdoutLine: {'line': b'Installing bopt_controller script to /home/jkw/bopt_ws/install/bopt_controller/lib/bopt_controller\n'}
[0.337676] (bopt_controller) StdoutLine: {'line': b'Installing bopt_keyboard script to /home/jkw/bopt_ws/install/bopt_controller/lib/bopt_controller\n'}
[0.337771] (bopt_controller) StdoutLine: {'line': b"writing list of installed files to '/home/jkw/bopt_ws/build/bopt_controller/install.log'\n"}
[0.347381] (bopt_controller) CommandEnded: {'returncode': 0}
[0.349813] (bopt_controller) JobEnded: {'identifier': 'bopt_controller', 'rc': 0}
[0.350230] (-) EventReactorShutdown: {}
