[0.000000] (-) TimerEvent: {}
[0.000306] (bopt_controller) JobQueued: {'identifier': 'bopt_controller', 'dependencies': OrderedDict()}
[0.000334] (bopt_description) JobQueued: {'identifier': 'bopt_description', 'dependencies': OrderedDict()}
[0.000372] (bopt_controller) JobStarted: {'identifier': 'bopt_controller'}
[0.003213] (bopt_description) JobStarted: {'identifier': 'bopt_description'}
[0.099819] (-) TimerEvent: {}
[0.108099] (bopt_description) JobProgress: {'identifier': 'bopt_description', 'progress': 'cmake'}
[0.108413] (bopt_description) JobProgress: {'identifier': 'bopt_description', 'progress': 'build'}
[0.108906] (bopt_description) Command: {'cmd': ['/usr/bin/cmake', '--build', '/home/jkw/bopt_ws/build/bopt_description', '--', '-j32', '-l32'], 'cwd': '/home/jkw/bopt_ws/build/bopt_description', 'env': OrderedDict([('PYENV_VIRTUALENV_INIT', '1'), ('GJS_DEBUG_TOPICS', 'JS ERROR;JS LOG'), ('PYTHON_BASIC_REPL', '1'), ('LESSOPEN', '| /usr/bin/lesspipe %s'), ('LANGUAGE', 'en_IN:en'), ('USER', 'jkw'), ('XDG_SESSION_TYPE', 'x11'), ('GIT_ASKPASS', '/home/jkw/Downloads/Antigravity IDE/resources/app/extensions/git/dist/askpass.sh'), ('SHLVL', '2'), ('LD_LIBRARY_PATH', '/usr/lib/x86_64-linux-gnu/gazebo-11/plugins:/opt/ros/humble/opt/rviz_ogre_vendor/lib:/opt/ros/humble/lib/x86_64-linux-gnu:/opt/ros/humble/lib'), ('ANTIGRAVITY_CLI_ALIAS', 'agy-ide'), ('HOME', '/home/jkw'), ('CHROME_DESKTOP', 'antigravity-ide.desktop'), ('OLDPWD', '/home/jkw/Downloads'), ('TERM_PROGRAM_VERSION', '1.107.0'), ('DESKTOP_SESSION', 'ubuntu'), ('PYENV_SHELL', 'bash'), ('GIO_LAUNCHED_DESKTOP_FILE', '/usr/share/applications/terminator.desktop'), ('ROS_PYTHON_VERSION', '3'), ('GNOME_SHELL_SESSION_MODE', 'ubuntu'), ('GTK_MODULES', 'gail:atk-bridge'), ('VSCODE_GIT_ASKPASS_MAIN', '/home/jkw/Downloads/Antigravity IDE/resources/app/extensions/git/dist/askpass-main.js'), ('VSCODE_GIT_ASKPASS_NODE', '/home/jkw/Downloads/Antigravity IDE/antigravity-ide'), ('MANAGERPID', '2197'), ('PYDEVD_DISABLE_FILE_VALIDATION', '1'), ('SYSTEMD_EXEC_PID', '2463'), ('BUNDLED_DEBUGPY_PATH', '/home/jkw/.antigravity-ide/extensions/ms-python.debugpy-2026.6.0-linux-x64/bundled/libs/debugpy'), ('VSCODE_PYTHON_AUTOACTIVATE_GUARD', '1'), ('DBUS_SESSION_BUS_ADDRESS', 'unix:path=/run/user/1000/bus'), ('COLORTERM', 'truecolor'), ('TERMINATOR_DBUS_NAME', 'net.tenshu.Terminator23558193cd9818af7fe4d2c2f5bd9d00f'), ('GIO_LAUNCHED_DESKTOP_FILE_PID', '4104'), ('COLCON_PREFIX_PATH', '/home/jkw/bopt_ws/install'), ('ROS_DISTRO', 'humble'), ('GTK_IM_MODULE', 'ibus'), ('LOGNAME', 'jkw'), ('JOURNAL_STREAM', '8:19740'), ('_', '/usr/bin/colcon'), ('ROS_VERSION', '2'), ('XDG_SESSION_CLASS', 'user'), ('USERNAME', 'jkw'), ('TERM', 'xterm-256color'), ('GNOME_DESKTOP_SESSION_ID', 'this-is-deprecated'), ('FC_FONTATIONS', '1'), ('ROS_LOCALHOST_ONLY', '0'), ('WINDOWPATH', '2'), ('PATH', '/home/jkw/.local/bin:/home/jkw/.pyenv/plugins/pyenv-virtualenv/shims:/home/jkw/.pyenv/shims:/home/jkw/.pyenv/bin:/home/jkw/.local/kitty.app/bin:/home/jkw/.local/bin:/home/jkw/.local/bin:/home/jkw/.local/bin:/home/jkw/.pyenv/plugins/pyenv-virtualenv/shims:/home/jkw/.pyenv/bin:/home/jkw/.local/kitty.app/bin:/home/jkw/.local/bin:/home/jkw/.pyenv/plugins/pyenv-virtualenv/shims:/home/jkw/.pyenv/bin:/home/jkw/.local/kitty.app/bin:/opt/ros/humble/bin:/home/jkw/.local/bin:/home/jkw/.local/bin:/usr/local/sbin:/usr/local/bin:/usr/sbin:/usr/bin:/sbin:/bin:/usr/games:/usr/local/games:/snap/bin:/snap/bin:/home/jkw/.antigravity-ide/extensions/ms-python.debugpy-2026.6.0-linux-x64/bundled/scripts/noConfigScripts'), ('SESSION_MANAGER', 'local/jkw-MS-7E59:@/tmp/.ICE-unix/2440,unix/jkw-MS-7E59:/tmp/.ICE-unix/2440'), ('INVOCATION_ID', '8c30bf8d52a146b180b60456610a3415'), ('XDG_MENU_PREFIX', 'gnome-'), ('XDG_RUNTIME_DIR', '/run/user/1000'), ('GDK_BACKEND', 'x11'), ('DISPLAY', ':1'), ('VSCODE_DEBUGPY_ADAPTER_ENDPOINTS', '/home/jkw/.antigravity-ide/extensions/ms-python.debugpy-2026.6.0-linux-x64/.noConfigDebugAdapterEndpoints/endpoint-a434eef8644a7ac9.txt'), ('TERMINATOR_DBUS_PATH', '/net/tenshu/Terminator2'), ('LANG', 'en_US.UTF-8'), ('XDG_CURRENT_DESKTOP', 'ubuntu:GNOME'), ('PYTHONSTARTUP', '/home/jkw/.config/Antigravity IDE/User/workspaceStorage/41f3336bc77ddcef4ec35eb017ffa178/ms-python.python/pythonrc.py'), ('IBUS_DISABLE_SNOOPER', '1'), ('XMODIFIERS', '@im=ibus'), ('XDG_SESSION_DESKTOP', 'ubuntu'), ('XAUTHORITY', '/run/user/1000/gdm/Xauthority'), ('LS_COLORS', 'rs=0:di=01;34:ln=01;36:mh=00:pi=40;33:so=01;35:do=01;35:bd=40;33;01:cd=40;33;01:or=40;31;01:mi=00:su=37;41:sg=30;43:ca=30;41:tw=30;42:ow=34;42:st=37;44:ex=01;32:*.tar=01;31:*.tgz=01;31:*.arc=01;31:*.arj=01;31:*.taz=01;31:*.lha=01;31:*.lz4=01;31:*.lzh=01;31:*.lzma=01;31:*.tlz=01;31:*.txz=01;31:*.tzo=01;31:*.t7z=01;31:*.zip=01;31:*.z=01;31:*.dz=01;31:*.gz=01;31:*.lrz=01;31:*.lz=01;31:*.lzo=01;31:*.xz=01;31:*.zst=01;31:*.tzst=01;31:*.bz2=01;31:*.bz=01;31:*.tbz=01;31:*.tbz2=01;31:*.tz=01;31:*.deb=01;31:*.rpm=01;31:*.jar=01;31:*.war=01;31:*.ear=01;31:*.sar=01;31:*.rar=01;31:*.alz=01;31:*.ace=01;31:*.zoo=01;31:*.cpio=01;31:*.7z=01;31:*.rz=01;31:*.cab=01;31:*.wim=01;31:*.swm=01;31:*.dwm=01;31:*.esd=01;31:*.jpg=01;35:*.jpeg=01;35:*.mjpg=01;35:*.mjpeg=01;35:*.gif=01;35:*.bmp=01;35:*.pbm=01;35:*.pgm=01;35:*.ppm=01;35:*.tga=01;35:*.xbm=01;35:*.xpm=01;35:*.tif=01;35:*.tiff=01;35:*.png=01;35:*.svg=01;35:*.svgz=01;35:*.mng=01;35:*.pcx=01;35:*.mov=01;35:*.mpg=01;35:*.mpeg=01;35:*.m2v=01;35:*.mkv=01;35:*.webm=01;35:*.webp=01;35:*.ogm=01;35:*.mp4=01;35:*.m4v=01;35:*.mp4v=01;35:*.vob=01;35:*.qt=01;35:*.nuv=01;35:*.wmv=01;35:*.asf=01;35:*.rm=01;35:*.rmvb=01;35:*.flc=01;35:*.avi=01;35:*.fli=01;35:*.flv=01;35:*.gl=01;35:*.dl=01;35:*.xcf=01;35:*.xwd=01;35:*.yuv=01;35:*.cgm=01;35:*.emf=01;35:*.ogv=01;35:*.ogx=01;35:*.aac=00;36:*.au=00;36:*.flac=00;36:*.m4a=00;36:*.mid=00;36:*.midi=00;36:*.mka=00;36:*.mp3=00;36:*.mpc=00;36:*.ogg=00;36:*.ra=00;36:*.wav=00;36:*.oga=00;36:*.opus=00;36:*.spx=00;36:*.xspf=00;36:'), ('VSCODE_GIT_IPC_HANDLE', '/run/user/1000/vscode-git-2b1d280fd0.sock'), ('TERM_PROGRAM', 'vscode'), ('SSH_AGENT_LAUNCHER', 'gnome-keyring'), ('SSH_AUTH_SOCK', '/run/user/1000/keyring/ssh'), ('AMENT_PREFIX_PATH', '/home/jkw/bopt_ws/install/bopt_description:/home/jkw/bopt_ws/install/bopt_controller:/opt/ros/humble'), ('SHELL', '/bin/bash'), ('TERMINATOR_UUID', 'urn:uuid:c85302b2-0b68-4259-8c68-1fbd02900cfe'), ('QT_ACCESSIBILITY', '1'), ('GDMSESSION', 'ubuntu'), ('LESSCLOSE', '/usr/bin/lesspipe %s %s'), ('GPG_AGENT_INFO', '/run/user/1000/gnupg/S.gpg-agent:0:1'), ('GJS_DEBUG_OUTPUT', 'stderr'), ('VSCODE_GIT_ASKPASS_EXTRA_ARGS', ''), ('QT_IM_MODULE', 'ibus'), ('PWD', '/home/jkw/bopt_ws/build/bopt_description'), ('LC_ALL', 'en_US.UTF-8'), ('XDG_CONFIG_DIRS', '/etc/xdg/xdg-ubuntu:/etc/xdg'), ('PYENV_ROOT', '/home/jkw/.pyenv'), ('XDG_DATA_DIRS', '/usr/share/ubuntu:/usr/share/gnome:/usr/local/share/:/usr/share/:/var/lib/snapd/desktop'), ('PYTHONPATH', '/home/jkw/bopt_ws/install/bopt_controller/lib/python3.10/site-packages:/opt/ros/humble/lib/python3.10/site-packages:/opt/ros/humble/local/lib/python3.10/dist-packages'), ('COLCON', '1'), ('VTE_VERSION', '6800'), ('CMAKE_PREFIX_PATH', '/home/jkw/bopt_ws/install/bopt_description:/home/jkw/bopt_ws/install/bopt_controller:/opt/ros/humble')]), 'shell': False}
[0.125524] (bopt_description) CommandEnded: {'returncode': 0}
[0.125949] (bopt_description) JobProgress: {'identifier': 'bopt_description', 'progress': 'install'}
[0.129362] (bopt_description) Command: {'cmd': ['/usr/bin/cmake', '--install', '/home/jkw/bopt_ws/build/bopt_description'], 'cwd': '/home/jkw/bopt_ws/build/bopt_description', 'env': OrderedDict([('PYENV_VIRTUALENV_INIT', '1'), ('GJS_DEBUG_TOPICS', 'JS ERROR;JS LOG'), ('PYTHON_BASIC_REPL', '1'), ('LESSOPEN', '| /usr/bin/lesspipe %s'), ('LANGUAGE', 'en_IN:en'), ('USER', 'jkw'), ('XDG_SESSION_TYPE', 'x11'), ('GIT_ASKPASS', '/home/jkw/Downloads/Antigravity IDE/resources/app/extensions/git/dist/askpass.sh'), ('SHLVL', '2'), ('LD_LIBRARY_PATH', '/usr/lib/x86_64-linux-gnu/gazebo-11/plugins:/opt/ros/humble/opt/rviz_ogre_vendor/lib:/opt/ros/humble/lib/x86_64-linux-gnu:/opt/ros/humble/lib'), ('ANTIGRAVITY_CLI_ALIAS', 'agy-ide'), ('HOME', '/home/jkw'), ('CHROME_DESKTOP', 'antigravity-ide.desktop'), ('OLDPWD', '/home/jkw/Downloads'), ('TERM_PROGRAM_VERSION', '1.107.0'), ('DESKTOP_SESSION', 'ubuntu'), ('PYENV_SHELL', 'bash'), ('GIO_LAUNCHED_DESKTOP_FILE', '/usr/share/applications/terminator.desktop'), ('ROS_PYTHON_VERSION', '3'), ('GNOME_SHELL_SESSION_MODE', 'ubuntu'), ('GTK_MODULES', 'gail:atk-bridge'), ('VSCODE_GIT_ASKPASS_MAIN', '/home/jkw/Downloads/Antigravity IDE/resources/app/extensions/git/dist/askpass-main.js'), ('VSCODE_GIT_ASKPASS_NODE', '/home/jkw/Downloads/Antigravity IDE/antigravity-ide'), ('MANAGERPID', '2197'), ('PYDEVD_DISABLE_FILE_VALIDATION', '1'), ('SYSTEMD_EXEC_PID', '2463'), ('BUNDLED_DEBUGPY_PATH', '/home/jkw/.antigravity-ide/extensions/ms-python.debugpy-2026.6.0-linux-x64/bundled/libs/debugpy'), ('VSCODE_PYTHON_AUTOACTIVATE_GUARD', '1'), ('DBUS_SESSION_BUS_ADDRESS', 'unix:path=/run/user/1000/bus'), ('COLORTERM', 'truecolor'), ('TERMINATOR_DBUS_NAME', 'net.tenshu.Terminator23558193cd9818af7fe4d2c2f5bd9d00f'), ('GIO_LAUNCHED_DESKTOP_FILE_PID', '4104'), ('COLCON_PREFIX_PATH', '/home/jkw/bopt_ws/install'), ('ROS_DISTRO', 'humble'), ('GTK_IM_MODULE', 'ibus'), ('LOGNAME', 'jkw'), ('JOURNAL_STREAM', '8:19740'), ('_', '/usr/bin/colcon'), ('ROS_VERSION', '2'), ('XDG_SESSION_CLASS', 'user'), ('USERNAME', 'jkw'), ('TERM', 'xterm-256color'), ('GNOME_DESKTOP_SESSION_ID', 'this-is-deprecated'), ('FC_FONTATIONS', '1'), ('ROS_LOCALHOST_ONLY', '0'), ('WINDOWPATH', '2'), ('PATH', '/home/jkw/.local/bin:/home/jkw/.pyenv/plugins/pyenv-virtualenv/shims:/home/jkw/.pyenv/shims:/home/jkw/.pyenv/bin:/home/jkw/.local/kitty.app/bin:/home/jkw/.local/bin:/home/jkw/.local/bin:/home/jkw/.local/bin:/home/jkw/.pyenv/plugins/pyenv-virtualenv/shims:/home/jkw/.pyenv/bin:/home/jkw/.local/kitty.app/bin:/home/jkw/.local/bin:/home/jkw/.pyenv/plugins/pyenv-virtualenv/shims:/home/jkw/.pyenv/bin:/home/jkw/.local/kitty.app/bin:/opt/ros/humble/bin:/home/jkw/.local/bin:/home/jkw/.local/bin:/usr/local/sbin:/usr/local/bin:/usr/sbin:/usr/bin:/sbin:/bin:/usr/games:/usr/local/games:/snap/bin:/snap/bin:/home/jkw/.antigravity-ide/extensions/ms-python.debugpy-2026.6.0-linux-x64/bundled/scripts/noConfigScripts'), ('SESSION_MANAGER', 'local/jkw-MS-7E59:@/tmp/.ICE-unix/2440,unix/jkw-MS-7E59:/tmp/.ICE-unix/2440'), ('INVOCATION_ID', '8c30bf8d52a146b180b60456610a3415'), ('XDG_MENU_PREFIX', 'gnome-'), ('XDG_RUNTIME_DIR', '/run/user/1000'), ('GDK_BACKEND', 'x11'), ('DISPLAY', ':1'), ('VSCODE_DEBUGPY_ADAPTER_ENDPOINTS', '/home/jkw/.antigravity-ide/extensions/ms-python.debugpy-2026.6.0-linux-x64/.noConfigDebugAdapterEndpoints/endpoint-a434eef8644a7ac9.txt'), ('TERMINATOR_DBUS_PATH', '/net/tenshu/Terminator2'), ('LANG', 'en_US.UTF-8'), ('XDG_CURRENT_DESKTOP', 'ubuntu:GNOME'), ('PYTHONSTARTUP', '/home/jkw/.config/Antigravity IDE/User/workspaceStorage/41f3336bc77ddcef4ec35eb017ffa178/ms-python.python/pythonrc.py'), ('IBUS_DISABLE_SNOOPER', '1'), ('XMODIFIERS', '@im=ibus'), ('XDG_SESSION_DESKTOP', 'ubuntu'), ('XAUTHORITY', '/run/user/1000/gdm/Xauthority'), ('LS_COLORS', 'rs=0:di=01;34:ln=01;36:mh=00:pi=40;33:so=01;35:do=01;35:bd=40;33;01:cd=40;33;01:or=40;31;01:mi=00:su=37;41:sg=30;43:ca=30;41:tw=30;42:ow=34;42:st=37;44:ex=01;32:*.tar=01;31:*.tgz=01;31:*.arc=01;31:*.arj=01;31:*.taz=01;31:*.lha=01;31:*.lz4=01;31:*.lzh=01;31:*.lzma=01;31:*.tlz=01;31:*.txz=01;31:*.tzo=01;31:*.t7z=01;31:*.zip=01;31:*.z=01;31:*.dz=01;31:*.gz=01;31:*.lrz=01;31:*.lz=01;31:*.lzo=01;31:*.xz=01;31:*.zst=01;31:*.tzst=01;31:*.bz2=01;31:*.bz=01;31:*.tbz=01;31:*.tbz2=01;31:*.tz=01;31:*.deb=01;31:*.rpm=01;31:*.jar=01;31:*.war=01;31:*.ear=01;31:*.sar=01;31:*.rar=01;31:*.alz=01;31:*.ace=01;31:*.zoo=01;31:*.cpio=01;31:*.7z=01;31:*.rz=01;31:*.cab=01;31:*.wim=01;31:*.swm=01;31:*.dwm=01;31:*.esd=01;31:*.jpg=01;35:*.jpeg=01;35:*.mjpg=01;35:*.mjpeg=01;35:*.gif=01;35:*.bmp=01;35:*.pbm=01;35:*.pgm=01;35:*.ppm=01;35:*.tga=01;35:*.xbm=01;35:*.xpm=01;35:*.tif=01;35:*.tiff=01;35:*.png=01;35:*.svg=01;35:*.svgz=01;35:*.mng=01;35:*.pcx=01;35:*.mov=01;35:*.mpg=01;35:*.mpeg=01;35:*.m2v=01;35:*.mkv=01;35:*.webm=01;35:*.webp=01;35:*.ogm=01;35:*.mp4=01;35:*.m4v=01;35:*.mp4v=01;35:*.vob=01;35:*.qt=01;35:*.nuv=01;35:*.wmv=01;35:*.asf=01;35:*.rm=01;35:*.rmvb=01;35:*.flc=01;35:*.avi=01;35:*.fli=01;35:*.flv=01;35:*.gl=01;35:*.dl=01;35:*.xcf=01;35:*.xwd=01;35:*.yuv=01;35:*.cgm=01;35:*.emf=01;35:*.ogv=01;35:*.ogx=01;35:*.aac=00;36:*.au=00;36:*.flac=00;36:*.m4a=00;36:*.mid=00;36:*.midi=00;36:*.mka=00;36:*.mp3=00;36:*.mpc=00;36:*.ogg=00;36:*.ra=00;36:*.wav=00;36:*.oga=00;36:*.opus=00;36:*.spx=00;36:*.xspf=00;36:'), ('VSCODE_GIT_IPC_HANDLE', '/run/user/1000/vscode-git-2b1d280fd0.sock'), ('TERM_PROGRAM', 'vscode'), ('SSH_AGENT_LAUNCHER', 'gnome-keyring'), ('SSH_AUTH_SOCK', '/run/user/1000/keyring/ssh'), ('AMENT_PREFIX_PATH', '/home/jkw/bopt_ws/install/bopt_description:/home/jkw/bopt_ws/install/bopt_controller:/opt/ros/humble'), ('SHELL', '/bin/bash'), ('TERMINATOR_UUID', 'urn:uuid:c85302b2-0b68-4259-8c68-1fbd02900cfe'), ('QT_ACCESSIBILITY', '1'), ('GDMSESSION', 'ubuntu'), ('LESSCLOSE', '/usr/bin/lesspipe %s %s'), ('GPG_AGENT_INFO', '/run/user/1000/gnupg/S.gpg-agent:0:1'), ('GJS_DEBUG_OUTPUT', 'stderr'), ('VSCODE_GIT_ASKPASS_EXTRA_ARGS', ''), ('QT_IM_MODULE', 'ibus'), ('PWD', '/home/jkw/bopt_ws/build/bopt_description'), ('LC_ALL', 'en_US.UTF-8'), ('XDG_CONFIG_DIRS', '/etc/xdg/xdg-ubuntu:/etc/xdg'), ('PYENV_ROOT', '/home/jkw/.pyenv'), ('XDG_DATA_DIRS', '/usr/share/ubuntu:/usr/share/gnome:/usr/local/share/:/usr/share/:/var/lib/snapd/desktop'), ('PYTHONPATH', '/home/jkw/bopt_ws/install/bopt_controller/lib/python3.10/site-packages:/opt/ros/humble/lib/python3.10/site-packages:/opt/ros/humble/local/lib/python3.10/dist-packages'), ('COLCON', '1'), ('VTE_VERSION', '6800'), ('CMAKE_PREFIX_PATH', '/home/jkw/bopt_ws/install/bopt_description:/home/jkw/bopt_ws/install/bopt_controller:/opt/ros/humble')]), 'shell': False}
[0.132073] (bopt_description) StdoutLine: {'line': b'-- Install configuration: ""\n'}
[0.132346] (bopt_description) StdoutLine: {'line': b'-- Execute custom install script\n'}
[0.132547] (bopt_description) StdoutLine: {'line': b'-- Up-to-date symlink: /home/jkw/bopt_ws/install/bopt_description/share/bopt_description/launch/display.launch.py\n'}
[0.132587] (bopt_description) StdoutLine: {'line': b'-- Up-to-date symlink: /home/jkw/bopt_ws/install/bopt_description/share/bopt_description/launch/gazebo.launch copy.py\n'}
[0.132720] (bopt_description) StdoutLine: {'line': b'-- Up-to-date symlink: /home/jkw/bopt_ws/install/bopt_description/share/bopt_description/launch/gazebo.launch.py\n'}
[0.132762] (bopt_description) StdoutLine: {'line': b'-- Up-to-date symlink: /home/jkw/bopt_ws/install/bopt_description/share/bopt_description/launch/simulation.launch.py\n'}
[0.132873] (bopt_description) StdoutLine: {'line': b'-- Up-to-date symlink: /home/jkw/bopt_ws/install/bopt_description/share/bopt_description/urdf/materials.xacro\n'}
[0.132913] (bopt_description) StdoutLine: {'line': b'-- Up-to-date symlink: /home/jkw/bopt_ws/install/bopt_description/share/bopt_description/urdf/robot.urdf.xacro\n'}
[0.132953] (bopt_description) StdoutLine: {'line': b'-- Up-to-date symlink: /home/jkw/bopt_ws/install/bopt_description/share/bopt_description/urdf/ros2_control.xacro\n'}
[0.133096] (bopt_description) StdoutLine: {'line': b'-- Up-to-date symlink: /home/jkw/bopt_ws/install/bopt_description/share/bopt_description/meshes/visual/3Dlidar.stl\n'}
[0.133138] (bopt_description) StdoutLine: {'line': b'-- Up-to-date symlink: /home/jkw/bopt_ws/install/bopt_description/share/bopt_description/meshes/visual/Base.stl\n'}
[0.133180] (bopt_description) StdoutLine: {'line': b'-- Up-to-date symlink: /home/jkw/bopt_ws/install/bopt_description/share/bopt_description/meshes/visual/Fork_with_base.STL\n'}
[0.133221] (bopt_description) StdoutLine: {'line': b'-- Up-to-date symlink: /home/jkw/bopt_ws/install/bopt_description/share/bopt_description/meshes/visual/casster_wheel.stl\n'}
[0.133262] (bopt_description) StdoutLine: {'line': b'-- Up-to-date symlink: /home/jkw/bopt_ws/install/bopt_description/share/bopt_description/meshes/visual/caster_wheel_ass.stl\n'}
[0.133304] (bopt_description) StdoutLine: {'line': b'-- Up-to-date symlink: /home/jkw/bopt_ws/install/bopt_description/share/bopt_description/meshes/visual/drive_wheel.stl\n'}
[0.133344] (bopt_description) StdoutLine: {'line': b'-- Up-to-date symlink: /home/jkw/bopt_ws/install/bopt_description/share/bopt_description/meshes/visual/drive_wheel_ass.stl\n'}
[0.133383] (bopt_description) StdoutLine: {'line': b'-- Up-to-date symlink: /home/jkw/bopt_ws/install/bopt_description/share/bopt_description/meshes/visual/front.stl\n'}
[0.133427] (bopt_description) StdoutLine: {'line': b'-- Up-to-date symlink: /home/jkw/bopt_ws/install/bopt_description/share/bopt_description/meshes/visual/front_socket.stl\n'}
[0.133464] (bopt_description) StdoutLine: {'line': b'-- Up-to-date symlink: /home/jkw/bopt_ws/install/bopt_description/share/bopt_description/meshes/visual/front_wheel.stl\n'}
[0.133505] (bopt_description) StdoutLine: {'line': b'-- Up-to-date symlink: /home/jkw/bopt_ws/install/bopt_description/share/bopt_description/meshes/visual/front_wheel_shaft.stl\n'}
[0.133547] (bopt_description) StdoutLine: {'line': b'-- Up-to-date symlink: /home/jkw/bopt_ws/install/bopt_description/share/bopt_description/meshes/visual/lidar19.stl\n'}
[0.133636] (bopt_description) StdoutLine: {'line': b'-- Up-to-date symlink: /home/jkw/bopt_ws/install/bopt_description/share/bopt_description/rviz/display.rviz\n'}
[0.133722] (bopt_description) StdoutLine: {'line': b'-- Up-to-date symlink: /home/jkw/bopt_ws/install/bopt_description/share/bopt_description/config/controller.yaml\n'}
[0.133804] (bopt_description) StdoutLine: {'line': b'-- Up-to-date symlink: /home/jkw/bopt_ws/install/bopt_description/share/bopt_description/worlds/empty.world\n'}
[0.137026] (bopt_description) StdoutLine: {'line': b'-- Up-to-date symlink: /home/jkw/bopt_ws/install/bopt_description/share/bopt_description/models/aws_robomaker_residential_AirconditionerA_01/materials/textures/aws_AirconditionerA_01.png\n'}
[0.137073] (bopt_description) StdoutLine: {'line': b'-- Up-to-date symlink: /home/jkw/bopt_ws/install/bopt_description/share/bopt_description/models/aws_robomaker_residential_AirconditionerA_01/meshes/aws_AirconditionerA_01_collision.DAE\n'}
[0.137117] (bopt_description) StdoutLine: {'line': b'-- Up-to-date symlink: /home/jkw/bopt_ws/install/bopt_description/share/bopt_description/models/aws_robomaker_residential_AirconditionerA_01/meshes/aws_AirconditionerA_01_visual.DAE\n'}
[0.137161] (bopt_description) StdoutLine: {'line': b'-- Up-to-date symlink: /home/jkw/bopt_ws/install/bopt_description/share/bopt_description/models/aws_robomaker_residential_AirconditionerA_01/meshes/aws__Air conditioner_01.DAE\n'}
[0.137204] (bopt_description) StdoutLine: {'line': b'-- Up-to-date symlink: /home/jkw/bopt_ws/install/bopt_description/share/bopt_description/models/aws_robomaker_residential_AirconditionerA_01/model.config\n'}
[0.137246] (bopt_description) StdoutLine: {'line': b'-- Up-to-date symlink: /home/jkw/bopt_ws/install/bopt_description/share/bopt_description/models/aws_robomaker_residential_AirconditionerA_01/model.sdf\n'}
[0.137293] (bopt_description) StdoutLine: {'line': b'-- Up-to-date symlink: /home/jkw/bopt_ws/install/bopt_description/share/bopt_description/models/aws_robomaker_residential_AirconditionerB_01/materials/textures/aws_AirconditionerB_01.png\n'}
[0.137337] (bopt_description) StdoutLine: {'line': b'-- Up-to-date symlink: /home/jkw/bopt_ws/install/bopt_description/share/bopt_description/models/aws_robomaker_residential_AirconditionerB_01/meshes/aws_AirconditionerB_01_collision.DAE\n'}
[0.137380] (bopt_description) StdoutLine: {'line': b'-- Up-to-date symlink: /home/jkw/bopt_ws/install/bopt_description/share/bopt_description/models/aws_robomaker_residential_AirconditionerB_01/meshes/aws_AirconditionerB_01_visual.DAE\n'}
[0.137421] (bopt_description) StdoutLine: {'line': b'-- Up-to-date symlink: /home/jkw/bopt_ws/install/bopt_description/share/bopt_description/models/aws_robomaker_residential_AirconditionerB_01/model.config\n'}
[0.137465] (bopt_description) StdoutLine: {'line': b'-- Up-to-date symlink: /home/jkw/bopt_ws/install/bopt_description/share/bopt_description/models/aws_robomaker_residential_AirconditionerB_01/model.sdf\n'}
[0.137509] (bopt_description) StdoutLine: {'line': b'-- Up-to-date symlink: /home/jkw/bopt_ws/install/bopt_description/share/bopt_description/models/aws_robomaker_residential_BalconyTable_01/materials/textures/aws_BalconyTable_01.png\n'}
[0.137552] (bopt_description) StdoutLine: {'line': b'-- Up-to-date symlink: /home/jkw/bopt_ws/install/bopt_description/share/bopt_description/models/aws_robomaker_residential_BalconyTable_01/meshes/aws_BalconyTable_01_collision.DAE\n'}
[0.137602] (bopt_description) StdoutLine: {'line': b'-- Up-to-date symlink: /home/jkw/bopt_ws/install/bopt_description/share/bopt_description/models/aws_robomaker_residential_BalconyTable_01/meshes/aws_BalconyTable_01_visual.DAE\n'}
[0.137642] (bopt_description) StdoutLine: {'line': b'-- Up-to-date symlink: /home/jkw/bopt_ws/install/bopt_description/share/bopt_description/models/aws_robomaker_residential_BalconyTable_01/model.config\n'}
[0.137670] (bopt_description) StdoutLine: {'line': b'-- Up-to-date symlink: /home/jkw/bopt_ws/install/bopt_description/share/bopt_description/models/aws_robomaker_residential_BalconyTable_01/model.sdf\n'}
[0.137702] (bopt_description) StdoutLine: {'line': b'-- Up-to-date symlink: /home/jkw/bopt_ws/install/bopt_description/share/bopt_description/models/aws_robomaker_residential_Ball_01/materials/textures/aws_Ball_01.png\n'}
[0.137730] (bopt_description) StdoutLine: {'line': b'-- Up-to-date symlink: /home/jkw/bopt_ws/install/bopt_description/share/bopt_description/models/aws_robomaker_residential_Ball_01/meshes/aws_Ball_01_collision.DAE\n'}
[0.137758] (bopt_description) StdoutLine: {'line': b'-- Up-to-date symlink: /home/jkw/bopt_ws/install/bopt_description/share/bopt_description/models/aws_robomaker_residential_Ball_01/meshes/aws_Ball_01_visual.DAE\n'}
[0.137784] (bopt_description) StdoutLine: {'line': b'-- Up-to-date symlink: /home/jkw/bopt_ws/install/bopt_description/share/bopt_description/models/aws_robomaker_residential_Ball_01/model.config\n'}
[0.137810] (bopt_description) StdoutLine: {'line': b'-- Up-to-date symlink: /home/jkw/bopt_ws/install/bopt_description/share/bopt_description/models/aws_robomaker_residential_Ball_01/model.sdf\n'}
[0.137839] (bopt_description) StdoutLine: {'line': b'-- Up-to-date symlink: /home/jkw/bopt_ws/install/bopt_description/share/bopt_description/models/aws_robomaker_residential_Bed_01/materials/textures/aws_BedA_01.png\n'}
[0.137866] (bopt_description) StdoutLine: {'line': b'-- Up-to-date symlink: /home/jkw/bopt_ws/install/bopt_description/share/bopt_description/models/aws_robomaker_residential_Bed_01/materials/textures/aws_BedB_01.png\n'}
[0.137894] (bopt_description) StdoutLine: {'line': b'-- Up-to-date symlink: /home/jkw/bopt_ws/install/bopt_description/share/bopt_description/models/aws_robomaker_residential_Bed_01/materials/textures/aws_BedC_01.png\n'}
[0.137922] (bopt_description) StdoutLine: {'line': b'-- Up-to-date symlink: /home/jkw/bopt_ws/install/bopt_description/share/bopt_description/models/aws_robomaker_residential_Bed_01/materials/textures/aws_Bed_01.png\n'}
[0.137949] (bopt_description) StdoutLine: {'line': b'-- Up-to-date symlink: /home/jkw/bopt_ws/install/bopt_description/share/bopt_description/models/aws_robomaker_residential_Bed_01/meshes/aws_Bed_01_collision.DAE\n'}
[0.137976] (bopt_description) StdoutLine: {'line': b'-- Up-to-date symlink: /home/jkw/bopt_ws/install/bopt_description/share/bopt_description/models/aws_robomaker_residential_Bed_01/meshes/aws_Bed_01_visual.DAE\n'}
[0.138002] (bopt_description) StdoutLine: {'line': b'-- Up-to-date symlink: /home/jkw/bopt_ws/install/bopt_description/share/bopt_description/models/aws_robomaker_residential_Bed_01/model.config\n'}
[0.138028] (bopt_description) StdoutLine: {'line': b'-- Up-to-date symlink: /home/jkw/bopt_ws/install/bopt_description/share/bopt_description/models/aws_robomaker_residential_Bed_01/model.sdf\n'}
[0.138057] (bopt_description) StdoutLine: {'line': b'-- Up-to-date symlink: /home/jkw/bopt_ws/install/bopt_description/share/bopt_description/models/aws_robomaker_residential_Board_01/materials/textures/aws_Board_01.png\n'}
[0.138084] (bopt_description) StdoutLine: {'line': b'-- Up-to-date symlink: /home/jkw/bopt_ws/install/bopt_description/share/bopt_description/models/aws_robomaker_residential_Board_01/meshes/aws_Board_01_collision.DAE\n'}
[0.138111] (bopt_description) StdoutLine: {'line': b'-- Up-to-date symlink: /home/jkw/bopt_ws/install/bopt_description/share/bopt_description/models/aws_robomaker_residential_Board_01/meshes/aws_Board_01_visual.DAE\n'}
[0.138137] (bopt_description) StdoutLine: {'line': b'-- Up-to-date symlink: /home/jkw/bopt_ws/install/bopt_description/share/bopt_description/models/aws_robomaker_residential_Board_01/model.config\n'}
[0.138163] (bopt_description) StdoutLine: {'line': b'-- Up-to-date symlink: /home/jkw/bopt_ws/install/bopt_description/share/bopt_description/models/aws_robomaker_residential_Board_01/model.sdf\n'}
[0.138192] (bopt_description) StdoutLine: {'line': b'-- Up-to-date symlink: /home/jkw/bopt_ws/install/bopt_description/share/bopt_description/models/aws_robomaker_residential_Carpet_01/materials/textures/aws_Carpet_01.png\n'}
[0.138219] (bopt_description) StdoutLine: {'line': b'-- Up-to-date symlink: /home/jkw/bopt_ws/install/bopt_description/share/bopt_description/models/aws_robomaker_residential_Carpet_01/meshes/aws_Carpet_01_collision.DAE\n'}
[0.138246] (bopt_description) StdoutLine: {'line': b'-- Up-to-date symlink: /home/jkw/bopt_ws/install/bopt_description/share/bopt_description/models/aws_robomaker_residential_Carpet_01/meshes/aws_Carpet_01_visual.DAE\n'}
[0.138272] (bopt_description) StdoutLine: {'line': b'-- Up-to-date symlink: /home/jkw/bopt_ws/install/bopt_description/share/bopt_description/models/aws_robomaker_residential_Carpet_01/model.config\n'}
[0.138299] (bopt_description) StdoutLine: {'line': b'-- Up-to-date symlink: /home/jkw/bopt_ws/install/bopt_description/share/bopt_description/models/aws_robomaker_residential_Carpet_01/model.sdf\n'}
[0.138327] (bopt_description) StdoutLine: {'line': b'-- Up-to-date symlink: /home/jkw/bopt_ws/install/bopt_description/share/bopt_description/models/aws_robomaker_residential_ChairA_01/materials/textures/aws_ChairA_01.png\n'}
[0.138353] (bopt_description) StdoutLine: {'line': b'-- Up-to-date symlink: /home/jkw/bopt_ws/install/bopt_description/share/bopt_description/models/aws_robomaker_residential_ChairA_01/meshes/aws_ChairA_01_collision.DAE\n'}
[0.138380] (bopt_description) StdoutLine: {'line': b'-- Up-to-date symlink: /home/jkw/bopt_ws/install/bopt_description/share/bopt_description/models/aws_robomaker_residential_ChairA_01/meshes/aws_ChairA_01_visual.DAE\n'}
[0.138407] (bopt_description) StdoutLine: {'line': b'-- Up-to-date symlink: /home/jkw/bopt_ws/install/bopt_description/share/bopt_description/models/aws_robomaker_residential_ChairA_01/model.config\n'}
[0.138434] (bopt_description) StdoutLine: {'line': b'-- Up-to-date symlink: /home/jkw/bopt_ws/install/bopt_description/share/bopt_description/models/aws_robomaker_residential_ChairA_01/model.sdf\n'}
[0.138463] (bopt_description) StdoutLine: {'line': b'-- Up-to-date symlink: /home/jkw/bopt_ws/install/bopt_description/share/bopt_description/models/aws_robomaker_residential_ChairD_01/materials/textures/aws_ChairD_01.png\n'}
[0.138490] (bopt_description) StdoutLine: {'line': b'-- Up-to-date symlink: /home/jkw/bopt_ws/install/bopt_description/share/bopt_description/models/aws_robomaker_residential_ChairD_01/meshes/aws_ChairD_01_collision.DAE\n'}
[0.138516] (bopt_description) StdoutLine: {'line': b'-- Up-to-date symlink: /home/jkw/bopt_ws/install/bopt_description/share/bopt_description/models/aws_robomaker_residential_ChairD_01/meshes/aws_ChairD_01_visual.DAE\n'}
[0.138543] (bopt_description) StdoutLine: {'line': b'-- Up-to-date symlink: /home/jkw/bopt_ws/install/bopt_description/share/bopt_description/models/aws_robomaker_residential_ChairD_01/model.config\n'}
[0.138569] (bopt_description) StdoutLine: {'line': b'-- Up-to-date symlink: /home/jkw/bopt_ws/install/bopt_description/share/bopt_description/models/aws_robomaker_residential_ChairD_01/model.sdf\n'}
[0.138598] (bopt_description) StdoutLine: {'line': b'-- Up-to-date symlink: /home/jkw/bopt_ws/install/bopt_description/share/bopt_description/models/aws_robomaker_residential_Chandelier_01/materials/textures/aws_Chandelier_01.png\n'}
[0.138625] (bopt_description) StdoutLine: {'line': b'-- Up-to-date symlink: /home/jkw/bopt_ws/install/bopt_description/share/bopt_description/models/aws_robomaker_residential_Chandelier_01/meshes/aws_Chandelier_01.DAE\n'}
[0.138655] (bopt_description) StdoutLine: {'line': b'-- Up-to-date symlink: /home/jkw/bopt_ws/install/bopt_description/share/bopt_description/models/aws_robomaker_residential_Chandelier_01/meshes/aws_Chandelier_01_collision.DAE\n'}
[0.138682] (bopt_description) StdoutLine: {'line': b'-- Up-to-date symlink: /home/jkw/bopt_ws/install/bopt_description/share/bopt_description/models/aws_robomaker_residential_Chandelier_01/meshes/aws_Chandelier_01_visual.DAE\n'}
[0.138708] (bopt_description) StdoutLine: {'line': b'-- Up-to-date symlink: /home/jkw/bopt_ws/install/bopt_description/share/bopt_description/models/aws_robomaker_residential_Chandelier_01/model.config\n'}
[0.138734] (bopt_description) StdoutLine: {'line': b'-- Up-to-date symlink: /home/jkw/bopt_ws/install/bopt_description/share/bopt_description/models/aws_robomaker_residential_Chandelier_01/model.sdf\n'}
[0.138763] (bopt_description) StdoutLine: {'line': b'-- Up-to-date symlink: /home/jkw/bopt_ws/install/bopt_description/share/bopt_description/models/aws_robomaker_residential_CoffeeTable_01/materials/textures/aws_CoffeeTable_01.png\n'}
[0.138791] (bopt_description) StdoutLine: {'line': b'-- Up-to-date symlink: /home/jkw/bopt_ws/install/bopt_description/share/bopt_description/models/aws_robomaker_residential_CoffeeTable_01/meshes/aws_CoffeeTable_01_collision.DAE\n'}
[0.138819] (bopt_description) StdoutLine: {'line': b'-- Up-to-date symlink: /home/jkw/bopt_ws/install/bopt_description/share/bopt_description/models/aws_robomaker_residential_CoffeeTable_01/meshes/aws_CoffeeTable_01_visual.DAE\n'}
[0.138844] (bopt_description) StdoutLine: {'line': b'-- Up-to-date symlink: /home/jkw/bopt_ws/install/bopt_description/share/bopt_description/models/aws_robomaker_residential_CoffeeTable_01/model.config\n'}
[0.138872] (bopt_description) StdoutLine: {'line': b'-- Up-to-date symlink: /home/jkw/bopt_ws/install/bopt_description/share/bopt_description/models/aws_robomaker_residential_CoffeeTable_01/model.sdf\n'}
[0.138902] (bopt_description) StdoutLine: {'line': b'-- Up-to-date symlink: /home/jkw/bopt_ws/install/bopt_description/share/bopt_description/models/aws_robomaker_residential_CookingBench_01/materials/textures/aws_CookingBench_01.png\n'}
[0.138929] (bopt_description) StdoutLine: {'line': b'-- Up-to-date symlink: /home/jkw/bopt_ws/install/bopt_description/share/bopt_description/models/aws_robomaker_residential_CookingBench_01/meshes/aws_CookingBench_01.DAE\n'}
[0.138956] (bopt_description) StdoutLine: {'line': b'-- Up-to-date symlink: /home/jkw/bopt_ws/install/bopt_description/share/bopt_description/models/aws_robomaker_residential_CookingBench_01/meshes/aws_CookingBench_01_collision.DAE\n'}
[0.138984] (bopt_description) StdoutLine: {'line': b'-- Up-to-date symlink: /home/jkw/bopt_ws/install/bopt_description/share/bopt_description/models/aws_robomaker_residential_CookingBench_01/meshes/aws_CookingBench_01_visual.DAE\n'}
[0.139010] (bopt_description) StdoutLine: {'line': b'-- Up-to-date symlink: /home/jkw/bopt_ws/install/bopt_description/share/bopt_description/models/aws_robomaker_residential_CookingBench_01/model.config\n'}
[0.139036] (bopt_description) StdoutLine: {'line': b'-- Up-to-date symlink: /home/jkw/bopt_ws/install/bopt_description/share/bopt_description/models/aws_robomaker_residential_CookingBench_01/model.sdf\n'}
[0.139065] (bopt_description) StdoutLine: {'line': b'-- Up-to-date symlink: /home/jkw/bopt_ws/install/bopt_description/share/bopt_description/models/aws_robomaker_residential_Curtain_01/materials/textures/aws_Curtain_01.png\n'}
[0.139093] (bopt_description) StdoutLine: {'line': b'-- Up-to-date symlink: /home/jkw/bopt_ws/install/bopt_description/share/bopt_description/models/aws_robomaker_residential_Curtain_01/meshes/aws_Curtain_01_collision.DAE\n'}
[0.139120] (bopt_description) StdoutLine: {'line': b'-- Up-to-date symlink: /home/jkw/bopt_ws/install/bopt_description/share/bopt_description/models/aws_robomaker_residential_Curtain_01/meshes/aws_Curtain_01_visual.DAE\n'}
[0.139146] (bopt_description) StdoutLine: {'line': b'-- Up-to-date symlink: /home/jkw/bopt_ws/install/bopt_description/share/bopt_description/models/aws_robomaker_residential_Curtain_01/model.config\n'}
[0.139172] (bopt_description) StdoutLine: {'line': b'-- Up-to-date symlink: /home/jkw/bopt_ws/install/bopt_description/share/bopt_description/models/aws_robomaker_residential_Curtain_01/model.sdf\n'}
[0.139200] (bopt_description) StdoutLine: {'line': b'-- Up-to-date symlink: /home/jkw/bopt_ws/install/bopt_description/share/bopt_description/models/aws_robomaker_residential_DeskPortraitA_01/materials/textures/aws_DeskPortraitA_01.png\n'}
[0.139228] (bopt_description) StdoutLine: {'line': b'-- Up-to-date symlink: /home/jkw/bopt_ws/install/bopt_description/share/bopt_description/models/aws_robomaker_residential_DeskPortraitA_01/materials/textures/aws_DeskPortraitA_02.png\n'}
[0.139256] (bopt_description) StdoutLine: {'line': b'-- Up-to-date symlink: /home/jkw/bopt_ws/install/bopt_description/share/bopt_description/models/aws_robomaker_residential_DeskPortraitA_01/meshes/aws_DeskPortraitA_01_collision.DAE\n'}
[0.139283] (bopt_description) StdoutLine: {'line': b'-- Up-to-date symlink: /home/jkw/bopt_ws/install/bopt_description/share/bopt_description/models/aws_robomaker_residential_DeskPortraitA_01/meshes/aws_DeskPortraitA_01_visual.DAE\n'}
[0.139308] (bopt_description) StdoutLine: {'line': b'-- Up-to-date symlink: /home/jkw/bopt_ws/install/bopt_description/share/bopt_description/models/aws_robomaker_residential_DeskPortraitA_01/model.config\n'}
[0.139334] (bopt_description) StdoutLine: {'line': b'-- Up-to-date symlink: /home/jkw/bopt_ws/install/bopt_description/share/bopt_description/models/aws_robomaker_residential_DeskPortraitA_01/model.sdf\n'}
[0.139363] (bopt_description) StdoutLine: {'line': b'-- Up-to-date symlink: /home/jkw/bopt_ws/install/bopt_description/share/bopt_description/models/aws_robomaker_residential_DeskPortraitA_02/materials/textures/aws_DeskPortraitA_01.png\n'}
[0.139391] (bopt_description) StdoutLine: {'line': b'-- Up-to-date symlink: /home/jkw/bopt_ws/install/bopt_description/share/bopt_description/models/aws_robomaker_residential_DeskPortraitA_02/materials/textures/aws_DeskPortraitA_02.png\n'}
[0.139418] (bopt_description) StdoutLine: {'line': b'-- Up-to-date symlink: /home/jkw/bopt_ws/install/bopt_description/share/bopt_description/models/aws_robomaker_residential_DeskPortraitA_02/meshes/aws_DeskPortraitA_01_collision.DAE\n'}
[0.139444] (bopt_description) StdoutLine: {'line': b'-- Up-to-date symlink: /home/jkw/bopt_ws/install/bopt_description/share/bopt_description/models/aws_robomaker_residential_DeskPortraitA_02/meshes/aws_DeskPortraitA_01_visual.DAE\n'}
[0.139470] (bopt_description) StdoutLine: {'line': b'-- Up-to-date symlink: /home/jkw/bopt_ws/install/bopt_description/share/bopt_description/models/aws_robomaker_residential_DeskPortraitA_02/model.config\n'}
[0.139496] (bopt_description) StdoutLine: {'line': b'-- Up-to-date symlink: /home/jkw/bopt_ws/install/bopt_description/share/bopt_description/models/aws_robomaker_residential_DeskPortraitA_02/model.sdf\n'}
[0.139524] (bopt_description) StdoutLine: {'line': b'-- Up-to-date symlink: /home/jkw/bopt_ws/install/bopt_description/share/bopt_description/models/aws_robomaker_residential_DeskPortraitB_01/materials/textures/aws_DeskPortraitB_01.png\n'}
[0.139552] (bopt_description) StdoutLine: {'line': b'-- Up-to-date symlink: /home/jkw/bopt_ws/install/bopt_description/share/bopt_description/models/aws_robomaker_residential_DeskPortraitB_01/materials/textures/aws_DeskPortraitB_02.png\n'}
[0.139579] (bopt_description) StdoutLine: {'line': b'-- Up-to-date symlink: /home/jkw/bopt_ws/install/bopt_description/share/bopt_description/models/aws_robomaker_residential_DeskPortraitB_01/meshes/aws_DeskPortraitB_01_collision.DAE\n'}
[0.139605] (bopt_description) StdoutLine: {'line': b'-- Up-to-date symlink: /home/jkw/bopt_ws/install/bopt_description/share/bopt_description/models/aws_robomaker_residential_DeskPortraitB_01/meshes/aws_DeskPortraitB_01_visual.DAE\n'}
[0.139632] (bopt_description) StdoutLine: {'line': b'-- Up-to-date symlink: /home/jkw/bopt_ws/install/bopt_description/share/bopt_description/models/aws_robomaker_residential_DeskPortraitB_01/model.config\n'}
[0.139660] (bopt_description) StdoutLine: {'line': b'-- Up-to-date symlink: /home/jkw/bopt_ws/install/bopt_description/share/bopt_description/models/aws_robomaker_residential_DeskPortraitB_01/model.sdf\n'}
[0.139688] (bopt_description) StdoutLine: {'line': b'-- Up-to-date symlink: /home/jkw/bopt_ws/install/bopt_description/share/bopt_description/models/aws_robomaker_residential_DeskPortraitB_02/materials/textures/aws_DeskPortraitB_01.png\n'}
[0.139715] (bopt_description) StdoutLine: {'line': b'-- Up-to-date symlink: /home/jkw/bopt_ws/install/bopt_description/share/bopt_description/models/aws_robomaker_residential_DeskPortraitB_02/materials/textures/aws_DeskPortraitB_02.png\n'}
[0.139743] (bopt_description) StdoutLine: {'line': b'-- Up-to-date symlink: /home/jkw/bopt_ws/install/bopt_description/share/bopt_description/models/aws_robomaker_residential_DeskPortraitB_02/meshes/aws_DeskPortraitB_01_collision.DAE\n'}
[0.139770] (bopt_description) StdoutLine: {'line': b'-- Up-to-date symlink: /home/jkw/bopt_ws/install/bopt_description/share/bopt_description/models/aws_robomaker_residential_DeskPortraitB_02/meshes/aws_DeskPortraitB_01_visual.DAE\n'}
[0.139796] (bopt_description) StdoutLine: {'line': b'-- Up-to-date symlink: /home/jkw/bopt_ws/install/bopt_description/share/bopt_description/models/aws_robomaker_residential_DeskPortraitB_02/model.config\n'}
[0.139821] (bopt_description) StdoutLine: {'line': b'-- Up-to-date symlink: /home/jkw/bopt_ws/install/bopt_description/share/bopt_description/models/aws_robomaker_residential_DeskPortraitB_02/model.sdf\n'}
[0.139850] (bopt_description) StdoutLine: {'line': b'-- Up-to-date symlink: /home/jkw/bopt_ws/install/bopt_description/share/bopt_description/models/aws_robomaker_residential_DeskPortraitC_01/materials/textures/aws_DeskPortraitC_01.png\n'}
[0.139878] (bopt_description) StdoutLine: {'line': b'-- Up-to-date symlink: /home/jkw/bopt_ws/install/bopt_description/share/bopt_description/models/aws_robomaker_residential_DeskPortraitC_01/materials/textures/aws_DeskPortraitC_02.png\n'}
[0.139905] (bopt_description) StdoutLine: {'line': b'-- Up-to-date symlink: /home/jkw/bopt_ws/install/bopt_description/share/bopt_description/models/aws_robomaker_residential_DeskPortraitC_01/meshes/aws_DeskPortraitC_01_collision.DAE\n'}
[0.139931] (bopt_description) StdoutLine: {'line': b'-- Up-to-date symlink: /home/jkw/bopt_ws/install/bopt_description/share/bopt_description/models/aws_robomaker_residential_DeskPortraitC_01/meshes/aws_DeskPortraitC_01_visual.DAE\n'}
[0.139957] (bopt_description) StdoutLine: {'line': b'-- Up-to-date symlink: /home/jkw/bopt_ws/install/bopt_description/share/bopt_description/models/aws_robomaker_residential_DeskPortraitC_01/model.config\n'}
[0.139982] (bopt_description) StdoutLine: {'line': b'-- Up-to-date symlink: /home/jkw/bopt_ws/install/bopt_description/share/bopt_description/models/aws_robomaker_residential_DeskPortraitC_01/model.sdf\n'}
[0.140011] (bopt_description) StdoutLine: {'line': b'-- Up-to-date symlink: /home/jkw/bopt_ws/install/bopt_description/share/bopt_description/models/aws_robomaker_residential_DeskPortraitC_02/materials/textures/aws_DeskPortraitC_01.png\n'}
[0.140038] (bopt_description) StdoutLine: {'line': b'-- Up-to-date symlink: /home/jkw/bopt_ws/install/bopt_description/share/bopt_description/models/aws_robomaker_residential_DeskPortraitC_02/materials/textures/aws_DeskPortraitC_02.png\n'}
[0.140065] (bopt_description) StdoutLine: {'line': b'-- Up-to-date symlink: /home/jkw/bopt_ws/install/bopt_description/share/bopt_description/models/aws_robomaker_residential_DeskPortraitC_02/meshes/aws_DeskPortraitC_01_collision.DAE\n'}
[0.140091] (bopt_description) StdoutLine: {'line': b'-- Up-to-date symlink: /home/jkw/bopt_ws/install/bopt_description/share/bopt_description/models/aws_robomaker_residential_DeskPortraitC_02/meshes/aws_DeskPortraitC_01_visual.DAE\n'}
[0.140117] (bopt_description) StdoutLine: {'line': b'-- Up-to-date symlink: /home/jkw/bopt_ws/install/bopt_description/share/bopt_description/models/aws_robomaker_residential_DeskPortraitC_02/model.config\n'}
[0.140143] (bopt_description) StdoutLine: {'line': b'-- Up-to-date symlink: /home/jkw/bopt_ws/install/bopt_description/share/bopt_description/models/aws_robomaker_residential_DeskPortraitC_02/model.sdf\n'}
[0.140171] (bopt_description) StdoutLine: {'line': b'-- Up-to-date symlink: /home/jkw/bopt_ws/install/bopt_description/share/bopt_description/models/aws_robomaker_residential_DeskPortraitD_01/materials/textures/aws_DeskPortraitD_01.png\n'}
[0.140199] (bopt_description) StdoutLine: {'line': b'-- Up-to-date symlink: /home/jkw/bopt_ws/install/bopt_description/share/bopt_description/models/aws_robomaker_residential_DeskPortraitD_01/materials/textures/aws_DeskPortraitD_02.png\n'}
[0.140237] (bopt_description) StdoutLine: {'line': b'-- Up-to-date symlink: /home/jkw/bopt_ws/install/bopt_description/share/bopt_description/models/aws_robomaker_residential_DeskPortraitD_01/meshes/aws_DeskPortraitD_01_collision.DAE\n'}
[0.140260] (bopt_description) StdoutLine: {'line': b'-- Up-to-date symlink: /home/jkw/bopt_ws/install/bopt_description/share/bopt_description/models/aws_robomaker_residential_DeskPortraitD_01/meshes/aws_DeskPortraitD_01_visual.DAE\n'}
[0.140282] (bopt_description) StdoutLine: {'line': b'-- Up-to-date symlink: /home/jkw/bopt_ws/install/bopt_description/share/bopt_description/models/aws_robomaker_residential_DeskPortraitD_01/model.config\n'}
[0.140305] (bopt_description) StdoutLine: {'line': b'-- Up-to-date symlink: /home/jkw/bopt_ws/install/bopt_description/share/bopt_description/models/aws_robomaker_residential_DeskPortraitD_01/model.sdf\n'}
[0.140334] (bopt_description) StdoutLine: {'line': b'-- Up-to-date symlink: /home/jkw/bopt_ws/install/bopt_description/share/bopt_description/models/aws_robomaker_residential_DeskPortraitD_02/materials/textures/aws_DeskPortraitD_01.png\n'}
[0.140366] (bopt_description) StdoutLine: {'line': b'-- Up-to-date symlink: /home/jkw/bopt_ws/install/bopt_description/share/bopt_description/models/aws_robomaker_residential_DeskPortraitD_02/materials/textures/aws_DeskPortraitD_02.png\n'}
[0.140388] (bopt_description) StdoutLine: {'line': b'-- Up-to-date symlink: /home/jkw/bopt_ws/install/bopt_description/share/bopt_description/models/aws_robomaker_residential_DeskPortraitD_02/meshes/aws_DeskPortraitD_01_collision.DAE\n'}
[0.140415] (bopt_description) StdoutLine: {'line': b'-- Up-to-date symlink: /home/jkw/bopt_ws/install/bopt_description/share/bopt_description/models/aws_robomaker_residential_DeskPortraitD_02/meshes/aws_DeskPortraitD_01_visual.DAE\n'}
[0.140441] (bopt_description) StdoutLine: {'line': b'-- Up-to-date symlink: /home/jkw/bopt_ws/install/bopt_description/share/bopt_description/models/aws_robomaker_residential_DeskPortraitD_02/model.config\n'}
[0.140467] (bopt_description) StdoutLine: {'line': b'-- Up-to-date symlink: /home/jkw/bopt_ws/install/bopt_description/share/bopt_description/models/aws_robomaker_residential_DeskPortraitD_02/model.sdf\n'}
[0.140495] (bopt_description) StdoutLine: {'line': b'-- Up-to-date symlink: /home/jkw/bopt_ws/install/bopt_description/share/bopt_description/models/aws_robomaker_residential_DeskPortraitD_03/materials/textures/aws_DeskPortraitD_01.png\n'}
[0.140523] (bopt_description) StdoutLine: {'line': b'-- Up-to-date symlink: /home/jkw/bopt_ws/install/bopt_description/share/bopt_description/models/aws_robomaker_residential_DeskPortraitD_03/materials/textures/aws_DeskPortraitD_02.png\n'}
[0.140550] (bopt_description) StdoutLine: {'line': b'-- Up-to-date symlink: /home/jkw/bopt_ws/install/bopt_description/share/bopt_description/models/aws_robomaker_residential_DeskPortraitD_03/meshes/aws_DeskPortraitD_01_collision.DAE\n'}
[0.140577] (bopt_description) StdoutLine: {'line': b'-- Up-to-date symlink: /home/jkw/bopt_ws/install/bopt_description/share/bopt_description/models/aws_robomaker_residential_DeskPortraitD_03/meshes/aws_DeskPortraitD_01_visual.DAE\n'}
[0.140604] (bopt_description) StdoutLine: {'line': b'-- Up-to-date symlink: /home/jkw/bopt_ws/install/bopt_description/share/bopt_description/models/aws_robomaker_residential_DeskPortraitD_03/model.config\n'}
[0.140638] (bopt_description) StdoutLine: {'line': b'-- Up-to-date symlink: /home/jkw/bopt_ws/install/bopt_description/share/bopt_description/models/aws_robomaker_residential_DeskPortraitD_03/model.sdf\n'}
[0.140764] (bopt_description) StdoutLine: {'line': b'-- Up-to-date symlink: /home/jkw/bopt_ws/install/bopt_description/share/bopt_description/models/aws_robomaker_residential_DeskPortraitD_04/materials/textures/aws_DeskPortraitD_01.png\n'}
[0.140791] (bopt_description) StdoutLine: {'line': b'-- Up-to-date symlink: /home/jkw/bopt_ws/install/bopt_description/share/bopt_description/models/aws_robomaker_residential_DeskPortraitD_04/materials/textures/aws_DeskPortraitD_02.png\n'}
[0.140819] (bopt_description) StdoutLine: {'line': b'-- Up-to-date symlink: /home/jkw/bopt_ws/install/bopt_description/share/bopt_description/models/aws_robomaker_residential_DeskPortraitD_04/meshes/aws_DeskPortraitD_01_collision.DAE\n'}
[0.140846] (bopt_description) StdoutLine: {'line': b'-- Up-to-date symlink: /home/jkw/bopt_ws/install/bopt_description/share/bopt_description/models/aws_robomaker_residential_DeskPortraitD_04/meshes/aws_DeskPortraitD_01_visual.DAE\n'}
[0.140873] (bopt_description) StdoutLine: {'line': b'-- Up-to-date symlink: /home/jkw/bopt_ws/install/bopt_description/share/bopt_description/models/aws_robomaker_residential_DeskPortraitD_04/model.config\n'}
[0.140899] (bopt_description) StdoutLine: {'line': b'-- Up-to-date symlink: /home/jkw/bopt_ws/install/bopt_description/share/bopt_description/models/aws_robomaker_residential_DeskPortraitD_04/model.sdf\n'}
[0.140927] (bopt_description) StdoutLine: {'line': b'-- Up-to-date symlink: /home/jkw/bopt_ws/install/bopt_description/share/bopt_description/models/aws_robomaker_residential_Door_01/materials/textures/aws_Door_01.png\n'}
[0.140955] (bopt_description) StdoutLine: {'line': b'-- Up-to-date symlink: /home/jkw/bopt_ws/install/bopt_description/share/bopt_description/models/aws_robomaker_residential_Door_01/meshes/aws_Door_01_collision.DAE\n'}
[0.140981] (bopt_description) StdoutLine: {'line': b'-- Up-to-date symlink: /home/jkw/bopt_ws/install/bopt_description/share/bopt_description/models/aws_robomaker_residential_Door_01/meshes/aws_Door_01_visual.DAE\n'}
[0.141008] (bopt_description) StdoutLine: {'line': b'-- Up-to-date symlink: /home/jkw/bopt_ws/install/bopt_description/share/bopt_description/models/aws_robomaker_residential_Door_01/model.config\n'}
[0.141034] (bopt_description) StdoutLine: {'line': b'-- Up-to-date symlink: /home/jkw/bopt_ws/install/bopt_description/share/bopt_description/models/aws_robomaker_residential_Door_01/model.sdf\n'}
[0.141063] (bopt_description) StdoutLine: {'line': b'-- Up-to-date symlink: /home/jkw/bopt_ws/install/bopt_description/share/bopt_description/models/aws_robomaker_residential_Dumbbell_01/materials/textures/aws_Dumbbell_01.png\n'}
[0.141091] (bopt_description) StdoutLine: {'line': b'-- Up-to-date symlink: /home/jkw/bopt_ws/install/bopt_description/share/bopt_description/models/aws_robomaker_residential_Dumbbell_01/meshes/aws_Dumbbell_01_collision.DAE\n'}
[0.141116] (bopt_description) StdoutLine: {'line': b'-- Up-to-date symlink: /home/jkw/bopt_ws/install/bopt_description/share/bopt_description/models/aws_robomaker_residential_Dumbbell_01/meshes/aws_Dumbbell_01_visual.DAE\n'}
[0.141142] (bopt_description) StdoutLine: {'line': b'-- Up-to-date symlink: /home/jkw/bopt_ws/install/bopt_description/share/bopt_description/models/aws_robomaker_residential_Dumbbell_01/model.config\n'}
[0.141169] (bopt_description) StdoutLine: {'line': b'-- Up-to-date symlink: /home/jkw/bopt_ws/install/bopt_description/share/bopt_description/models/aws_robomaker_residential_Dumbbell_01/model.sdf\n'}
[0.141200] (bopt_description) StdoutLine: {'line': b'-- Up-to-date symlink: /home/jkw/bopt_ws/install/bopt_description/share/bopt_description/models/aws_robomaker_residential_FitnessEquipment_01/materials/textures/aws_FitnessEquipment_01.png\n'}
[0.141229] (bopt_description) StdoutLine: {'line': b'-- Up-to-date symlink: /home/jkw/bopt_ws/install/bopt_description/share/bopt_description/models/aws_robomaker_residential_FitnessEquipment_01/meshes/aws_FitnessEquipment_01_collision.DAE\n'}
[0.141256] (bopt_description) StdoutLine: {'line': b'-- Up-to-date symlink: /home/jkw/bopt_ws/install/bopt_description/share/bopt_description/models/aws_robomaker_residential_FitnessEquipment_01/meshes/aws_FitnessEquipment_01_visual.DAE\n'}
[0.141282] (bopt_description) StdoutLine: {'line': b'-- Up-to-date symlink: /home/jkw/bopt_ws/install/bopt_description/share/bopt_description/models/aws_robomaker_residential_FitnessEquipment_01/model.config\n'}
[0.141309] (bopt_description) StdoutLine: {'line': b'-- Up-to-date symlink: /home/jkw/bopt_ws/install/bopt_description/share/bopt_description/models/aws_robomaker_residential_FitnessEquipment_01/model.sdf\n'}
[0.141338] (bopt_description) StdoutLine: {'line': b'-- Up-to-date symlink: /home/jkw/bopt_ws/install/bopt_description/share/bopt_description/models/aws_robomaker_residential_FloorB_01/materials/textures/aws_FloorB_01.png\n'}
[0.141365] (bopt_description) StdoutLine: {'line': b'-- Up-to-date symlink: /home/jkw/bopt_ws/install/bopt_description/share/bopt_description/models/aws_robomaker_residential_FloorB_01/meshes/aws_FloorB_01_collision.DAE\n'}
[0.141393] (bopt_description) StdoutLine: {'line': b'-- Up-to-date symlink: /home/jkw/bopt_ws/install/bopt_description/share/bopt_description/models/aws_robomaker_residential_FloorB_01/meshes/aws_FloorB_01_visual.DAE\n'}
[0.141419] (bopt_description) StdoutLine: {'line': b'-- Up-to-date symlink: /home/jkw/bopt_ws/install/bopt_description/share/bopt_description/models/aws_robomaker_residential_FloorB_01/model.config\n'}
[0.141445] (bopt_description) StdoutLine: {'line': b'-- Up-to-date symlink: /home/jkw/bopt_ws/install/bopt_description/share/bopt_description/models/aws_robomaker_residential_FloorB_01/model.sdf\n'}
[0.141475] (bopt_description) StdoutLine: {'line': b'-- Up-to-date symlink: /home/jkw/bopt_ws/install/bopt_description/share/bopt_description/models/aws_robomaker_residential_FoldingDoor_01/materials/textures/aws_FoldingDoor_01.png\n'}
[0.141503] (bopt_description) StdoutLine: {'line': b'-- Up-to-date symlink: /home/jkw/bopt_ws/install/bopt_description/share/bopt_description/models/aws_robomaker_residential_FoldingDoor_01/meshes/aws_FoldingDoor_01_collision.DAE\n'}
[0.141531] (bopt_description) StdoutLine: {'line': b'-- Up-to-date symlink: /home/jkw/bopt_ws/install/bopt_description/share/bopt_description/models/aws_robomaker_residential_FoldingDoor_01/meshes/aws_FoldingDoor_01_visual.DAE\n'}
[0.141557] (bopt_description) StdoutLine: {'line': b'-- Up-to-date symlink: /home/jkw/bopt_ws/install/bopt_description/share/bopt_description/models/aws_robomaker_residential_FoldingDoor_01/model.config\n'}
[0.141583] (bopt_description) StdoutLine: {'line': b'-- Up-to-date symlink: /home/jkw/bopt_ws/install/bopt_description/share/bopt_description/models/aws_robomaker_residential_FoldingDoor_01/model.sdf\n'}
[0.141612] (bopt_description) StdoutLine: {'line': b'-- Up-to-date symlink: /home/jkw/bopt_ws/install/bopt_description/share/bopt_description/models/aws_robomaker_residential_FoldingDoor_02/materials/textures/aws_FoldingDoor_02.png\n'}
[0.141663] (bopt_description) StdoutLine: {'line': b'-- Up-to-date symlink: /home/jkw/bopt_ws/install/bopt_description/share/bopt_description/models/aws_robomaker_residential_FoldingDoor_02/meshes/aws_FoldingDoor_02_collision.DAE\n'}
[0.141791] (bopt_description) StdoutLine: {'line': b'-- Up-to-date symlink: /home/jkw/bopt_ws/install/bopt_description/share/bopt_description/models/aws_robomaker_residential_FoldingDoor_02/meshes/aws_FoldingDoor_02_visual.DAE\n'}
[0.141854] (bopt_description) StdoutLine: {'line': b'-- Up-to-date symlink: /home/jkw/bopt_ws/install/bopt_description/share/bopt_description/models/aws_robomaker_residential_FoldingDoor_02/model.config\n'}
[0.141903] (bopt_description) StdoutLine: {'line': b'-- Up-to-date symlink: /home/jkw/bopt_ws/install/bopt_description/share/bopt_description/models/aws_robomaker_residential_FoldingDoor_02/model.sdf\n'}
[0.141945] (bopt_description) StdoutLine: {'line': b'-- Up-to-date symlink: /home/jkw/bopt_ws/install/bopt_description/share/bopt_description/models/aws_robomaker_residential_Handle_01/materials/textures/aws_Handle_01.png\n'}
[0.142000] (bopt_description) StdoutLine: {'line': b'-- Up-to-date symlink: /home/jkw/bopt_ws/install/bopt_description/share/bopt_description/models/aws_robomaker_residential_Handle_01/meshes/aws_ handle_01_collision.DAE\n'}
[0.142070] (bopt_description) StdoutLine: {'line': b'-- Up-to-date symlink: /home/jkw/bopt_ws/install/bopt_description/share/bopt_description/models/aws_robomaker_residential_Handle_01/meshes/aws_Handle_01_collision.DAE\n'}
[0.142110] (bopt_description) StdoutLine: {'line': b'-- Up-to-date symlink: /home/jkw/bopt_ws/install/bopt_description/share/bopt_description/models/aws_robomaker_residential_Handle_01/meshes/aws_Handle_01_visual.DAE\n'}
[0.142154] (bopt_description) StdoutLine: {'line': b'-- Up-to-date symlink: /home/jkw/bopt_ws/install/bopt_description/share/bopt_description/models/aws_robomaker_residential_Handle_01/model.config\n'}
[0.142198] (bopt_description) StdoutLine: {'line': b'-- Up-to-date symlink: /home/jkw/bopt_ws/install/bopt_description/share/bopt_description/models/aws_robomaker_residential_Handle_01/model.sdf\n'}
[0.142237] (bopt_description) StdoutLine: {'line': b'-- Up-to-date symlink: /home/jkw/bopt_ws/install/bopt_description/share/bopt_description/models/aws_robomaker_residential_HouseWallB_01/materials/textures/aws_HouseWallB_01.png\n'}
[0.142262] (bopt_description) StdoutLine: {'line': b'-- Up-to-date symlink: /home/jkw/bopt_ws/install/bopt_description/share/bopt_description/models/aws_robomaker_residential_HouseWallB_01/meshes/aws_HouseWallB_01_collision.DAE\n'}
[0.142282] (bopt_description) StdoutLine: {'line': b'-- Up-to-date symlink: /home/jkw/bopt_ws/install/bopt_description/share/bopt_description/models/aws_robomaker_residential_HouseWallB_01/meshes/aws_HouseWallB_01_visual.DAE\n'}
[0.142299] (bopt_description) StdoutLine: {'line': b'-- Up-to-date symlink: /home/jkw/bopt_ws/install/bopt_description/share/bopt_description/models/aws_robomaker_residential_HouseWallB_01/model.config\n'}
[0.142319] (bopt_description) StdoutLine: {'line': b'-- Up-to-date symlink: /home/jkw/bopt_ws/install/bopt_description/share/bopt_description/models/aws_robomaker_residential_HouseWallB_01/model.sdf\n'}
[0.142339] (bopt_description) StdoutLine: {'line': b'-- Up-to-date symlink: /home/jkw/bopt_ws/install/bopt_description/share/bopt_description/models/aws_robomaker_residential_KitchenCabinet_01/materials/textures/aws_KitchenCabinet_01.png\n'}
[0.142359] (bopt_description) StdoutLine: {'line': b'-- Up-to-date symlink: /home/jkw/bopt_ws/install/bopt_description/share/bopt_description/models/aws_robomaker_residential_KitchenCabinet_01/meshes/aws_KitchenCabinet_01_collision.DAE\n'}
[0.142375] (bopt_description) StdoutLine: {'line': b'-- Up-to-date symlink: /home/jkw/bopt_ws/install/bopt_description/share/bopt_description/models/aws_robomaker_residential_KitchenCabinet_01/meshes/aws_KitchenCabinet_01_visual.DAE\n'}
[0.142392] (bopt_description) StdoutLine: {'line': b'-- Up-to-date symlink: /home/jkw/bopt_ws/install/bopt_description/share/bopt_description/models/aws_robomaker_residential_KitchenCabinet_01/model.config\n'}
[0.142408] (bopt_description) StdoutLine: {'line': b'-- Up-to-date symlink: /home/jkw/bopt_ws/install/bopt_description/share/bopt_description/models/aws_robomaker_residential_KitchenCabinet_01/model.sdf\n'}
[0.142435] (bopt_description) StdoutLine: {'line': b'-- Up-to-date symlink: /home/jkw/bopt_ws/install/bopt_description/share/bopt_description/models/aws_robomaker_residential_KitchenTable_01/materials/textures/aws_KitchenTable_01.png\n'}
[0.142451] (bopt_description) StdoutLine: {'line': b'-- Up-to-date symlink: /home/jkw/bopt_ws/install/bopt_description/share/bopt_description/models/aws_robomaker_residential_KitchenTable_01/meshes/aws_KitchenTable_01_collision.DAE\n'}
[0.142467] (bopt_description) StdoutLine: {'line': b'-- Up-to-date symlink: /home/jkw/bopt_ws/install/bopt_description/share/bopt_description/models/aws_robomaker_residential_KitchenTable_01/meshes/aws_KitchenTable_01_visual.DAE\n'}
[0.142483] (bopt_description) StdoutLine: {'line': b'-- Up-to-date symlink: /home/jkw/bopt_ws/install/bopt_description/share/bopt_description/models/aws_robomaker_residential_KitchenTable_01/model.config\n'}
[0.142504] (bopt_description) StdoutLine: {'line': b'-- Up-to-date symlink: /home/jkw/bopt_ws/install/bopt_description/share/bopt_description/models/aws_robomaker_residential_KitchenTable_01/model.sdf\n'}
[0.142520] (bopt_description) StdoutLine: {'line': b'-- Up-to-date symlink: /home/jkw/bopt_ws/install/bopt_description/share/bopt_description/models/aws_robomaker_residential_KitchenUtensils_01/materials/textures/aws_KitchenUtensils_01.png\n'}
[0.142545] (bopt_description) StdoutLine: {'line': b'-- Up-to-date symlink: /home/jkw/bopt_ws/install/bopt_description/share/bopt_description/models/aws_robomaker_residential_KitchenUtensils_01/meshes/aws_KitchenUtensils_01_collision.DAE\n'}
[0.142564] (bopt_description) StdoutLine: {'line': b'-- Up-to-date symlink: /home/jkw/bopt_ws/install/bopt_description/share/bopt_description/models/aws_robomaker_residential_KitchenUtensils_01/meshes/aws_KitchenUtensils_01_visual.DAE\n'}
[0.142585] (bopt_description) StdoutLine: {'line': b'-- Up-to-date symlink: /home/jkw/bopt_ws/install/bopt_description/share/bopt_description/models/aws_robomaker_residential_KitchenUtensils_01/model.config\n'}
[0.142601] (bopt_description) StdoutLine: {'line': b'-- Up-to-date symlink: /home/jkw/bopt_ws/install/bopt_description/share/bopt_description/models/aws_robomaker_residential_KitchenUtensils_01/model.sdf\n'}
[0.142625] (bopt_description) StdoutLine: {'line': b'-- Up-to-date symlink: /home/jkw/bopt_ws/install/bopt_description/share/bopt_description/models/aws_robomaker_residential_LightC_01/materials/textures/aws_LightC_01.png\n'}
[0.142733] (bopt_description) StdoutLine: {'line': b'-- Up-to-date symlink: /home/jkw/bopt_ws/install/bopt_description/share/bopt_description/models/aws_robomaker_residential_LightC_01/meshes/aws_LightC_01_collision.DAE\n'}
[0.142816] (bopt_description) StdoutLine: {'line': b'-- Up-to-date symlink: /home/jkw/bopt_ws/install/bopt_description/share/bopt_description/models/aws_robomaker_residential_LightC_01/meshes/aws_LightC_01_visual.DAE\n'}
[0.142868] (bopt_description) StdoutLine: {'line': b'-- Up-to-date symlink: /home/jkw/bopt_ws/install/bopt_description/share/bopt_description/models/aws_robomaker_residential_LightC_01/model.config\n'}
[0.142937] (bopt_description) StdoutLine: {'line': b'-- Up-to-date symlink: /home/jkw/bopt_ws/install/bopt_description/share/bopt_description/models/aws_robomaker_residential_LightC_01/model.sdf\n'}
[0.142999] (bopt_description) StdoutLine: {'line': b'-- Up-to-date symlink: /home/jkw/bopt_ws/install/bopt_description/share/bopt_description/models/aws_robomaker_residential_NightStand_01/materials/textures/aws_NightStand_01.png\n'}
[0.143043] (bopt_description) StdoutLine: {'line': b'-- Up-to-date symlink: /home/jkw/bopt_ws/install/bopt_description/share/bopt_description/models/aws_robomaker_residential_NightStand_01/meshes/aws_NightStand_01_collision.DAE\n'}
[0.143082] (bopt_description) StdoutLine: {'line': b'-- Up-to-date symlink: /home/jkw/bopt_ws/install/bopt_description/share/bopt_description/models/aws_robomaker_residential_NightStand_01/meshes/aws_NightStand_01_visual.DAE\n'}
[0.143124] (bopt_description) StdoutLine: {'line': b'-- Up-to-date symlink: /home/jkw/bopt_ws/install/bopt_description/share/bopt_description/models/aws_robomaker_residential_NightStand_01/model.config\n'}
[0.143164] (bopt_description) StdoutLine: {'line': b'-- Up-to-date symlink: /home/jkw/bopt_ws/install/bopt_description/share/bopt_description/models/aws_robomaker_residential_NightStand_01/model.sdf\n'}
[0.143204] (bopt_description) StdoutLine: {'line': b'-- Up-to-date symlink: /home/jkw/bopt_ws/install/bopt_description/share/bopt_description/models/aws_robomaker_residential_Pillow_01/materials/textures/aws_Pillow_01.png\n'}
[0.143241] (bopt_description) StdoutLine: {'line': b'-- Up-to-date symlink: /home/jkw/bopt_ws/install/bopt_description/share/bopt_description/models/aws_robomaker_residential_Pillow_01/meshes/aws_Pillow_01_collision.DAE\n'}
[0.143262] (bopt_description) StdoutLine: {'line': b'-- Up-to-date symlink: /home/jkw/bopt_ws/install/bopt_description/share/bopt_description/models/aws_robomaker_residential_Pillow_01/meshes/aws_Pillow_01_visual.DAE\n'}
[0.143282] (bopt_description) StdoutLine: {'line': b'-- Up-to-date symlink: /home/jkw/bopt_ws/install/bopt_description/share/bopt_description/models/aws_robomaker_residential_Pillow_01/model.config\n'}
[0.143298] (bopt_description) StdoutLine: {'line': b'-- Up-to-date symlink: /home/jkw/bopt_ws/install/bopt_description/share/bopt_description/models/aws_robomaker_residential_Pillow_01/model.sdf\n'}
[0.143315] (bopt_description) StdoutLine: {'line': b'-- Up-to-date symlink: /home/jkw/bopt_ws/install/bopt_description/share/bopt_description/models/aws_robomaker_residential_PortraitA_01/materials/textures/aws_PortraitA_01.png\n'}
[0.143332] (bopt_description) StdoutLine: {'line': b'-- Up-to-date symlink: /home/jkw/bopt_ws/install/bopt_description/share/bopt_description/models/aws_robomaker_residential_PortraitA_01/materials/textures/aws_PortraitA_02.png\n'}
[0.143356] (bopt_description) StdoutLine: {'line': b'-- Up-to-date symlink: /home/jkw/bopt_ws/install/bopt_description/share/bopt_description/models/aws_robomaker_residential_PortraitA_01/meshes/aws_PortraitA_01_collision.DAE\n'}
[0.143373] (bopt_description) StdoutLine: {'line': b'-- Up-to-date symlink: /home/jkw/bopt_ws/install/bopt_description/share/bopt_description/models/aws_robomaker_residential_PortraitA_01/meshes/aws_PortraitA_01_visual.DAE\n'}
[0.143394] (bopt_description) StdoutLine: {'line': b'-- Up-to-date symlink: /home/jkw/bopt_ws/install/bopt_description/share/bopt_description/models/aws_robomaker_residential_PortraitA_01/model.config\n'}
[0.143410] (bopt_description) StdoutLine: {'line': b'-- Up-to-date symlink: /home/jkw/bopt_ws/install/bopt_description/share/bopt_description/models/aws_robomaker_residential_PortraitA_01/model.sdf\n'}
[0.143434] (bopt_description) StdoutLine: {'line': b'-- Up-to-date symlink: /home/jkw/bopt_ws/install/bopt_description/share/bopt_description/models/aws_robomaker_residential_PortraitA_02/materials/textures/aws_PortraitA_01.png\n'}
[0.143452] (bopt_description) StdoutLine: {'line': b'-- Up-to-date symlink: /home/jkw/bopt_ws/install/bopt_description/share/bopt_description/models/aws_robomaker_residential_PortraitA_02/materials/textures/aws_PortraitA_02.png\n'}
[0.143473] (bopt_description) StdoutLine: {'line': b'-- Up-to-date symlink: /home/jkw/bopt_ws/install/bopt_description/share/bopt_description/models/aws_robomaker_residential_PortraitA_02/meshes/aws_PortraitA_01_collision.DAE\n'}
[0.143490] (bopt_description) StdoutLine: {'line': b'-- Up-to-date symlink: /home/jkw/bopt_ws/install/bopt_description/share/bopt_description/models/aws_robomaker_residential_PortraitA_02/meshes/aws_PortraitA_01_visual.DAE\n'}
[0.143511] (bopt_description) StdoutLine: {'line': b'-- Up-to-date symlink: /home/jkw/bopt_ws/install/bopt_description/share/bopt_description/models/aws_robomaker_residential_PortraitA_02/model.config\n'}
[0.143531] (bopt_description) StdoutLine: {'line': b'-- Up-to-date symlink: /home/jkw/bopt_ws/install/bopt_description/share/bopt_description/models/aws_robomaker_residential_PortraitA_02/model.sdf\n'}
[0.143548] (bopt_description) StdoutLine: {'line': b'-- Up-to-date symlink: /home/jkw/bopt_ws/install/bopt_description/share/bopt_description/models/aws_robomaker_residential_PortraitB_01/materials/textures/aws_PortraitB_01.png\n'}
[0.143572] (bopt_description) StdoutLine: {'line': b'-- Up-to-date symlink: /home/jkw/bopt_ws/install/bopt_description/share/bopt_description/models/aws_robomaker_residential_PortraitB_01/materials/textures/aws_PortraitB_02.png\n'}
[0.143591] (bopt_description) StdoutLine: {'line': b'-- Up-to-date symlink: /home/jkw/bopt_ws/install/bopt_description/share/bopt_description/models/aws_robomaker_residential_PortraitB_01/meshes/aws_PortraitB_01_collision.DAE\n'}
[0.143612] (bopt_description) StdoutLine: {'line': b'-- Up-to-date symlink: /home/jkw/bopt_ws/install/bopt_description/share/bopt_description/models/aws_robomaker_residential_PortraitB_01/meshes/aws_PortraitB_01_visual.DAE\n'}
[0.143636] (bopt_description) StdoutLine: {'line': b'-- Up-to-date symlink: /home/jkw/bopt_ws/install/bopt_description/share/bopt_description/models/aws_robomaker_residential_PortraitB_01/model.config\n'}
[0.143653] (bopt_description) StdoutLine: {'line': b'-- Up-to-date symlink: /home/jkw/bopt_ws/install/bopt_description/share/bopt_description/models/aws_robomaker_residential_PortraitB_01/model.sdf\n'}
[0.143669] (bopt_description) StdoutLine: {'line': b'-- Up-to-date symlink: /home/jkw/bopt_ws/install/bopt_description/share/bopt_description/models/aws_robomaker_residential_PortraitB_02/materials/textures/aws_PortraitB_01.png\n'}
[0.143685] (bopt_description) StdoutLine: {'line': b'-- Up-to-date symlink: /home/jkw/bopt_ws/install/bopt_description/share/bopt_description/models/aws_robomaker_residential_PortraitB_02/materials/textures/aws_PortraitB_02.png\n'}
[0.143705] (bopt_description) StdoutLine: {'line': b'-- Up-to-date symlink: /home/jkw/bopt_ws/install/bopt_description/share/bopt_description/models/aws_robomaker_residential_PortraitB_02/meshes/aws_PortraitB_01_collision.DAE\n'}
[0.143722] (bopt_description) StdoutLine: {'line': b'-- Up-to-date symlink: /home/jkw/bopt_ws/install/bopt_description/share/bopt_description/models/aws_robomaker_residential_PortraitB_02/meshes/aws_PortraitB_01_visual.DAE\n'}
[0.143743] (bopt_description) StdoutLine: {'line': b'-- Up-to-date symlink: /home/jkw/bopt_ws/install/bopt_description/share/bopt_description/models/aws_robomaker_residential_PortraitB_02/model.config\n'}
[0.143761] (bopt_description) StdoutLine: {'line': b'-- Up-to-date symlink: /home/jkw/bopt_ws/install/bopt_description/share/bopt_description/models/aws_robomaker_residential_PortraitB_02/model.sdf\n'}
[0.143777] (bopt_description) StdoutLine: {'line': b'-- Up-to-date symlink: /home/jkw/bopt_ws/install/bopt_description/share/bopt_description/models/aws_robomaker_residential_PortraitB_03/materials/textures/aws_PortraitB_01.png\n'}
[0.143809] (bopt_description) StdoutLine: {'line': b'-- Up-to-date symlink: /home/jkw/bopt_ws/install/bopt_description/share/bopt_description/models/aws_robomaker_residential_PortraitB_03/materials/textures/aws_PortraitB_02.png\n'}
[0.143826] (bopt_description) StdoutLine: {'line': b'-- Up-to-date symlink: /home/jkw/bopt_ws/install/bopt_description/share/bopt_description/models/aws_robomaker_residential_PortraitB_03/meshes/aws_PortraitB_01_collision.DAE\n'}
[0.143847] (bopt_description) StdoutLine: {'line': b'-- Up-to-date symlink: /home/jkw/bopt_ws/install/bopt_description/share/bopt_description/models/aws_robomaker_residential_PortraitB_03/meshes/aws_PortraitB_01_visual.DAE\n'}
[0.143868] (bopt_description) StdoutLine: {'line': b'-- Up-to-date symlink: /home/jkw/bopt_ws/install/bopt_description/share/bopt_description/models/aws_robomaker_residential_PortraitB_03/model.config\n'}
[0.143890] (bopt_description) StdoutLine: {'line': b'-- Up-to-date symlink: /home/jkw/bopt_ws/install/bopt_description/share/bopt_description/models/aws_robomaker_residential_PortraitB_03/model.sdf\n'}
[0.143905] (bopt_description) StdoutLine: {'line': b'-- Up-to-date symlink: /home/jkw/bopt_ws/install/bopt_description/share/bopt_description/models/aws_robomaker_residential_PortraitC_01/materials/textures/aws_PortraitC_01.png\n'}
[0.143928] (bopt_description) StdoutLine: {'line': b'-- Up-to-date symlink: /home/jkw/bopt_ws/install/bopt_description/share/bopt_description/models/aws_robomaker_residential_PortraitC_01/materials/textures/aws_PortraitC_02.png\n'}
[0.143949] (bopt_description) StdoutLine: {'line': b'-- Up-to-date symlink: /home/jkw/bopt_ws/install/bopt_description/share/bopt_description/models/aws_robomaker_residential_PortraitC_01/meshes/aws_PortraitC_01_collision.DAE\n'}
[0.143969] (bopt_description) StdoutLine: {'line': b'-- Up-to-date symlink: /home/jkw/bopt_ws/install/bopt_description/share/bopt_description/models/aws_robomaker_residential_PortraitC_01/meshes/aws_PortraitC_01_visual.DAE\n'}
[0.143985] (bopt_description) StdoutLine: {'line': b'-- Up-to-date symlink: /home/jkw/bopt_ws/install/bopt_description/share/bopt_description/models/aws_robomaker_residential_PortraitC_01/model.config\n'}
[0.144001] (bopt_description) StdoutLine: {'line': b'-- Up-to-date symlink: /home/jkw/bopt_ws/install/bopt_description/share/bopt_description/models/aws_robomaker_residential_PortraitC_01/model.sdf\n'}
[0.144022] (bopt_description) StdoutLine: {'line': b'-- Up-to-date symlink: /home/jkw/bopt_ws/install/bopt_description/share/bopt_description/models/aws_robomaker_residential_PortraitD_01/materials/textures/aws_PortraitD_01.png\n'}
[0.144042] (bopt_description) StdoutLine: {'line': b'-- Up-to-date symlink: /home/jkw/bopt_ws/install/bopt_description/share/bopt_description/models/aws_robomaker_residential_PortraitD_01/materials/textures/aws_PortraitD_02.png\n'}
[0.144059] (bopt_description) StdoutLine: {'line': b'-- Up-to-date symlink: /home/jkw/bopt_ws/install/bopt_description/share/bopt_description/models/aws_robomaker_residential_PortraitD_01/meshes/aws_PortraitD_01_collision.DAE\n'}
[0.144080] (bopt_description) StdoutLine: {'line': b'-- Up-to-date symlink: /home/jkw/bopt_ws/install/bopt_description/share/bopt_description/models/aws_robomaker_residential_PortraitD_01/meshes/aws_PortraitD_01_visual.DAE\n'}
[0.144100] (bopt_description) StdoutLine: {'line': b'-- Up-to-date symlink: /home/jkw/bopt_ws/install/bopt_description/share/bopt_description/models/aws_robomaker_residential_PortraitD_01/model.config\n'}
[0.144116] (bopt_description) StdoutLine: {'line': b'-- Up-to-date symlink: /home/jkw/bopt_ws/install/bopt_description/share/bopt_description/models/aws_robomaker_residential_PortraitD_01/model.sdf\n'}
[0.144133] (bopt_description) StdoutLine: {'line': b'-- Up-to-date symlink: /home/jkw/bopt_ws/install/bopt_description/share/bopt_description/models/aws_robomaker_residential_PortraitD_02/materials/textures/aws_PortraitD_01.png\n'}
[0.144150] (bopt_description) StdoutLine: {'line': b'-- Up-to-date symlink: /home/jkw/bopt_ws/install/bopt_description/share/bopt_description/models/aws_robomaker_residential_PortraitD_02/materials/textures/aws_PortraitD_02.png\n'}
[0.144170] (bopt_description) StdoutLine: {'line': b'-- Up-to-date symlink: /home/jkw/bopt_ws/install/bopt_description/share/bopt_description/models/aws_robomaker_residential_PortraitD_02/meshes/aws_PortraitD_01_collision.DAE\n'}
[0.144193] (bopt_description) StdoutLine: {'line': b'-- Up-to-date symlink: /home/jkw/bopt_ws/install/bopt_description/share/bopt_description/models/aws_robomaker_residential_PortraitD_02/meshes/aws_PortraitD_01_visual.DAE\n'}
[0.144214] (bopt_description) StdoutLine: {'line': b'-- Up-to-date symlink: /home/jkw/bopt_ws/install/bopt_description/share/bopt_description/models/aws_robomaker_residential_PortraitD_02/model.config\n'}
[0.144236] (bopt_description) StdoutLine: {'line': b'-- Up-to-date symlink: /home/jkw/bopt_ws/install/bopt_description/share/bopt_description/models/aws_robomaker_residential_PortraitD_02/model.sdf\n'}
[0.144257] (bopt_description) StdoutLine: {'line': b'-- Up-to-date symlink: /home/jkw/bopt_ws/install/bopt_description/share/bopt_description/models/aws_robomaker_residential_PortraitE_01/materials/textures/aws_PortraitE_01.png\n'}
[0.144277] (bopt_description) StdoutLine: {'line': b'-- Up-to-date symlink: /home/jkw/bopt_ws/install/bopt_description/share/bopt_description/models/aws_robomaker_residential_PortraitE_01/materials/textures/aws_PortraitE_02.png\n'}
[0.144298] (bopt_description) StdoutLine: {'line': b'-- Up-to-date symlink: /home/jkw/bopt_ws/install/bopt_description/share/bopt_description/models/aws_robomaker_residential_PortraitE_01/meshes/aws_PortraitE_01_collision.DAE\n'}
[0.144314] (bopt_description) StdoutLine: {'line': b'-- Up-to-date symlink: /home/jkw/bopt_ws/install/bopt_description/share/bopt_description/models/aws_robomaker_residential_PortraitE_01/meshes/aws_PortraitE_01_visual.DAE\n'}
[0.144331] (bopt_description) StdoutLine: {'line': b'-- Up-to-date symlink: /home/jkw/bopt_ws/install/bopt_description/share/bopt_description/models/aws_robomaker_residential_PortraitE_01/model.config\n'}
[0.144355] (bopt_description) StdoutLine: {'line': b'-- Up-to-date symlink: /home/jkw/bopt_ws/install/bopt_description/share/bopt_description/models/aws_robomaker_residential_PortraitE_01/model.sdf\n'}
[0.144377] (bopt_description) StdoutLine: {'line': b'-- Up-to-date symlink: /home/jkw/bopt_ws/install/bopt_description/share/bopt_description/models/aws_robomaker_residential_PortraitE_02/materials/textures/aws_PortraitE_01.png\n'}
[0.144399] (bopt_description) StdoutLine: {'line': b'-- Up-to-date symlink: /home/jkw/bopt_ws/install/bopt_description/share/bopt_description/models/aws_robomaker_residential_PortraitE_02/materials/textures/aws_PortraitE_02.png\n'}
[0.144428] (bopt_description) StdoutLine: {'line': b'-- Up-to-date symlink: /home/jkw/bopt_ws/install/bopt_description/share/bopt_description/models/aws_robomaker_residential_PortraitE_02/meshes/aws_PortraitE_01_collision.DAE\n'}
[0.144446] (bopt_description) StdoutLine: {'line': b'-- Up-to-date symlink: /home/jkw/bopt_ws/install/bopt_description/share/bopt_description/models/aws_robomaker_residential_PortraitE_02/meshes/aws_PortraitE_01_visual.DAE\n'}
[0.144467] (bopt_description) StdoutLine: {'line': b'-- Up-to-date symlink: /home/jkw/bopt_ws/install/bopt_description/share/bopt_description/models/aws_robomaker_residential_PortraitE_02/model.config\n'}
[0.144490] (bopt_description) StdoutLine: {'line': b'-- Up-to-date symlink: /home/jkw/bopt_ws/install/bopt_description/share/bopt_description/models/aws_robomaker_residential_PortraitE_02/model.sdf\n'}
[0.144514] (bopt_description) StdoutLine: {'line': b'-- Up-to-date symlink: /home/jkw/bopt_ws/install/bopt_description/share/bopt_description/models/aws_robomaker_residential_Quilt_01/materials/textures/aws_Quilt_01.png\n'}
[0.144537] (bopt_description) StdoutLine: {'line': b'-- Up-to-date symlink: /home/jkw/bopt_ws/install/bopt_description/share/bopt_description/models/aws_robomaker_residential_Quilt_01/meshes/aws_Quilt_01_collision.DAE\n'}
[0.144560] (bopt_description) StdoutLine: {'line': b'-- Up-to-date symlink: /home/jkw/bopt_ws/install/bopt_description/share/bopt_description/models/aws_robomaker_residential_Quilt_01/meshes/aws_Quilt_01_visual.DAE\n'}
[0.144584] (bopt_description) StdoutLine: {'line': b'-- Up-to-date symlink: /home/jkw/bopt_ws/install/bopt_description/share/bopt_description/models/aws_robomaker_residential_Quilt_01/model.config\n'}
[0.144607] (bopt_description) StdoutLine: {'line': b'-- Up-to-date symlink: /home/jkw/bopt_ws/install/bopt_description/share/bopt_description/models/aws_robomaker_residential_Quilt_01/model.sdf\n'}
[0.144653] (bopt_description) StdoutLine: {'line': b'-- Up-to-date symlink: /home/jkw/bopt_ws/install/bopt_description/share/bopt_description/models/aws_robomaker_residential_Rangehood_01/materials/textures/aws_Rangehood_01.png\n'}
[0.144697] (bopt_description) StdoutLine: {'line': b'-- Up-to-date symlink: /home/jkw/bopt_ws/install/bopt_description/share/bopt_description/models/aws_robomaker_residential_Rangehood_01/meshes/aws_Rangehood_01_collision.DAE\n'}
[0.144724] (bopt_description) StdoutLine: {'line': b'-- Up-to-date symlink: /home/jkw/bopt_ws/install/bopt_description/share/bopt_description/models/aws_robomaker_residential_Rangehood_01/meshes/aws_Rangehood_01_visual.DAE\n'}
[0.144750] (bopt_description) StdoutLine: {'line': b'-- Up-to-date symlink: /home/jkw/bopt_ws/install/bopt_description/share/bopt_description/models/aws_robomaker_residential_Rangehood_01/model.config\n'}
[0.144778] (bopt_description) StdoutLine: {'line': b'-- Up-to-date symlink: /home/jkw/bopt_ws/install/bopt_description/share/bopt_description/models/aws_robomaker_residential_Rangehood_01/model.sdf\n'}
[0.144804] (bopt_description) StdoutLine: {'line': b'-- Up-to-date symlink: /home/jkw/bopt_ws/install/bopt_description/share/bopt_description/models/aws_robomaker_residential_ReadingDesk_01/materials/textures/aws_ReadingDesk_01.png\n'}
[0.144830] (bopt_description) StdoutLine: {'line': b'-- Up-to-date symlink: /home/jkw/bopt_ws/install/bopt_description/share/bopt_description/models/aws_robomaker_residential_ReadingDesk_01/meshes/aws_ReadingDesk_01_collision.DAE\n'}
[0.144856] (bopt_description) StdoutLine: {'line': b'-- Up-to-date symlink: /home/jkw/bopt_ws/install/bopt_description/share/bopt_description/models/aws_robomaker_residential_ReadingDesk_01/meshes/aws_ReadingDesk_01_visual.DAE\n'}
[0.144879] (bopt_description) StdoutLine: {'line': b'-- Up-to-date symlink: /home/jkw/bopt_ws/install/bopt_description/share/bopt_description/models/aws_robomaker_residential_ReadingDesk_01/model.config\n'}
[0.144902] (bopt_description) StdoutLine: {'line': b'-- Up-to-date symlink: /home/jkw/bopt_ws/install/bopt_description/share/bopt_description/models/aws_robomaker_residential_ReadingDesk_01/model.sdf\n'}
[0.144927] (bopt_description) StdoutLine: {'line': b'-- Up-to-date symlink: /home/jkw/bopt_ws/install/bopt_description/share/bopt_description/models/aws_robomaker_residential_Refrigerator_01/materials/textures/aws_Refrigerator_01.png\n'}
[0.144951] (bopt_description) StdoutLine: {'line': b'-- Up-to-date symlink: /home/jkw/bopt_ws/install/bopt_description/share/bopt_description/models/aws_robomaker_residential_Refrigerator_01/materials/textures/aws_Refrigerator_02.png\n'}
[0.144975] (bopt_description) StdoutLine: {'line': b'-- Up-to-date symlink: /home/jkw/bopt_ws/install/bopt_description/share/bopt_description/models/aws_robomaker_residential_Refrigerator_01/meshes/aws_Refrigerator_01.DAE\n'}
[0.145000] (bopt_description) StdoutLine: {'line': b'-- Up-to-date symlink: /home/jkw/bopt_ws/install/bopt_description/share/bopt_description/models/aws_robomaker_residential_Refrigerator_01/meshes/aws_Refrigerator_01_collision.DAE\n'}
[0.145025] (bopt_description) StdoutLine: {'line': b'-- Up-to-date symlink: /home/jkw/bopt_ws/install/bopt_description/share/bopt_description/models/aws_robomaker_residential_Refrigerator_01/meshes/aws_Refrigerator_01_visual.DAE\n'}
[0.145050] (bopt_description) StdoutLine: {'line': b'-- Up-to-date symlink: /home/jkw/bopt_ws/install/bopt_description/share/bopt_description/models/aws_robomaker_residential_Refrigerator_01/model.config\n'}
[0.145074] (bopt_description) StdoutLine: {'line': b'-- Up-to-date symlink: /home/jkw/bopt_ws/install/bopt_description/share/bopt_description/models/aws_robomaker_residential_Refrigerator_01/model.sdf\n'}
[0.145096] (bopt_description) StdoutLine: {'line': b'-- Up-to-date symlink: /home/jkw/bopt_ws/install/bopt_description/share/bopt_description/models/aws_robomaker_residential_RoomCeiling_01/materials/textures/aws_RoomCeiling_01.png\n'}
[0.145121] (bopt_description) StdoutLine: {'line': b'-- Up-to-date symlink: /home/jkw/bopt_ws/install/bopt_description/share/bopt_description/models/aws_robomaker_residential_RoomCeiling_01/meshes/aws_RoomCeiling_01_collision.DAE\n'}
[0.145148] (bopt_description) StdoutLine: {'line': b'-- Up-to-date symlink: /home/jkw/bopt_ws/install/bopt_description/share/bopt_description/models/aws_robomaker_residential_RoomCeiling_01/meshes/aws_RoomCeiling_01_visual.DAE\n'}
[0.145174] (bopt_description) StdoutLine: {'line': b'-- Up-to-date symlink: /home/jkw/bopt_ws/install/bopt_description/share/bopt_description/models/aws_robomaker_residential_RoomCeiling_01/model.config\n'}
[0.145200] (bopt_description) StdoutLine: {'line': b'-- Up-to-date symlink: /home/jkw/bopt_ws/install/bopt_description/share/bopt_description/models/aws_robomaker_residential_RoomCeiling_01/model.sdf\n'}
[0.145228] (bopt_description) StdoutLine: {'line': b'-- Up-to-date symlink: /home/jkw/bopt_ws/install/bopt_description/share/bopt_description/models/aws_robomaker_residential_RoomWall_01/materials/textures/aws_RoomWall_01.png\n'}
[0.145256] (bopt_description) StdoutLine: {'line': b'-- Up-to-date symlink: /home/jkw/bopt_ws/install/bopt_description/share/bopt_description/models/aws_robomaker_residential_RoomWall_01/meshes/aws_RoomWall_01_collision.DAE\n'}
[0.145286] (bopt_description) StdoutLine: {'line': b'-- Up-to-date symlink: /home/jkw/bopt_ws/install/bopt_description/share/bopt_description/models/aws_robomaker_residential_RoomWall_01/meshes/aws_RoomWall_01_visual.DAE\n'}
[0.145309] (bopt_description) StdoutLine: {'line': b'-- Up-to-date symlink: /home/jkw/bopt_ws/install/bopt_description/share/bopt_description/models/aws_robomaker_residential_RoomWall_01/model.config\n'}
[0.145335] (bopt_description) StdoutLine: {'line': b'-- Up-to-date symlink: /home/jkw/bopt_ws/install/bopt_description/share/bopt_description/models/aws_robomaker_residential_RoomWall_01/model.sdf\n'}
[0.145362] (bopt_description) StdoutLine: {'line': b'-- Up-to-date symlink: /home/jkw/bopt_ws/install/bopt_description/share/bopt_description/models/aws_robomaker_residential_RoomWindow_01/materials/textures/aws_RoomWindow_01.png\n'}
[0.145389] (bopt_description) StdoutLine: {'line': b'-- Up-to-date symlink: /home/jkw/bopt_ws/install/bopt_description/share/bopt_description/models/aws_robomaker_residential_RoomWindow_01/meshes/aws_RoomWindow_01_collision.DAE\n'}
[0.145415] (bopt_description) StdoutLine: {'line': b'-- Up-to-date symlink: /home/jkw/bopt_ws/install/bopt_description/share/bopt_description/models/aws_robomaker_residential_RoomWindow_01/meshes/aws_RoomWindow_01_visual.DAE\n'}
[0.145441] (bopt_description) StdoutLine: {'line': b'-- Up-to-date symlink: /home/jkw/bopt_ws/install/bopt_description/share/bopt_description/models/aws_robomaker_residential_RoomWindow_01/model.config\n'}
[0.145467] (bopt_description) StdoutLine: {'line': b'-- Up-to-date symlink: /home/jkw/bopt_ws/install/bopt_description/share/bopt_description/models/aws_robomaker_residential_RoomWindow_01/model.sdf\n'}
[0.145496] (bopt_description) StdoutLine: {'line': b'-- Up-to-date symlink: /home/jkw/bopt_ws/install/bopt_description/share/bopt_description/models/aws_robomaker_residential_SeasoningBox_01/materials/textures/aws_SeasoningBox_01.png\n'}
[0.145526] (bopt_description) StdoutLine: {'line': b'-- Up-to-date symlink: /home/jkw/bopt_ws/install/bopt_description/share/bopt_description/models/aws_robomaker_residential_SeasoningBox_01/meshes/aws_SeasoningBox_01_collision.DAE\n'}
[0.145552] (bopt_description) StdoutLine: {'line': b'-- Up-to-date symlink: /home/jkw/bopt_ws/install/bopt_description/share/bopt_description/models/aws_robomaker_residential_SeasoningBox_01/meshes/aws_SeasoningBox_01_visual.DAE\n'}
[0.145578] (bopt_description) StdoutLine: {'line': b'-- Up-to-date symlink: /home/jkw/bopt_ws/install/bopt_description/share/bopt_description/models/aws_robomaker_residential_SeasoningBox_01/model.config\n'}
[0.145603] (bopt_description) StdoutLine: {'line': b'-- Up-to-date symlink: /home/jkw/bopt_ws/install/bopt_description/share/bopt_description/models/aws_robomaker_residential_SeasoningBox_01/model.sdf\n'}
[0.145634] (bopt_description) StdoutLine: {'line': b'-- Up-to-date symlink: /home/jkw/bopt_ws/install/bopt_description/share/bopt_description/models/aws_robomaker_residential_SecurityCamera_01/materials/textures/aws_SecurityCamera_01.png\n'}
[0.145663] (bopt_description) StdoutLine: {'line': b'-- Up-to-date symlink: /home/jkw/bopt_ws/install/bopt_description/share/bopt_description/models/aws_robomaker_residential_SecurityCamera_01/meshes/aws_SecurityCamera_01_collision.DAE\n'}
[0.145690] (bopt_description) StdoutLine: {'line': b'-- Up-to-date symlink: /home/jkw/bopt_ws/install/bopt_description/share/bopt_description/models/aws_robomaker_residential_SecurityCamera_01/meshes/aws_SecurityCamera_01_visual.DAE\n'}
[0.145722] (bopt_description) StdoutLine: {'line': b'-- Up-to-date symlink: /home/jkw/bopt_ws/install/bopt_description/share/bopt_description/models/aws_robomaker_residential_SecurityCamera_01/model.config\n'}
[0.145744] (bopt_description) StdoutLine: {'line': b'-- Up-to-date symlink: /home/jkw/bopt_ws/install/bopt_description/share/bopt_description/models/aws_robomaker_residential_SecurityCamera_01/model.sdf\n'}
[0.145770] (bopt_description) StdoutLine: {'line': b'-- Up-to-date symlink: /home/jkw/bopt_ws/install/bopt_description/share/bopt_description/models/aws_robomaker_residential_ShoeRack_01/materials/textures/aws_ShoeRack_01.png\n'}
[0.145800] (bopt_description) StdoutLine: {'line': b'-- Up-to-date symlink: /home/jkw/bopt_ws/install/bopt_description/share/bopt_description/models/aws_robomaker_residential_ShoeRack_01/meshes/aws_ShoeRack_01_collision.DAE\n'}
[0.145824] (bopt_description) StdoutLine: {'line': b'-- Up-to-date symlink: /home/jkw/bopt_ws/install/bopt_description/share/bopt_description/models/aws_robomaker_residential_ShoeRack_01/meshes/aws_ShoeRack_01_visual.DAE\n'}
[0.145850] (bopt_description) StdoutLine: {'line': b'-- Up-to-date symlink: /home/jkw/bopt_ws/install/bopt_description/share/bopt_description/models/aws_robomaker_residential_ShoeRack_01/model.config\n'}
[0.145933] (bopt_description) StdoutLine: {'line': b'-- Up-to-date symlink: /home/jkw/bopt_ws/install/bopt_description/share/bopt_description/models/aws_robomaker_residential_ShoeRack_01/model.sdf\n'}
[0.145973] (bopt_description) StdoutLine: {'line': b'-- Up-to-date symlink: /home/jkw/bopt_ws/install/bopt_description/share/bopt_description/models/aws_robomaker_residential_SofaB_01/materials/textures/aws_SofaB_01.png\n'}
[0.146000] (bopt_description) StdoutLine: {'line': b'-- Up-to-date symlink: /home/jkw/bopt_ws/install/bopt_description/share/bopt_description/models/aws_robomaker_residential_SofaB_01/meshes/aws_SofaB_01_collision.DAE\n'}
[0.146029] (bopt_description) StdoutLine: {'line': b'-- Up-to-date symlink: /home/jkw/bopt_ws/install/bopt_description/share/bopt_description/models/aws_robomaker_residential_SofaB_01/meshes/aws_SofaB_01_visual.DAE\n'}
[0.146057] (bopt_description) StdoutLine: {'line': b'-- Up-to-date symlink: /home/jkw/bopt_ws/install/bopt_description/share/bopt_description/models/aws_robomaker_residential_SofaB_01/model.config\n'}
[0.146085] (bopt_description) StdoutLine: {'line': b'-- Up-to-date symlink: /home/jkw/bopt_ws/install/bopt_description/share/bopt_description/models/aws_robomaker_residential_SofaB_01/model.sdf\n'}
[0.146112] (bopt_description) StdoutLine: {'line': b'-- Up-to-date symlink: /home/jkw/bopt_ws/install/bopt_description/share/bopt_description/models/aws_robomaker_residential_SofaC_01/materials/textures/aws_SofaC_01.png\n'}
[0.146140] (bopt_description) StdoutLine: {'line': b'-- Up-to-date symlink: /home/jkw/bopt_ws/install/bopt_description/share/bopt_description/models/aws_robomaker_residential_SofaC_01/meshes/aws_SofaC_01_collision.DAE\n'}
[0.146167] (bopt_description) StdoutLine: {'line': b'-- Up-to-date symlink: /home/jkw/bopt_ws/install/bopt_description/share/bopt_description/models/aws_robomaker_residential_SofaC_01/meshes/aws_SofaC_01_visual.DAE\n'}
[0.146195] (bopt_description) StdoutLine: {'line': b'-- Up-to-date symlink: /home/jkw/bopt_ws/install/bopt_description/share/bopt_description/models/aws_robomaker_residential_SofaC_01/model.config\n'}
[0.146219] (bopt_description) StdoutLine: {'line': b'-- Up-to-date symlink: /home/jkw/bopt_ws/install/bopt_description/share/bopt_description/models/aws_robomaker_residential_SofaC_01/model.sdf\n'}
[0.146248] (bopt_description) StdoutLine: {'line': b'-- Up-to-date symlink: /home/jkw/bopt_ws/install/bopt_description/share/bopt_description/models/aws_robomaker_residential_Sofa_01/materials/textures/aws_Sofa_01.png\n'}
[0.146277] (bopt_description) StdoutLine: {'line': b'-- Up-to-date symlink: /home/jkw/bopt_ws/install/bopt_description/share/bopt_description/models/aws_robomaker_residential_Sofa_01/meshes/aws_Sofa_01.DAE\n'}
[0.146301] (bopt_description) StdoutLine: {'line': b'-- Up-to-date symlink: /home/jkw/bopt_ws/install/bopt_description/share/bopt_description/models/aws_robomaker_residential_Sofa_01/meshes/aws_Sofa_01_collision.DAE\n'}
[0.146328] (bopt_description) StdoutLine: {'line': b'-- Up-to-date symlink: /home/jkw/bopt_ws/install/bopt_description/share/bopt_description/models/aws_robomaker_residential_Sofa_01/meshes/aws_Sofa_01_visual.DAE\n'}
[0.146354] (bopt_description) StdoutLine: {'line': b'-- Up-to-date symlink: /home/jkw/bopt_ws/install/bopt_description/share/bopt_description/models/aws_robomaker_residential_Sofa_01/model.config\n'}
[0.146379] (bopt_description) StdoutLine: {'line': b'-- Up-to-date symlink: /home/jkw/bopt_ws/install/bopt_description/share/bopt_description/models/aws_robomaker_residential_Sofa_01/model.sdf\n'}
[0.146408] (bopt_description) StdoutLine: {'line': b'-- Up-to-date symlink: /home/jkw/bopt_ws/install/bopt_description/share/bopt_description/models/aws_robomaker_residential_TVCabinet_01/materials/textures/aws_TVCabinet_01.png\n'}
[0.146438] (bopt_description) StdoutLine: {'line': b'-- Up-to-date symlink: /home/jkw/bopt_ws/install/bopt_description/share/bopt_description/models/aws_robomaker_residential_TVCabinet_01/meshes/aws_TVCabinet_01_collision.DAE\n'}
[0.146463] (bopt_description) StdoutLine: {'line': b'-- Up-to-date symlink: /home/jkw/bopt_ws/install/bopt_description/share/bopt_description/models/aws_robomaker_residential_TVCabinet_01/meshes/aws_TVCabinet_01_visual.DAE\n'}
[0.146494] (bopt_description) StdoutLine: {'line': b'-- Up-to-date symlink: /home/jkw/bopt_ws/install/bopt_description/share/bopt_description/models/aws_robomaker_residential_TVCabinet_01/model.config\n'}
[0.146524] (bopt_description) StdoutLine: {'line': b'-- Up-to-date symlink: /home/jkw/bopt_ws/install/bopt_description/share/bopt_description/models/aws_robomaker_residential_TVCabinet_01/model.sdf\n'}
[0.146548] (bopt_description) StdoutLine: {'line': b'-- Up-to-date symlink: /home/jkw/bopt_ws/install/bopt_description/share/bopt_description/models/aws_robomaker_residential_TV_01/materials/textures/aws_TV_01.png\n'}
[0.146576] (bopt_description) StdoutLine: {'line': b'-- Up-to-date symlink: /home/jkw/bopt_ws/install/bopt_description/share/bopt_description/models/aws_robomaker_residential_TV_01/meshes/aws_TV_01_collision.DAE\n'}
[0.146602] (bopt_description) StdoutLine: {'line': b'-- Up-to-date symlink: /home/jkw/bopt_ws/install/bopt_description/share/bopt_description/models/aws_robomaker_residential_TV_01/meshes/aws_TV_01_visual.DAE\n'}
[0.146658] (bopt_description) StdoutLine: {'line': b'-- Up-to-date symlink: /home/jkw/bopt_ws/install/bopt_description/share/bopt_description/models/aws_robomaker_residential_TV_01/model.config\n'}
[0.146783] (bopt_description) StdoutLine: {'line': b'-- Up-to-date symlink: /home/jkw/bopt_ws/install/bopt_description/share/bopt_description/models/aws_robomaker_residential_TV_01/model.sdf\n'}
[0.146814] (bopt_description) StdoutLine: {'line': b'-- Up-to-date symlink: /home/jkw/bopt_ws/install/bopt_description/share/bopt_description/models/aws_robomaker_residential_TV_02/materials/textures/aws_TV_01.png\n'}
[0.146838] (bopt_description) StdoutLine: {'line': b'-- Up-to-date symlink: /home/jkw/bopt_ws/install/bopt_description/share/bopt_description/models/aws_robomaker_residential_TV_02/meshes/aws_TV_01_collision.DAE\n'}
[0.146862] (bopt_description) StdoutLine: {'line': b'-- Up-to-date symlink: /home/jkw/bopt_ws/install/bopt_description/share/bopt_description/models/aws_robomaker_residential_TV_02/meshes/aws_TV_01_visual.DAE\n'}
[0.146915] (bopt_description) StdoutLine: {'line': b'-- Up-to-date symlink: /home/jkw/bopt_ws/install/bopt_description/share/bopt_description/models/aws_robomaker_residential_TV_02/model.config\n'}
[0.146940] (bopt_description) StdoutLine: {'line': b'-- Up-to-date symlink: /home/jkw/bopt_ws/install/bopt_description/share/bopt_description/models/aws_robomaker_residential_TV_02/model.sdf\n'}
[0.146978] (bopt_description) StdoutLine: {'line': b'-- Up-to-date symlink: /home/jkw/bopt_ws/install/bopt_description/share/bopt_description/models/aws_robomaker_residential_Tablet_01/materials/textures/aws_Tablet_01_nologo.png\n'}
[0.146999] (bopt_description) StdoutLine: {'line': b'-- Up-to-date symlink: /home/jkw/bopt_ws/install/bopt_description/share/bopt_description/models/aws_robomaker_residential_Tablet_01/meshes/aws_Tablet_01_collision.DAE\n'}
[0.147019] (bopt_description) StdoutLine: {'line': b'-- Up-to-date symlink: /home/jkw/bopt_ws/install/bopt_description/share/bopt_description/models/aws_robomaker_residential_Tablet_01/meshes/aws_Tablet_01_visual.DAE\n'}
[0.147039] (bopt_description) StdoutLine: {'line': b'-- Up-to-date symlink: /home/jkw/bopt_ws/install/bopt_description/share/bopt_description/models/aws_robomaker_residential_Tablet_01/model.config\n'}
[0.147058] (bopt_description) StdoutLine: {'line': b'-- Up-to-date symlink: /home/jkw/bopt_ws/install/bopt_description/share/bopt_description/models/aws_robomaker_residential_Tablet_01/model.sdf\n'}
[0.147075] (bopt_description) StdoutLine: {'line': b'-- Up-to-date symlink: /home/jkw/bopt_ws/install/bopt_description/share/bopt_description/models/aws_robomaker_residential_Tableware_01/materials/textures/aws_Tableware_01.png\n'}
[0.147109] (bopt_description) StdoutLine: {'line': b'-- Up-to-date symlink: /home/jkw/bopt_ws/install/bopt_description/share/bopt_description/models/aws_robomaker_residential_Tableware_01/meshes/aws_Tableware_01_collision.DAE\n'}
[0.147156] (bopt_description) StdoutLine: {'line': b'-- Up-to-date symlink: /home/jkw/bopt_ws/install/bopt_description/share/bopt_description/models/aws_robomaker_residential_Tableware_01/meshes/aws_Tableware_01_visual.DAE\n'}
[0.147177] (bopt_description) StdoutLine: {'line': b'-- Up-to-date symlink: /home/jkw/bopt_ws/install/bopt_description/share/bopt_description/models/aws_robomaker_residential_Tableware_01/model.config\n'}
[0.147196] (bopt_description) StdoutLine: {'line': b'-- Up-to-date symlink: /home/jkw/bopt_ws/install/bopt_description/share/bopt_description/models/aws_robomaker_residential_Tableware_01/model.sdf\n'}
[0.147215] (bopt_description) StdoutLine: {'line': b'-- Up-to-date symlink: /home/jkw/bopt_ws/install/bopt_description/share/bopt_description/models/aws_robomaker_residential_Trash_01/materials/textures/aws_Trash_01.png\n'}
[0.147233] (bopt_description) StdoutLine: {'line': b'-- Up-to-date symlink: /home/jkw/bopt_ws/install/bopt_description/share/bopt_description/models/aws_robomaker_residential_Trash_01/meshes/aws_Trash_01_collision.DAE\n'}
[0.147251] (bopt_description) StdoutLine: {'line': b'-- Up-to-date symlink: /home/jkw/bopt_ws/install/bopt_description/share/bopt_description/models/aws_robomaker_residential_Trash_01/meshes/aws_Trash_01_visual.DAE\n'}
[0.147284] (bopt_description) StdoutLine: {'line': b'-- Up-to-date symlink: /home/jkw/bopt_ws/install/bopt_description/share/bopt_description/models/aws_robomaker_residential_Trash_01/model.config\n'}
[0.147324] (bopt_description) StdoutLine: {'line': b'-- Up-to-date symlink: /home/jkw/bopt_ws/install/bopt_description/share/bopt_description/models/aws_robomaker_residential_Trash_01/model.sdf\n'}
[0.147360] (bopt_description) StdoutLine: {'line': b'-- Up-to-date symlink: /home/jkw/bopt_ws/install/bopt_description/share/bopt_description/models/aws_robomaker_residential_Vase_01/materials/textures/aws_Vase_01.png\n'}
[0.147379] (bopt_description) StdoutLine: {'line': b'-- Up-to-date symlink: /home/jkw/bopt_ws/install/bopt_description/share/bopt_description/models/aws_robomaker_residential_Vase_01/meshes/aws_Vase_01_collision.DAE\n'}
[0.147397] (bopt_description) StdoutLine: {'line': b'-- Up-to-date symlink: /home/jkw/bopt_ws/install/bopt_description/share/bopt_description/models/aws_robomaker_residential_Vase_01/meshes/aws_Vase_01_visual.DAE\n'}
[0.147415] (bopt_description) StdoutLine: {'line': b'-- Up-to-date symlink: /home/jkw/bopt_ws/install/bopt_description/share/bopt_description/models/aws_robomaker_residential_Vase_01/model.config\n'}
[0.147433] (bopt_description) StdoutLine: {'line': b'-- Up-to-date symlink: /home/jkw/bopt_ws/install/bopt_description/share/bopt_description/models/aws_robomaker_residential_Vase_01/model.sdf\n'}
[0.147465] (bopt_description) StdoutLine: {'line': b'-- Up-to-date symlink: /home/jkw/bopt_ws/install/bopt_description/share/bopt_description/models/aws_robomaker_residential_Wardrobe_01/materials/textures/aws_Wardrobe_01.png\n'}
[0.147509] (bopt_description) StdoutLine: {'line': b'-- Up-to-date symlink: /home/jkw/bopt_ws/install/bopt_description/share/bopt_description/models/aws_robomaker_residential_Wardrobe_01/meshes/aws_Wardrobe_01_collision.DAE\n'}
[0.147530] (bopt_description) StdoutLine: {'line': b'-- Up-to-date symlink: /home/jkw/bopt_ws/install/bopt_description/share/bopt_description/models/aws_robomaker_residential_Wardrobe_01/meshes/aws_Wardrobe_01_visual.DAE\n'}
[0.147548] (bopt_description) StdoutLine: {'line': b'-- Up-to-date symlink: /home/jkw/bopt_ws/install/bopt_description/share/bopt_description/models/aws_robomaker_residential_Wardrobe_01/model.config\n'}
[0.147566] (bopt_description) StdoutLine: {'line': b'-- Up-to-date symlink: /home/jkw/bopt_ws/install/bopt_description/share/bopt_description/models/aws_robomaker_residential_Wardrobe_01/model.sdf\n'}
[0.147583] (bopt_description) StdoutLine: {'line': b'-- Up-to-date symlink: /home/jkw/bopt_ws/install/bopt_description/share/bopt_description/models/aws_robomaker_warehouse_Bucket_01/.DS_Store\n'}
[0.147625] (bopt_description) StdoutLine: {'line': b'-- Up-to-date symlink: /home/jkw/bopt_ws/install/bopt_description/share/bopt_description/models/aws_robomaker_warehouse_Bucket_01/materials/.DS_Store\n'}
[0.147646] (bopt_description) StdoutLine: {'line': b'-- Up-to-date symlink: /home/jkw/bopt_ws/install/bopt_description/share/bopt_description/models/aws_robomaker_warehouse_Bucket_01/materials/textures/aws_robomaker_warehouse_Bucket_01.png\n'}
[0.147665] (bopt_description) StdoutLine: {'line': b'-- Up-to-date symlink: /home/jkw/bopt_ws/install/bopt_description/share/bopt_description/models/aws_robomaker_warehouse_Bucket_01/meshes/aws_robomaker_warehouse_Bucket_01_collision.DAE\n'}
[0.147684] (bopt_description) StdoutLine: {'line': b'-- Up-to-date symlink: /home/jkw/bopt_ws/install/bopt_description/share/bopt_description/models/aws_robomaker_warehouse_Bucket_01/meshes/aws_robomaker_warehouse_Bucket_01_visual.DAE\n'}
[0.147717] (bopt_description) StdoutLine: {'line': b'-- Up-to-date symlink: /home/jkw/bopt_ws/install/bopt_description/share/bopt_description/models/aws_robomaker_warehouse_Bucket_01/model.config\n'}
[0.147760] (bopt_description) StdoutLine: {'line': b'-- Up-to-date symlink: /home/jkw/bopt_ws/install/bopt_description/share/bopt_description/models/aws_robomaker_warehouse_Bucket_01/model.sdf\n'}
[0.147781] (bopt_description) StdoutLine: {'line': b'-- Up-to-date symlink: /home/jkw/bopt_ws/install/bopt_description/share/bopt_description/models/aws_robomaker_warehouse_ClutteringA_01/.DS_Store\n'}
[0.147800] (bopt_description) StdoutLine: {'line': b'-- Up-to-date symlink: /home/jkw/bopt_ws/install/bopt_description/share/bopt_description/models/aws_robomaker_warehouse_ClutteringA_01/materials/.DS_Store\n'}
[0.147818] (bopt_description) StdoutLine: {'line': b'-- Up-to-date symlink: /home/jkw/bopt_ws/install/bopt_description/share/bopt_description/models/aws_robomaker_warehouse_ClutteringA_01/materials/textures/.DS_Store\n'}
[0.147851] (bopt_description) StdoutLine: {'line': b'-- Up-to-date symlink: /home/jkw/bopt_ws/install/bopt_description/share/bopt_description/models/aws_robomaker_warehouse_ClutteringA_01/materials/textures/aws_robomaker_warehouse_ClutteringA_01.png\n'}
[0.147890] (bopt_description) StdoutLine: {'line': b'-- Up-to-date symlink: /home/jkw/bopt_ws/install/bopt_description/share/bopt_description/models/aws_robomaker_warehouse_ClutteringA_01/materials/textures/aws_robomaker_warehouse_ClutteringA_02.png\n'}
[0.147912] (bopt_description) StdoutLine: {'line': b'-- Up-to-date symlink: /home/jkw/bopt_ws/install/bopt_description/share/bopt_description/models/aws_robomaker_warehouse_ClutteringA_01/materials/textures/aws_robomaker_warehouse_ClutteringA_03.png\n'}
[0.147960] (bopt_description) StdoutLine: {'line': b'-- Up-to-date symlink: /home/jkw/bopt_ws/install/bopt_description/share/bopt_description/models/aws_robomaker_warehouse_ClutteringA_01/meshes/aws_robomaker_warehouse_ClutteringA_01_collision.DAE\n'}
[0.147980] (bopt_description) StdoutLine: {'line': b'-- Up-to-date symlink: /home/jkw/bopt_ws/install/bopt_description/share/bopt_description/models/aws_robomaker_warehouse_ClutteringA_01/meshes/aws_robomaker_warehouse_ClutteringA_01_visual.DAE\n'}
[0.147999] (bopt_description) StdoutLine: {'line': b'-- Up-to-date symlink: /home/jkw/bopt_ws/install/bopt_description/share/bopt_description/models/aws_robomaker_warehouse_ClutteringA_01/model.config\n'}
[0.148017] (bopt_description) StdoutLine: {'line': b'-- Up-to-date symlink: /home/jkw/bopt_ws/install/bopt_description/share/bopt_description/models/aws_robomaker_warehouse_ClutteringA_01/model.sdf\n'}
[0.148051] (bopt_description) StdoutLine: {'line': b'-- Up-to-date symlink: /home/jkw/bopt_ws/install/bopt_description/share/bopt_description/models/aws_robomaker_warehouse_ClutteringC_01/materials/textures/aws_robomaker_warehouse_ClutteringC_01.png\n'}
[0.148095] (bopt_description) StdoutLine: {'line': b'-- Up-to-date symlink: /home/jkw/bopt_ws/install/bopt_description/share/bopt_description/models/aws_robomaker_warehouse_ClutteringC_01/materials/textures/aws_robomaker_warehouse_ClutteringC_02.png\n'}
[0.148116] (bopt_description) StdoutLine: {'line': b'-- Up-to-date symlink: /home/jkw/bopt_ws/install/bopt_description/share/bopt_description/models/aws_robomaker_warehouse_ClutteringC_01/meshes/aws_robomaker_warehouse_ClutteringC_01_collision.DAE\n'}
[0.148134] (bopt_description) StdoutLine: {'line': b'-- Up-to-date symlink: /home/jkw/bopt_ws/install/bopt_description/share/bopt_description/models/aws_robomaker_warehouse_ClutteringC_01/meshes/aws_robomaker_warehouse_ClutteringC_01_visual.DAE\n'}
[0.148152] (bopt_description) StdoutLine: {'line': b'-- Up-to-date symlink: /home/jkw/bopt_ws/install/bopt_description/share/bopt_description/models/aws_robomaker_warehouse_ClutteringC_01/model.config\n'}
[0.148186] (bopt_description) StdoutLine: {'line': b'-- Up-to-date symlink: /home/jkw/bopt_ws/install/bopt_description/share/bopt_description/models/aws_robomaker_warehouse_ClutteringC_01/model.sdf\n'}
[0.148227] (bopt_description) StdoutLine: {'line': b'-- Up-to-date symlink: /home/jkw/bopt_ws/install/bopt_description/share/bopt_description/models/aws_robomaker_warehouse_ClutteringD_01/materials/textures/aws_robomaker_warehouse_ClutteringD_01.png\n'}
[0.148248] (bopt_description) StdoutLine: {'line': b'-- Up-to-date symlink: /home/jkw/bopt_ws/install/bopt_description/share/bopt_description/models/aws_robomaker_warehouse_ClutteringD_01/materials/textures/aws_robomaker_warehouse_ClutteringD_02.png\n'}
[0.148267] (bopt_description) StdoutLine: {'line': b'-- Up-to-date symlink: /home/jkw/bopt_ws/install/bopt_description/share/bopt_description/models/aws_robomaker_warehouse_ClutteringD_01/meshes/aws_robomaker_warehouse_ClutteringD_01_collision.DAE\n'}
[0.148299] (bopt_description) StdoutLine: {'line': b'-- Up-to-date symlink: /home/jkw/bopt_ws/install/bopt_description/share/bopt_description/models/aws_robomaker_warehouse_ClutteringD_01/meshes/aws_robomaker_warehouse_ClutteringD_01_visual.DAE\n'}
[0.148344] (bopt_description) StdoutLine: {'line': b'-- Up-to-date symlink: /home/jkw/bopt_ws/install/bopt_description/share/bopt_description/models/aws_robomaker_warehouse_ClutteringD_01/model.config\n'}
[0.148363] (bopt_description) StdoutLine: {'line': b'-- Up-to-date symlink: /home/jkw/bopt_ws/install/bopt_description/share/bopt_description/models/aws_robomaker_warehouse_ClutteringD_01/model.sdf\n'}
[0.148382] (bopt_description) StdoutLine: {'line': b'-- Up-to-date symlink: /home/jkw/bopt_ws/install/bopt_description/share/bopt_description/models/aws_robomaker_warehouse_DeskC_01/materials/.DS_Store\n'}
[0.148400] (bopt_description) StdoutLine: {'line': b'-- Up-to-date symlink: /home/jkw/bopt_ws/install/bopt_description/share/bopt_description/models/aws_robomaker_warehouse_DeskC_01/materials/textures/aws_robomaker_warehouse_DeskC_01.png\n'}
[0.148438] (bopt_description) StdoutLine: {'line': b'-- Up-to-date symlink: /home/jkw/bopt_ws/install/bopt_description/share/bopt_description/models/aws_robomaker_warehouse_DeskC_01/materials/textures/aws_robomaker_warehouse_DeskC_02.png\n'}
[0.148456] (bopt_description) StdoutLine: {'line': b'-- Up-to-date symlink: /home/jkw/bopt_ws/install/bopt_description/share/bopt_description/models/aws_robomaker_warehouse_DeskC_01/materials/textures/aws_robomaker_warehouse_DeskC_03.png\n'}
[0.148475] (bopt_description) StdoutLine: {'line': b'-- Up-to-date symlink: /home/jkw/bopt_ws/install/bopt_description/share/bopt_description/models/aws_robomaker_warehouse_DeskC_01/materials/textures/aws_robomaker_warehouse_DeskC_03.psd\n'}
[0.148493] (bopt_description) StdoutLine: {'line': b'-- Up-to-date symlink: /home/jkw/bopt_ws/install/bopt_description/share/bopt_description/models/aws_robomaker_warehouse_DeskC_01/materials/textures/aws_robomaker_warehouse_DeskC_04.png\n'}
[0.148528] (bopt_description) StdoutLine: {'line': b'-- Up-to-date symlink: /home/jkw/bopt_ws/install/bopt_description/share/bopt_description/models/aws_robomaker_warehouse_DeskC_01/meshes/aws_robomaker_warehouse_DeskC_01_collision.DAE\n'}
[0.148572] (bopt_description) StdoutLine: {'line': b'-- Up-to-date symlink: /home/jkw/bopt_ws/install/bopt_description/share/bopt_description/models/aws_robomaker_warehouse_DeskC_01/meshes/aws_robomaker_warehouse_DeskC_01_visual.DAE\n'}
[0.148593] (bopt_description) StdoutLine: {'line': b'-- Up-to-date symlink: /home/jkw/bopt_ws/install/bopt_description/share/bopt_description/models/aws_robomaker_warehouse_DeskC_01/model.config\n'}
[0.148613] (bopt_description) StdoutLine: {'line': b'-- Up-to-date symlink: /home/jkw/bopt_ws/install/bopt_description/share/bopt_description/models/aws_robomaker_warehouse_DeskC_01/model.sdf\n'}
[0.148641] (bopt_description) StdoutLine: {'line': b'-- Up-to-date symlink: /home/jkw/bopt_ws/install/bopt_description/share/bopt_description/models/aws_robomaker_warehouse_GroundB_01/materials/textures/aws_robomaker_warehouse_GroundB_01.png\n'}
[0.148682] (bopt_description) StdoutLine: {'line': b'-- Up-to-date symlink: /home/jkw/bopt_ws/install/bopt_description/share/bopt_description/models/aws_robomaker_warehouse_GroundB_01/materials/textures/aws_robomaker_warehouse_GroundB_02.png\n'}
[0.148735] (bopt_description) StdoutLine: {'line': b'-- Up-to-date symlink: /home/jkw/bopt_ws/install/bopt_description/share/bopt_description/models/aws_robomaker_warehouse_GroundB_01/meshes/aws_robomaker_warehouse_GroundB_01_collision.DAE\n'}
[0.148757] (bopt_description) StdoutLine: {'line': b'-- Up-to-date symlink: /home/jkw/bopt_ws/install/bopt_description/share/bopt_description/models/aws_robomaker_warehouse_GroundB_01/meshes/aws_robomaker_warehouse_GroundB_01_visual.DAE\n'}
[0.148776] (bopt_description) StdoutLine: {'line': b'-- Up-to-date symlink: /home/jkw/bopt_ws/install/bopt_description/share/bopt_description/models/aws_robomaker_warehouse_GroundB_01/model.config\n'}
[0.148795] (bopt_description) StdoutLine: {'line': b'-- Up-to-date symlink: /home/jkw/bopt_ws/install/bopt_description/share/bopt_description/models/aws_robomaker_warehouse_GroundB_01/model.sdf\n'}
[0.148813] (bopt_description) StdoutLine: {'line': b'-- Up-to-date symlink: /home/jkw/bopt_ws/install/bopt_description/share/bopt_description/models/aws_robomaker_warehouse_Lamp_01/materials/textures/aws_robomaker_warehouse_Lamp_01.png\n'}
[0.148847] (bopt_description) StdoutLine: {'line': b'-- Up-to-date symlink: /home/jkw/bopt_ws/install/bopt_description/share/bopt_description/models/aws_robomaker_warehouse_Lamp_01/meshes/aws_robomaker_warehouse_Lamp_01_collision.DAE\n'}
[0.148893] (bopt_description) StdoutLine: {'line': b'-- Up-to-date symlink: /home/jkw/bopt_ws/install/bopt_description/share/bopt_description/models/aws_robomaker_warehouse_Lamp_01/meshes/aws_robomaker_warehouse_Lamp_01_visual.DAE\n'}
[0.148914] (bopt_description) StdoutLine: {'line': b'-- Up-to-date symlink: /home/jkw/bopt_ws/install/bopt_description/share/bopt_description/models/aws_robomaker_warehouse_Lamp_01/model.config\n'}
[0.148933] (bopt_description) StdoutLine: {'line': b'-- Up-to-date symlink: /home/jkw/bopt_ws/install/bopt_description/share/bopt_description/models/aws_robomaker_warehouse_Lamp_01/model.sdf\n'}
[0.148952] (bopt_description) StdoutLine: {'line': b'-- Up-to-date symlink: /home/jkw/bopt_ws/install/bopt_description/share/bopt_description/models/aws_robomaker_warehouse_PalletJackB_01/.DS_Store\n'}
[0.148970] (bopt_description) StdoutLine: {'line': b'-- Up-to-date symlink: /home/jkw/bopt_ws/install/bopt_description/share/bopt_description/models/aws_robomaker_warehouse_PalletJackB_01/materials/.DS_Store\n'}
[0.149004] (bopt_description) StdoutLine: {'line': b'-- Up-to-date symlink: /home/jkw/bopt_ws/install/bopt_description/share/bopt_description/models/aws_robomaker_warehouse_PalletJackB_01/materials/textures/aws_robomaker_warehouse_PalletJackB_01.png\n'}
[0.149048] (bopt_description) StdoutLine: {'line': b'-- Up-to-date symlink: /home/jkw/bopt_ws/install/bopt_description/share/bopt_description/models/aws_robomaker_warehouse_PalletJackB_01/materials/textures/aws_robomaker_warehouse_PalletJackB_02.png\n'}
[0.149067] (bopt_description) StdoutLine: {'line': b'-- Up-to-date symlink: /home/jkw/bopt_ws/install/bopt_description/share/bopt_description/models/aws_robomaker_warehouse_PalletJackB_01/meshes/aws_robomaker_warehouse_PalletJackB_01_collision.DAE\n'}
[0.149085] (bopt_description) StdoutLine: {'line': b'-- Up-to-date symlink: /home/jkw/bopt_ws/install/bopt_description/share/bopt_description/models/aws_robomaker_warehouse_PalletJackB_01/meshes/aws_robomaker_warehouse_PalletJackB_01_visual.DAE\n'}
[0.149103] (bopt_description) StdoutLine: {'line': b'-- Up-to-date symlink: /home/jkw/bopt_ws/install/bopt_description/share/bopt_description/models/aws_robomaker_warehouse_PalletJackB_01/model.config\n'}
[0.149122] (bopt_description) StdoutLine: {'line': b'-- Up-to-date symlink: /home/jkw/bopt_ws/install/bopt_description/share/bopt_description/models/aws_robomaker_warehouse_PalletJackB_01/model.sdf\n'}
[0.149155] (bopt_description) StdoutLine: {'line': b'-- Up-to-date symlink: /home/jkw/bopt_ws/install/bopt_description/share/bopt_description/models/aws_robomaker_warehouse_RoofB_01/materials/textures/aws_robomaker_warehouse_RoofB_01.png\n'}
[0.149200] (bopt_description) StdoutLine: {'line': b'-- Up-to-date symlink: /home/jkw/bopt_ws/install/bopt_description/share/bopt_description/models/aws_robomaker_warehouse_RoofB_01/meshes/aws_robomaker_warehouse_RoofB_01_collision.DAE\n'}
[0.149220] (bopt_description) StdoutLine: {'line': b'-- Up-to-date symlink: /home/jkw/bopt_ws/install/bopt_description/share/bopt_description/models/aws_robomaker_warehouse_RoofB_01/meshes/aws_robomaker_warehouse_RoofB_01_visual.DAE\n'}
[0.149239] (bopt_description) StdoutLine: {'line': b'-- Up-to-date symlink: /home/jkw/bopt_ws/install/bopt_description/share/bopt_description/models/aws_robomaker_warehouse_RoofB_01/model.config\n'}
[0.149277] (bopt_description) StdoutLine: {'line': b'-- Up-to-date symlink: /home/jkw/bopt_ws/install/bopt_description/share/bopt_description/models/aws_robomaker_warehouse_RoofB_01/model.sdf\n'}
[0.149295] (bopt_description) StdoutLine: {'line': b'-- Up-to-date symlink: /home/jkw/bopt_ws/install/bopt_description/share/bopt_description/models/aws_robomaker_warehouse_ShelfD_01/materials/textures/aws_robomaker_warehouse_ShelfD_01.png\n'}
[0.149313] (bopt_description) StdoutLine: {'line': b'-- Up-to-date symlink: /home/jkw/bopt_ws/install/bopt_description/share/bopt_description/models/aws_robomaker_warehouse_ShelfD_01/materials/textures/aws_robomaker_warehouse_ShelfD_02.png\n'}
[0.149331] (bopt_description) StdoutLine: {'line': b'-- Up-to-date symlink: /home/jkw/bopt_ws/install/bopt_description/share/bopt_description/models/aws_robomaker_warehouse_ShelfD_01/materials/textures/aws_robomaker_warehouse_ShelfD_03.png\n'}
[0.149366] (bopt_description) StdoutLine: {'line': b'-- Up-to-date symlink: /home/jkw/bopt_ws/install/bopt_description/share/bopt_description/models/aws_robomaker_warehouse_ShelfD_01/materials/textures/aws_robomaker_warehouse_ShelfD_04.png\n'}
[0.149385] (bopt_description) StdoutLine: {'line': b'-- Up-to-date symlink: /home/jkw/bopt_ws/install/bopt_description/share/bopt_description/models/aws_robomaker_warehouse_ShelfD_01/meshes/aws_robomaker_warehouse_ShelfD_01_collision.DAE\n'}
[0.149403] (bopt_description) StdoutLine: {'line': b'-- Up-to-date symlink: /home/jkw/bopt_ws/install/bopt_description/share/bopt_description/models/aws_robomaker_warehouse_ShelfD_01/meshes/aws_robomaker_warehouse_ShelfD_01_visual.DAE\n'}
[0.149437] (bopt_description) StdoutLine: {'line': b'-- Up-to-date symlink: /home/jkw/bopt_ws/install/bopt_description/share/bopt_description/models/aws_robomaker_warehouse_ShelfD_01/model.config\n'}
[0.149480] (bopt_description) StdoutLine: {'line': b'-- Up-to-date symlink: /home/jkw/bopt_ws/install/bopt_description/share/bopt_description/models/aws_robomaker_warehouse_ShelfD_01/model.sdf\n'}
[0.149501] (bopt_description) StdoutLine: {'line': b'-- Up-to-date symlink: /home/jkw/bopt_ws/install/bopt_description/share/bopt_description/models/aws_robomaker_warehouse_ShelfE_01/.DS_Store\n'}
[0.149519] (bopt_description) StdoutLine: {'line': b'-- Up-to-date symlink: /home/jkw/bopt_ws/install/bopt_description/share/bopt_description/models/aws_robomaker_warehouse_ShelfE_01/materials/.DS_Store\n'}
[0.149552] (bopt_description) StdoutLine: {'line': b'-- Up-to-date symlink: /home/jkw/bopt_ws/install/bopt_description/share/bopt_description/models/aws_robomaker_warehouse_ShelfE_01/materials/textures/aws_robomaker_warehouse_ShelfE_01.png\n'}
[0.149595] (bopt_description) StdoutLine: {'line': b'-- Up-to-date symlink: /home/jkw/bopt_ws/install/bopt_description/share/bopt_description/models/aws_robomaker_warehouse_ShelfE_01/materials/textures/aws_robomaker_warehouse_ShelfE_02.png\n'}
[0.149616] (bopt_description) StdoutLine: {'line': b'-- Up-to-date symlink: /home/jkw/bopt_ws/install/bopt_description/share/bopt_description/models/aws_robomaker_warehouse_ShelfE_01/materials/textures/aws_robomaker_warehouse_ShelfE_03.png\n'}
[0.149637] (bopt_description) StdoutLine: {'line': b'-- Up-to-date symlink: /home/jkw/bopt_ws/install/bopt_description/share/bopt_description/models/aws_robomaker_warehouse_ShelfE_01/materials/textures/aws_robomaker_warehouse_ShelfE_04.png\n'}
[0.149671] (bopt_description) StdoutLine: {'line': b'-- Up-to-date symlink: /home/jkw/bopt_ws/install/bopt_description/share/bopt_description/models/aws_robomaker_warehouse_ShelfE_01/meshes/aws_robomaker_warehouse_ShelfE_01_collision.DAE\n'}
[0.149714] (bopt_description) StdoutLine: {'line': b'-- Up-to-date symlink: /home/jkw/bopt_ws/install/bopt_description/share/bopt_description/models/aws_robomaker_warehouse_ShelfE_01/meshes/aws_robomaker_warehouse_ShelfE_01_visual.DAE\n'}
[0.149733] (bopt_description) StdoutLine: {'line': b'-- Up-to-date symlink: /home/jkw/bopt_ws/install/bopt_description/share/bopt_description/models/aws_robomaker_warehouse_ShelfE_01/model.config\n'}
[0.149751] (bopt_description) StdoutLine: {'line': b'-- Up-to-date symlink: /home/jkw/bopt_ws/install/bopt_description/share/bopt_description/models/aws_robomaker_warehouse_ShelfE_01/model.sdf\n'}
[0.149770] (bopt_description) StdoutLine: {'line': b'-- Up-to-date symlink: /home/jkw/bopt_ws/install/bopt_description/share/bopt_description/models/aws_robomaker_warehouse_ShelfF_01/materials/textures/aws_robomaker_warehouse_ShelfF_01.png\n'}
[0.149803] (bopt_description) StdoutLine: {'line': b'-- Up-to-date symlink: /home/jkw/bopt_ws/install/bopt_description/share/bopt_description/models/aws_robomaker_warehouse_ShelfF_01/materials/textures/aws_robomaker_warehouse_ShelfF_02.png\n'}
[0.149845] (bopt_description) StdoutLine: {'line': b'-- Up-to-date symlink: /home/jkw/bopt_ws/install/bopt_description/share/bopt_description/models/aws_robomaker_warehouse_ShelfF_01/materials/textures/aws_robomaker_warehouse_ShelfF_03.png\n'}
[0.149865] (bopt_description) StdoutLine: {'line': b'-- Up-to-date symlink: /home/jkw/bopt_ws/install/bopt_description/share/bopt_description/models/aws_robomaker_warehouse_ShelfF_01/meshes/aws_robomaker_warehouse_ShelfF_01_collision.DAE\n'}
[0.149883] (bopt_description) StdoutLine: {'line': b'-- Up-to-date symlink: /home/jkw/bopt_ws/install/bopt_description/share/bopt_description/models/aws_robomaker_warehouse_ShelfF_01/meshes/aws_robomaker_warehouse_ShelfF_01_visual.DAE\n'}
[0.149920] (bopt_description) StdoutLine: {'line': b'-- Up-to-date symlink: /home/jkw/bopt_ws/install/bopt_description/share/bopt_description/models/aws_robomaker_warehouse_ShelfF_01/model.config\n'}
[0.149939] (bopt_description) StdoutLine: {'line': b'-- Up-to-date symlink: /home/jkw/bopt_ws/install/bopt_description/share/bopt_description/models/aws_robomaker_warehouse_ShelfF_01/model.sdf\n'}
[0.149972] (bopt_description) StdoutLine: {'line': b'-- Up-to-date symlink: /home/jkw/bopt_ws/install/bopt_description/share/bopt_description/models/aws_robomaker_warehouse_TrashCanC_01/materials/textures/aws_robomaker_warehouse_TrashCanC_01.png\n'}
[0.150015] (bopt_description) StdoutLine: {'line': b'-- Up-to-date symlink: /home/jkw/bopt_ws/install/bopt_description/share/bopt_description/models/aws_robomaker_warehouse_TrashCanC_01/meshes/aws_robomaker_warehouse_TrashCanC_01_collision.DAE\n'}
[0.150035] (bopt_description) StdoutLine: {'line': b'-- Up-to-date symlink: /home/jkw/bopt_ws/install/bopt_description/share/bopt_description/models/aws_robomaker_warehouse_TrashCanC_01/meshes/aws_robomaker_warehouse_TrashCanC_01_visual.DAE\n'}
[0.150053] (bopt_description) StdoutLine: {'line': b'-- Up-to-date symlink: /home/jkw/bopt_ws/install/bopt_description/share/bopt_description/models/aws_robomaker_warehouse_TrashCanC_01/model.config\n'}
[0.150086] (bopt_description) StdoutLine: {'line': b'-- Up-to-date symlink: /home/jkw/bopt_ws/install/bopt_description/share/bopt_description/models/aws_robomaker_warehouse_TrashCanC_01/model.sdf\n'}
[0.150129] (bopt_description) StdoutLine: {'line': b'-- Up-to-date symlink: /home/jkw/bopt_ws/install/bopt_description/share/bopt_description/models/aws_robomaker_warehouse_WallB_01/materials/textures/aws_robomaker_warehouse_WallB_01.png\n'}
[0.150151] (bopt_description) StdoutLine: {'line': b'-- Up-to-date symlink: /home/jkw/bopt_ws/install/bopt_description/share/bopt_description/models/aws_robomaker_warehouse_WallB_01/meshes/aws_robomaker_warehouse_WallB_01_collision.DAE\n'}
[0.150169] (bopt_description) StdoutLine: {'line': b'-- Up-to-date symlink: /home/jkw/bopt_ws/install/bopt_description/share/bopt_description/models/aws_robomaker_warehouse_WallB_01/meshes/aws_robomaker_warehouse_WallB_01_visual.DAE\n'}
[0.150202] (bopt_description) StdoutLine: {'line': b'-- Up-to-date symlink: /home/jkw/bopt_ws/install/bopt_description/share/bopt_description/models/aws_robomaker_warehouse_WallB_01/model.config\n'}
[0.150247] (bopt_description) StdoutLine: {'line': b'-- Up-to-date symlink: /home/jkw/bopt_ws/install/bopt_description/share/bopt_description/models/aws_robomaker_warehouse_WallB_01/model.sdf\n'}
[0.150265] (bopt_description) StdoutLine: {'line': b'-- Up-to-date symlink: /home/jkw/bopt_ws/install/bopt_description/share/bopt_description/models/heightmap/.model.sdf.swp\n'}
[0.150284] (bopt_description) StdoutLine: {'line': b'-- Up-to-date symlink: /home/jkw/bopt_ws/install/bopt_description/share/bopt_description/models/heightmap/MSEL_ign.png\n'}
[0.150302] (bopt_description) StdoutLine: {'line': b'-- Up-to-date symlink: /home/jkw/bopt_ws/install/bopt_description/share/bopt_description/models/heightmap/materials/textures/MSEL - WORLD.dae\n'}
[0.150335] (bopt_description) StdoutLine: {'line': b'-- Up-to-date symlink: /home/jkw/bopt_ws/install/bopt_description/share/bopt_description/models/heightmap/materials/textures/MSEL-e.png\n'}
[0.150380] (bopt_description) StdoutLine: {'line': b'-- Up-to-date symlink: /home/jkw/bopt_ws/install/bopt_description/share/bopt_description/models/heightmap/materials/textures/MSEL-e1.png\n'}
[0.150399] (bopt_description) StdoutLine: {'line': b'-- Up-to-date symlink: /home/jkw/bopt_ws/install/bopt_description/share/bopt_description/models/heightmap/materials/textures/MSEL-e2.png\n'}
[0.150417] (bopt_description) StdoutLine: {'line': b'-- Up-to-date symlink: /home/jkw/bopt_ws/install/bopt_description/share/bopt_description/models/heightmap/materials/textures/MSEL-e3.png\n'}
[0.150451] (bopt_description) StdoutLine: {'line': b'-- Up-to-date symlink: /home/jkw/bopt_ws/install/bopt_description/share/bopt_description/models/heightmap/materials/textures/MSEL-e4.png\n'}
[0.150470] (bopt_description) StdoutLine: {'line': b'-- Up-to-date symlink: /home/jkw/bopt_ws/install/bopt_description/share/bopt_description/models/heightmap/materials/textures/MSEL.png\n'}
[0.150488] (bopt_description) StdoutLine: {'line': b'-- Up-to-date symlink: /home/jkw/bopt_ws/install/bopt_description/share/bopt_description/models/heightmap/materials/textures/MSEL_World_01.png\n'}
[0.150522] (bopt_description) StdoutLine: {'line': b'-- Up-to-date symlink: /home/jkw/bopt_ws/install/bopt_description/share/bopt_description/models/heightmap/materials/textures/MSEL_color.jpg\n'}
[0.150562] (bopt_description) StdoutLine: {'line': b'-- Up-to-date symlink: /home/jkw/bopt_ws/install/bopt_description/share/bopt_description/models/heightmap/materials/textures/MSEL_gz.png\n'}
[0.150580] (bopt_description) StdoutLine: {'line': b'-- Up-to-date symlink: /home/jkw/bopt_ws/install/bopt_description/share/bopt_description/models/heightmap/materials/textures/MSEL_ign.png\n'}
[0.150598] (bopt_description) StdoutLine: {'line': b'-- Up-to-date symlink: /home/jkw/bopt_ws/install/bopt_description/share/bopt_description/models/heightmap/materials/textures/MSEL_ign_fixed.png\n'}
[0.150638] (bopt_description) StdoutLine: {'line': b'-- Up-to-date symlink: /home/jkw/bopt_ws/install/bopt_description/share/bopt_description/models/heightmap/materials/textures/MSEL_world.dae\n'}
[0.150675] (bopt_description) StdoutLine: {'line': b'-- Up-to-date symlink: /home/jkw/bopt_ws/install/bopt_description/share/bopt_description/models/heightmap/materials/textures/back_01.jpg\n'}
[0.150694] (bopt_description) StdoutLine: {'line': b'-- Up-to-date symlink: /home/jkw/bopt_ws/install/bopt_description/share/bopt_description/models/heightmap/materials/textures/empty.dae\n'}
[0.150727] (bopt_description) StdoutLine: {'line': b'-- Up-to-date symlink: /home/jkw/bopt_ws/install/bopt_description/share/bopt_description/models/heightmap/materials/textures/heightmap.png\n'}
[0.150763] (bopt_description) StdoutLine: {'line': b'-- Up-to-date symlink: /home/jkw/bopt_ws/install/bopt_description/share/bopt_description/models/heightmap/materials/textures/workshop_speed.bak.png\n'}
[0.150806] (bopt_description) StdoutLine: {'line': b'-- Up-to-date symlink: /home/jkw/bopt_ws/install/bopt_description/share/bopt_description/models/heightmap/materials/textures/workshop_speed.png\n'}
[0.150827] (bopt_description) StdoutLine: {'line': b'-- Up-to-date symlink: /home/jkw/bopt_ws/install/bopt_description/share/bopt_description/models/heightmap/model-1_2.sdf\n'}
[0.150844] (bopt_description) StdoutLine: {'line': b'-- Up-to-date symlink: /home/jkw/bopt_ws/install/bopt_description/share/bopt_description/models/heightmap/model-1_3.sdf\n'}
[0.150877] (bopt_description) StdoutLine: {'line': b'-- Up-to-date symlink: /home/jkw/bopt_ws/install/bopt_description/share/bopt_description/models/heightmap/model-1_4.sdf\n'}
[0.150935] (bopt_description) StdoutLine: {'line': b'-- Up-to-date symlink: /home/jkw/bopt_ws/install/bopt_description/share/bopt_description/models/heightmap/model.config\n'}
[0.150953] (bopt_description) StdoutLine: {'line': b'-- Up-to-date symlink: /home/jkw/bopt_ws/install/bopt_description/share/bopt_description/models/heightmap/model.sdf\n'}
[0.150971] (bopt_description) StdoutLine: {'line': b'-- Up-to-date symlink: /home/jkw/bopt_ws/install/bopt_description/share/bopt_description/models/heightmap/model2.sdf\n'}
[0.150989] (bopt_description) StdoutLine: {'line': b'-- Up-to-date symlink: /home/jkw/bopt_ws/install/bopt_description/share/bopt_description/models/safety_box/model.config\n'}
[0.151024] (bopt_description) StdoutLine: {'line': b'-- Up-to-date symlink: /home/jkw/bopt_ws/install/bopt_description/share/bopt_description/models/safety_box/model.sdf\n'}
[0.151038] (bopt_description) StdoutLine: {'line': b'-- Up-to-date symlink: /home/jkw/bopt_ws/install/bopt_description/share/bopt_description/models/testing_ground_amcl.stl\n'}
[0.151073] (bopt_description) StdoutLine: {'line': b'-- Up-to-date symlink: /home/jkw/bopt_ws/install/bopt_description/share/ament_index/resource_index/package_run_dependencies/bopt_description\n'}
[0.151120] (bopt_description) StdoutLine: {'line': b'-- Up-to-date symlink: /home/jkw/bopt_ws/install/bopt_description/share/ament_index/resource_index/parent_prefix_path/bopt_description\n'}
[0.151165] (bopt_description) StdoutLine: {'line': b'-- Up-to-date symlink: /home/jkw/bopt_ws/install/bopt_description/share/bopt_description/environment/ament_prefix_path.sh\n'}
[0.151206] (bopt_description) StdoutLine: {'line': b'-- Up-to-date symlink: /home/jkw/bopt_ws/install/bopt_description/share/bopt_description/environment/ament_prefix_path.dsv\n'}
[0.151248] (bopt_description) StdoutLine: {'line': b'-- Up-to-date symlink: /home/jkw/bopt_ws/install/bopt_description/share/bopt_description/environment/path.sh\n'}
[0.151287] (bopt_description) StdoutLine: {'line': b'-- Up-to-date symlink: /home/jkw/bopt_ws/install/bopt_description/share/bopt_description/environment/path.dsv\n'}
[0.151325] (bopt_description) StdoutLine: {'line': b'-- Up-to-date symlink: /home/jkw/bopt_ws/install/bopt_description/share/bopt_description/local_setup.bash\n'}
[0.151363] (bopt_description) StdoutLine: {'line': b'-- Up-to-date symlink: /home/jkw/bopt_ws/install/bopt_description/share/bopt_description/local_setup.sh\n'}
[0.151401] (bopt_description) StdoutLine: {'line': b'-- Up-to-date symlink: /home/jkw/bopt_ws/install/bopt_description/share/bopt_description/local_setup.zsh\n'}
[0.151438] (bopt_description) StdoutLine: {'line': b'-- Up-to-date symlink: /home/jkw/bopt_ws/install/bopt_description/share/bopt_description/local_setup.dsv\n'}
[0.151471] (bopt_description) StdoutLine: {'line': b'-- Symlinking: /home/jkw/bopt_ws/install/bopt_description/share/bopt_description/package.dsv\n'}
[0.154485] (bopt_description) StdoutLine: {'line': b'-- Up-to-date symlink: /home/jkw/bopt_ws/install/bopt_description/share/ament_index/resource_index/packages/bopt_description\n'}
[0.154520] (bopt_description) StdoutLine: {'line': b'-- Up-to-date symlink: /home/jkw/bopt_ws/install/bopt_description/share/bopt_description/cmake/bopt_descriptionConfig.cmake\n'}
[0.154553] (bopt_description) StdoutLine: {'line': b'-- Up-to-date symlink: /home/jkw/bopt_ws/install/bopt_description/share/bopt_description/cmake/bopt_descriptionConfig-version.cmake\n'}
[0.154590] (bopt_description) StdoutLine: {'line': b'-- Up-to-date symlink: /home/jkw/bopt_ws/install/bopt_description/share/bopt_description/package.xml\n'}
[0.155406] (bopt_description) CommandEnded: {'returncode': 0}
[0.161854] (bopt_description) JobEnded: {'identifier': 'bopt_description', 'rc': 0}
[0.199925] (-) TimerEvent: {}
[0.247342] (bopt_controller) Command: {'cmd': ['/usr/bin/python3', '-W', 'ignore:setup.py install is deprecated', '-W', 'ignore:easy_install command is deprecated', 'setup.py', 'egg_info', '--egg-base', '../../build/bopt_controller', 'build', '--build-base', '/home/jkw/bopt_ws/build/bopt_controller/build', 'install', '--record', '/home/jkw/bopt_ws/build/bopt_controller/install.log', '--install-scripts', '$base/lib/bopt_controller', '--single-version-externally-managed', 'install_data'], 'cwd': '/home/jkw/bopt_ws/src/bopt_controller', 'env': {'PYENV_VIRTUALENV_INIT': '1', 'GJS_DEBUG_TOPICS': 'JS ERROR;JS LOG', 'PYTHON_BASIC_REPL': '1', 'LESSOPEN': '| /usr/bin/lesspipe %s', 'LANGUAGE': 'en_IN:en', 'USER': 'jkw', 'XDG_SESSION_TYPE': 'x11', 'GIT_ASKPASS': '/home/jkw/Downloads/Antigravity IDE/resources/app/extensions/git/dist/askpass.sh', 'SHLVL': '2', 'LD_LIBRARY_PATH': '/usr/lib/x86_64-linux-gnu/gazebo-11/plugins:/opt/ros/humble/opt/rviz_ogre_vendor/lib:/opt/ros/humble/lib/x86_64-linux-gnu:/opt/ros/humble/lib', 'ANTIGRAVITY_CLI_ALIAS': 'agy-ide', 'HOME': '/home/jkw', 'CHROME_DESKTOP': 'antigravity-ide.desktop', 'OLDPWD': '/home/jkw/Downloads', 'TERM_PROGRAM_VERSION': '1.107.0', 'DESKTOP_SESSION': 'ubuntu', 'PYENV_SHELL': 'bash', 'GIO_LAUNCHED_DESKTOP_FILE': '/usr/share/applications/terminator.desktop', 'ROS_PYTHON_VERSION': '3', 'GNOME_SHELL_SESSION_MODE': 'ubuntu', 'GTK_MODULES': 'gail:atk-bridge', 'VSCODE_GIT_ASKPASS_MAIN': '/home/jkw/Downloads/Antigravity IDE/resources/app/extensions/git/dist/askpass-main.js', 'VSCODE_GIT_ASKPASS_NODE': '/home/jkw/Downloads/Antigravity IDE/antigravity-ide', 'MANAGERPID': '2197', 'PYDEVD_DISABLE_FILE_VALIDATION': '1', 'SYSTEMD_EXEC_PID': '2463', 'BUNDLED_DEBUGPY_PATH': '/home/jkw/.antigravity-ide/extensions/ms-python.debugpy-2026.6.0-linux-x64/bundled/libs/debugpy', 'VSCODE_PYTHON_AUTOACTIVATE_GUARD': '1', 'DBUS_SESSION_BUS_ADDRESS': 'unix:path=/run/user/1000/bus', 'COLORTERM': 'truecolor', 'TERMINATOR_DBUS_NAME': 'net.tenshu.Terminator23558193cd9818af7fe4d2c2f5bd9d00f', 'GIO_LAUNCHED_DESKTOP_FILE_PID': '4104', 'COLCON_PREFIX_PATH': '/home/jkw/bopt_ws/install', 'ROS_DISTRO': 'humble', 'GTK_IM_MODULE': 'ibus', 'LOGNAME': 'jkw', 'JOURNAL_STREAM': '8:19740', '_': '/usr/bin/colcon', 'ROS_VERSION': '2', 'XDG_SESSION_CLASS': 'user', 'USERNAME': 'jkw', 'TERM': 'xterm-256color', 'GNOME_DESKTOP_SESSION_ID': 'this-is-deprecated', 'FC_FONTATIONS': '1', 'ROS_LOCALHOST_ONLY': '0', 'WINDOWPATH': '2', 'PATH': '/home/jkw/.local/bin:/home/jkw/.pyenv/plugins/pyenv-virtualenv/shims:/home/jkw/.pyenv/shims:/home/jkw/.pyenv/bin:/home/jkw/.local/kitty.app/bin:/home/jkw/.local/bin:/home/jkw/.local/bin:/home/jkw/.local/bin:/home/jkw/.pyenv/plugins/pyenv-virtualenv/shims:/home/jkw/.pyenv/bin:/home/jkw/.local/kitty.app/bin:/home/jkw/.local/bin:/home/jkw/.pyenv/plugins/pyenv-virtualenv/shims:/home/jkw/.pyenv/bin:/home/jkw/.local/kitty.app/bin:/opt/ros/humble/bin:/home/jkw/.local/bin:/home/jkw/.local/bin:/usr/local/sbin:/usr/local/bin:/usr/sbin:/usr/bin:/sbin:/bin:/usr/games:/usr/local/games:/snap/bin:/snap/bin:/home/jkw/.antigravity-ide/extensions/ms-python.debugpy-2026.6.0-linux-x64/bundled/scripts/noConfigScripts', 'SESSION_MANAGER': 'local/jkw-MS-7E59:@/tmp/.ICE-unix/2440,unix/jkw-MS-7E59:/tmp/.ICE-unix/2440', 'INVOCATION_ID': '8c30bf8d52a146b180b60456610a3415', 'XDG_MENU_PREFIX': 'gnome-', 'XDG_RUNTIME_DIR': '/run/user/1000', 'GDK_BACKEND': 'x11', 'DISPLAY': ':1', 'VSCODE_DEBUGPY_ADAPTER_ENDPOINTS': '/home/jkw/.antigravity-ide/extensions/ms-python.debugpy-2026.6.0-linux-x64/.noConfigDebugAdapterEndpoints/endpoint-a434eef8644a7ac9.txt', 'TERMINATOR_DBUS_PATH': '/net/tenshu/Terminator2', 'LANG': 'en_US.UTF-8', 'XDG_CURRENT_DESKTOP': 'ubuntu:GNOME', 'PYTHONSTARTUP': '/home/jkw/.config/Antigravity IDE/User/workspaceStorage/41f3336bc77ddcef4ec35eb017ffa178/ms-python.python/pythonrc.py', 'IBUS_DISABLE_SNOOPER': '1', 'XMODIFIERS': '@im=ibus', 'XDG_SESSION_DESKTOP': 'ubuntu', 'XAUTHORITY': '/run/user/1000/gdm/Xauthority', 'LS_COLORS': 'rs=0:di=01;34:ln=01;36:mh=00:pi=40;33:so=01;35:do=01;35:bd=40;33;01:cd=40;33;01:or=40;31;01:mi=00:su=37;41:sg=30;43:ca=30;41:tw=30;42:ow=34;42:st=37;44:ex=01;32:*.tar=01;31:*.tgz=01;31:*.arc=01;31:*.arj=01;31:*.taz=01;31:*.lha=01;31:*.lz4=01;31:*.lzh=01;31:*.lzma=01;31:*.tlz=01;31:*.txz=01;31:*.tzo=01;31:*.t7z=01;31:*.zip=01;31:*.z=01;31:*.dz=01;31:*.gz=01;31:*.lrz=01;31:*.lz=01;31:*.lzo=01;31:*.xz=01;31:*.zst=01;31:*.tzst=01;31:*.bz2=01;31:*.bz=01;31:*.tbz=01;31:*.tbz2=01;31:*.tz=01;31:*.deb=01;31:*.rpm=01;31:*.jar=01;31:*.war=01;31:*.ear=01;31:*.sar=01;31:*.rar=01;31:*.alz=01;31:*.ace=01;31:*.zoo=01;31:*.cpio=01;31:*.7z=01;31:*.rz=01;31:*.cab=01;31:*.wim=01;31:*.swm=01;31:*.dwm=01;31:*.esd=01;31:*.jpg=01;35:*.jpeg=01;35:*.mjpg=01;35:*.mjpeg=01;35:*.gif=01;35:*.bmp=01;35:*.pbm=01;35:*.pgm=01;35:*.ppm=01;35:*.tga=01;35:*.xbm=01;35:*.xpm=01;35:*.tif=01;35:*.tiff=01;35:*.png=01;35:*.svg=01;35:*.svgz=01;35:*.mng=01;35:*.pcx=01;35:*.mov=01;35:*.mpg=01;35:*.mpeg=01;35:*.m2v=01;35:*.mkv=01;35:*.webm=01;35:*.webp=01;35:*.ogm=01;35:*.mp4=01;35:*.m4v=01;35:*.mp4v=01;35:*.vob=01;35:*.qt=01;35:*.nuv=01;35:*.wmv=01;35:*.asf=01;35:*.rm=01;35:*.rmvb=01;35:*.flc=01;35:*.avi=01;35:*.fli=01;35:*.flv=01;35:*.gl=01;35:*.dl=01;35:*.xcf=01;35:*.xwd=01;35:*.yuv=01;35:*.cgm=01;35:*.emf=01;35:*.ogv=01;35:*.ogx=01;35:*.aac=00;36:*.au=00;36:*.flac=00;36:*.m4a=00;36:*.mid=00;36:*.midi=00;36:*.mka=00;36:*.mp3=00;36:*.mpc=00;36:*.ogg=00;36:*.ra=00;36:*.wav=00;36:*.oga=00;36:*.opus=00;36:*.spx=00;36:*.xspf=00;36:', 'VSCODE_GIT_IPC_HANDLE': '/run/user/1000/vscode-git-2b1d280fd0.sock', 'TERM_PROGRAM': 'vscode', 'SSH_AGENT_LAUNCHER': 'gnome-keyring', 'SSH_AUTH_SOCK': '/run/user/1000/keyring/ssh', 'AMENT_PREFIX_PATH': '/home/jkw/bopt_ws/install/bopt_description:/home/jkw/bopt_ws/install/bopt_controller:/opt/ros/humble', 'SHELL': '/bin/bash', 'TERMINATOR_UUID': 'urn:uuid:c85302b2-0b68-4259-8c68-1fbd02900cfe', 'QT_ACCESSIBILITY': '1', 'GDMSESSION': 'ubuntu', 'LESSCLOSE': '/usr/bin/lesspipe %s %s', 'GPG_AGENT_INFO': '/run/user/1000/gnupg/S.gpg-agent:0:1', 'GJS_DEBUG_OUTPUT': 'stderr', 'VSCODE_GIT_ASKPASS_EXTRA_ARGS': '', 'QT_IM_MODULE': 'ibus', 'PWD': '/home/jkw/bopt_ws/build/bopt_controller', 'LC_ALL': 'en_US.UTF-8', 'XDG_CONFIG_DIRS': '/etc/xdg/xdg-ubuntu:/etc/xdg', 'PYENV_ROOT': '/home/jkw/.pyenv', 'XDG_DATA_DIRS': '/usr/share/ubuntu:/usr/share/gnome:/usr/local/share/:/usr/share/:/var/lib/snapd/desktop', 'PYTHONPATH': '/home/jkw/bopt_ws/build/bopt_controller/prefix_override:/usr/lib/python3/dist-packages/colcon_core/task/python/colcon_distutils_commands:/home/jkw/bopt_ws/install/bopt_controller/lib/python3.10/site-packages:/home/jkw/bopt_ws/install/bopt_controller/lib/python3.10/site-packages:/opt/ros/humble/lib/python3.10/site-packages:/opt/ros/humble/local/lib/python3.10/dist-packages', 'COLCON': '1', 'VTE_VERSION': '6800', 'CMAKE_PREFIX_PATH': '/home/jkw/bopt_ws/install/bopt_description'}, 'shell': False}
[0.300006] (-) TimerEvent: {}
[0.337535] (bopt_controller) StdoutLine: {'line': b'running egg_info\n'}
[0.337785] (bopt_controller) StdoutLine: {'line': b'writing ../../build/bopt_controller/bopt_controller.egg-info/PKG-INFO\n'}
[0.337892] (bopt_controller) StdoutLine: {'line': b'writing dependency_links to ../../build/bopt_controller/bopt_controller.egg-info/dependency_links.txt\n'}
[0.337971] (bopt_controller) StdoutLine: {'line': b'writing entry points to ../../build/bopt_controller/bopt_controller.egg-info/entry_points.txt\n'}
[0.338008] (bopt_controller) StdoutLine: {'line': b'writing requirements to ../../build/bopt_controller/bopt_controller.egg-info/requires.txt\n'}
[0.338040] (bopt_controller) StdoutLine: {'line': b'writing top-level names to ../../build/bopt_controller/bopt_controller.egg-info/top_level.txt\n'}
[0.338573] (bopt_controller) StdoutLine: {'line': b"reading manifest file '../../build/bopt_controller/bopt_controller.egg-info/SOURCES.txt'\n"}
[0.338926] (bopt_controller) StdoutLine: {'line': b"writing manifest file '../../build/bopt_controller/bopt_controller.egg-info/SOURCES.txt'\n"}
[0.338966] (bopt_controller) StdoutLine: {'line': b'running build\n'}
[0.338985] (bopt_controller) StdoutLine: {'line': b'running build_py\n'}
[0.339019] (bopt_controller) StdoutLine: {'line': b'copying bopt_controller/controller_node.py -> /home/jkw/bopt_ws/build/bopt_controller/build/lib/bopt_controller\n'}
[0.339148] (bopt_controller) StdoutLine: {'line': b'running install\n'}
[0.339273] (bopt_controller) StdoutLine: {'line': b'running install_lib\n'}
[0.339511] (bopt_controller) StdoutLine: {'line': b'copying /home/jkw/bopt_ws/build/bopt_controller/build/lib/bopt_controller/controller_node.py -> /home/jkw/bopt_ws/install/bopt_controller/lib/python3.10/site-packages/bopt_controller\n'}
[0.339746] (bopt_controller) StdoutLine: {'line': b'byte-compiling /home/jkw/bopt_ws/install/bopt_controller/lib/python3.10/site-packages/bopt_controller/controller_node.py to controller_node.cpython-310.pyc\n'}
[0.340282] (bopt_controller) StdoutLine: {'line': b'running install_data\n'}
[0.340328] (bopt_controller) StdoutLine: {'line': b'running install_egg_info\n'}
[0.341001] (bopt_controller) StdoutLine: {'line': b"removing '/home/jkw/bopt_ws/install/bopt_controller/lib/python3.10/site-packages/bopt_controller-0.0.0-py3.10.egg-info' (and everything under it)\n"}
[0.341126] (bopt_controller) StdoutLine: {'line': b'Copying ../../build/bopt_controller/bopt_controller.egg-info to /home/jkw/bopt_ws/install/bopt_controller/lib/python3.10/site-packages/bopt_controller-0.0.0-py3.10.egg-info\n'}
[0.341345] (bopt_controller) StdoutLine: {'line': b'running install_scripts\n'}
[0.349277] (bopt_controller) StdoutLine: {'line': b'Installing bopt_controller script to /home/jkw/bopt_ws/install/bopt_controller/lib/bopt_controller\n'}
[0.349344] (bopt_controller) StdoutLine: {'line': b'Installing bopt_keyboard script to /home/jkw/bopt_ws/install/bopt_controller/lib/bopt_controller\n'}
[0.349453] (bopt_controller) StdoutLine: {'line': b"writing list of installed files to '/home/jkw/bopt_ws/build/bopt_controller/install.log'\n"}
[0.359364] (bopt_controller) CommandEnded: {'returncode': 0}
[0.361723] (bopt_controller) JobEnded: {'identifier': 'bopt_controller', 'rc': 0}
[0.362038] (-) EventReactorShutdown: {}
